  0
SECTION
  2
HEADER
  9
$ACADVER
  1
AC1021
  9
$ACADMAINTVER
 70
    25
  9
$DWGCODEPAGE
  3
ANSI_1252
  9
$LASTSAVEDBY
  1
yg
  9
$INSBASE
 10
0.0
 20
0.0
 30
0.0
  9
$EXTMIN
 10
79.98644259518683
 20
-11.1928365634724
 30
0.0
  9
$EXTMAX
 10
103.7984189735893
 20
6.5557867661168
 30
0.0
  9
$LIMMIN
 10
0.0
 20
0.0
  9
$LIMMAX
 10
12.0
 20
9.0
  9
$ORTHOMODE
 70
     0
  9
$REGENMODE
 70
     1
  9
$FILLMODE
 70
     1
  9
$QTEXTMODE
 70
     0
  9
$MIRRTEXT
 70
     1
  9
$LTSCALE
 40
1.0
  9
$ATTMODE
 70
     1
  9
$TEXTSIZE
 40
0.2
  9
$TRACEWID
 40
0.05
  9
$TEXTSTYLE
  7
Standard
  9
$CLAYER
  8
0
  9
$CELTYPE
  6
ByLayer
  9
$CECOLOR
 62
   256
  9
$CELTSCALE
 40
1.0
  9
$DISPSILH
 70
     0
  9
$DIMSCALE
 40
1.0
  9
$DIMASZ
 40
0.18
  9
$DIMEXO
 40
0.0625
  9
$DIMDLI
 40
0.38
  9
$DIMRND
 40
0.0
  9
$DIMDLE
 40
0.0
  9
$DIMEXE
 40
0.18
  9
$DIMTP
 40
0.0
  9
$DIMTM
 40
0.0
  9
$DIMTXT
 40
0.18
  9
$DIMCEN
 40
0.09
  9
$DIMTSZ
 40
0.0
  9
$DIMTOL
 70
     0
  9
$DIMLIM
 70
     0
  9
$DIMTIH
 70
     1
  9
$DIMTOH
 70
     1
  9
$DIMSE1
 70
     0
  9
$DIMSE2
 70
     0
  9
$DIMTAD
 70
     0
  9
$DIMZIN
 70
     0
  9
$DIMBLK
  1

  9
$DIMASO
 70
     1
  9
$DIMSHO
 70
     1
  9
$DIMPOST
  1

  9
$DIMAPOST
  1

  9
$DIMALT
 70
     0
  9
$DIMALTD
 70
     2
  9
$DIMALTF
 40
25.4
  9
$DIMLFAC
 40
1.0
  9
$DIMTOFL
 70
     0
  9
$DIMTVP
 40
0.0
  9
$DIMTIX
 70
     0
  9
$DIMSOXD
 70
     0
  9
$DIMSAH
 70
     0
  9
$DIMBLK1
  1

  9
$DIMBLK2
  1

  9
$DIMSTYLE
  2
STANDARD_ACAD
  9
$DIMCLRD
 70
     0
  9
$DIMCLRE
 70
     0
  9
$DIMCLRT
 70
     0
  9
$DIMTFAC
 40
1.0
  9
$DIMGAP
 40
0.09
  9
$DIMJUST
 70
     0
  9
$DIMSD1
 70
     0
  9
$DIMSD2
 70
     0
  9
$DIMTOLJ
 70
     1
  9
$DIMTZIN
 70
     0
  9
$DIMALTZ
 70
     0
  9
$DIMALTTZ
 70
     0
  9
$DIMUPT
 70
     0
  9
$DIMDEC
 70
     4
  9
$DIMTDEC
 70
     4
  9
$DIMALTU
 70
     2
  9
$DIMALTTD
 70
     2
  9
$DIMTXSTY
  7
Standard
  9
$DIMAUNIT
 70
     0
  9
$DIMADEC
 70
     0
  9
$DIMALTRND
 40
0.0
  9
$DIMAZIN
 70
     0
  9
$DIMDSEP
 70
    46
  9
$DIMATFIT
 70
     3
  9
$DIMFRAC
 70
     0
  9
$DIMLDRBLK
  1

  9
$DIMLUNIT
 70
     2
  9
$DIMLWD
 70
    -2
  9
$DIMLWE
 70
    -2
  9
$DIMTMOVE
 70
     2
  9
$DIMFXL
 40
1.0
  9
$DIMFXLON
 70
     0
  9
$DIMJOGANG
 40
0.7853981633974483
  9
$DIMTFILL
 70
     0
  9
$DIMTFILLCLR
 70
     0
  9
$DIMARCSYM
 70
     0
  9
$DIMLTYPE
  6

  9
$DIMLTEX1
  6

  9
$DIMLTEX2
  6

  9
$LUNITS
 70
     2
  9
$LUPREC
 70
     3
  9
$SKETCHINC
 40
0.1
  9
$FILLETRAD
 40
0.0
  9
$AUNITS
 70
     0
  9
$AUPREC
 70
     0
  9
$MENU
  1
.
  9
$ELEVATION
 40
0.0
  9
$PELEVATION
 40
0.0
  9
$THICKNESS
 40
0.0
  9
$LIMCHECK
 70
     0
  9
$CHAMFERA
 40
0.0
  9
$CHAMFERB
 40
0.0
  9
$CHAMFERC
 40
0.0
  9
$CHAMFERD
 40
0.0
  9
$SKPOLY
 70
     0
  9
$TDCREATE
 40
2461233.582142431
  9
$TDUCREATE
 40
2461233.248809098
  9
$TDUPDATE
 40
2461233.582155208
  9
$TDUUPDATE
 40
2461233.248821875
  9
$TDINDWG
 40
0.0000000116
  9
$TDUSRTIMER
 40
0.0000000116
  9
$USRTIMER
 70
     1
  9
$ANGBASE
 50
0.0
  9
$ANGDIR
 70
     0
  9
$PDMODE
 70
     0
  9
$PDSIZE
 40
0.0
  9
$PLINEWID
 40
0.0
  9
$SPLFRAME
 70
     0
  9
$SPLINETYPE
 70
     6
  9
$SPLINESEGS
 70
     8
  9
$HANDSEED
  5
2D4
  9
$SURFTAB1
 70
     6
  9
$SURFTAB2
 70
     6
  9
$SURFTYPE
 70
     6
  9
$SURFU
 70
     6
  9
$SURFV
 70
     6
  9
$UCSBASE
  2

  9
$UCSNAME
  2

  9
$UCSORG
 10
0.0
 20
0.0
 30
0.0
  9
$UCSXDIR
 10
1.0
 20
0.0
 30
0.0
  9
$UCSYDIR
 10
0.0
 20
1.0
 30
0.0
  9
$UCSORTHOREF
  2

  9
$UCSORTHOVIEW
 70
     0
  9
$UCSORGTOP
 10
0.0
 20
0.0
 30
0.0
  9
$UCSORGBOTTOM
 10
0.0
 20
0.0
 30
0.0
  9
$UCSORGLEFT
 10
0.0
 20
0.0
 30
0.0
  9
$UCSORGRIGHT
 10
0.0
 20
0.0
 30
0.0
  9
$UCSORGFRONT
 10
0.0
 20
0.0
 30
0.0
  9
$UCSORGBACK
 10
0.0
 20
0.0
 30
0.0
  9
$PUCSBASE
  2

  9
$PUCSNAME
  2

  9
$PUCSORG
 10
0.0
 20
0.0
 30
0.0
  9
$PUCSXDIR
 10
1.0
 20
0.0
 30
0.0
  9
$PUCSYDIR
 10
0.0
 20
1.0
 30
0.0
  9
$PUCSORTHOREF
  2

  9
$PUCSORTHOVIEW
 70
     0
  9
$PUCSORGTOP
 10
0.0
 20
0.0
 30
0.0
  9
$PUCSORGBOTTOM
 10
0.0
 20
0.0
 30
0.0
  9
$PUCSORGLEFT
 10
0.0
 20
0.0
 30
0.0
  9
$PUCSORGRIGHT
 10
0.0
 20
0.0
 30
0.0
  9
$PUCSORGFRONT
 10
0.0
 20
0.0
 30
0.0
  9
$PUCSORGBACK
 10
0.0
 20
0.0
 30
0.0
  9
$USERI1
 70
     0
  9
$USERI2
 70
     0
  9
$USERI3
 70
     0
  9
$USERI4
 70
     0
  9
$USERI5
 70
     0
  9
$USERR1
 40
0.0
  9
$USERR2
 40
0.0
  9
$USERR3
 40
0.0
  9
$USERR4
 40
0.0
  9
$USERR5
 40
0.0
  9
$WORLDVIEW
 70
     1
  9
$SHADEDGE
 70
     3
  9
$SHADEDIF
 70
    70
  9
$TILEMODE
 70
     1
  9
$MAXACTVP
 70
    64
  9
$PINSBASE
 10
0.0
 20
0.0
 30
0.0
  9
$PLIMCHECK
 70
     0
  9
$PEXTMIN
 10
1.000000000000000E+20
 20
1.000000000000000E+20
 30
1.000000000000000E+20
  9
$PEXTMAX
 10
-1.000000000000000E+20
 20
-1.000000000000000E+20
 30
-1.000000000000000E+20
  9
$PLIMMIN
 10
0.0
 20
0.0
  9
$PLIMMAX
 10
12.0
 20
9.0
  9
$UNITMODE
 70
     0
  9
$VISRETAIN
 70
     1
  9
$PLINEGEN
 70
     0
  9
$PSLTSCALE
 70
     1
  9
$TREEDEPTH
 70
  3020
  9
$CMLSTYLE
  2
Standard
  9
$CMLJUST
 70
     0
  9
$CMLSCALE
 40
1.0
  9
$PROXYGRAPHICS
 70
     1
  9
$MEASUREMENT
 70
     1
  9
$CELWEIGHT
370
    -1
  9
$ENDCAPS
280
     0
  9
$JOINSTYLE
280
     0
  9
$LWDISPLAY
290
     0
  9
$INSUNITS
 70
     6
  9
$HYPERLINKBASE
  1

  9
$STYLESHEET
  1

  9
$XEDIT
290
     1
  9
$CEPSNTYPE
380
     0
  9
$PSTYLEMODE
290
     1
  9
$FINGERPRINTGUID
  2
{25a1e741-b255-4b26-901c-3227cf3cac9d}
  9
$VERSIONGUID
  2
{FAEB1C32-E019-11D5-929B-00C0DF256EC4}
  9
$EXTNAMES
290
     1
  9
$PSVPSCALE
 40
0.0
  9
$OLESTARTUP
290
     0
  9
$SORTENTS
280
   127
  9
$INDEXCTL
280
     0
  9
$HIDETEXT
280
     1
  9
$XCLIPFRAME
290
     0
  9
$HALOGAP
280
     0
  9
$OBSCOLOR
 70
   257
  9
$OBSLTYPE
280
     0
  9
$INTERSECTIONDISPLAY
280
     0
  9
$INTERSECTIONCOLOR
 70
   257
  9
$DIMASSOC
280
     2
  9
$PROJECTNAME
  1

  9
$CAMERADISPLAY
290
     0
  9
$LENSLENGTH
 40
50.0
  9
$CAMERAHEIGHT
 40
0.0
  9
$STEPSPERSEC
 40
2.0
  9
$STEPSIZE
 40
6.0
  9
$3DDWFPREC
 40
2.0
  9
$PSOLWIDTH
 40
0.25
  9
$PSOLHEIGHT
 40
4.0
  9
$LOFTANG1
 40
1.570796326794897
  9
$LOFTANG2
 40
1.570796326794897
  9
$LOFTMAG1
 40
0.0
  9
$LOFTMAG2
 40
0.0
  9
$LOFTPARAM
 70
     7
  9
$LOFTNORMALS
280
     1
  9
$LATITUDE
 40
37.795
  9
$LONGITUDE
 40
-122.394
  9
$NORTHDIRECTION
 40
0.0
  9
$TIMEZONE
 70
 -8000
  9
$LIGHTGLYPHDISPLAY
280
     1
  9
$TILEMODELIGHTSYNCH
280
     1
  9
$CMATERIAL
347
44
  9
$SOLIDHIST
280
     0
  9
$SHOWHIST
280
     1
  9
$DWFFRAME
280
     2
  9
$DGNFRAME
280
     2
  9
$REALWORLDSCALE
290
     1
  9
$INTERFERECOLOR
 62
   256
  9
$CSHADOW
280
     0
  9
$SHADOWPLANELOCATION
 40
0.0
  0
ENDSEC
  0
SECTION
  2
CLASSES
  0
CLASS
  1
ACDBDICTIONARYWDFLT
  2
AcDbDictionaryWithDefault
  3
ObjectDBX Classes
 90
        0
 91
        3
280
     0
281
     0
  0
CLASS
  1
VISUALSTYLE
  2
AcDbVisualStyle
  3
ObjectDBX Classes
 90
     4095
 91
        3
280
     0
281
     0
  0
CLASS
  1
MATERIAL
  2
AcDbMaterial
  3
ObjectDBX Classes
 90
     1153
 91
        3
280
     0
281
     0
  0
CLASS
  1
SCALE
  2
AcDbScale
  3
ObjectDBX Classes
 90
     1153
 91
        3
280
     0
281
     0
  0
CLASS
  1
TABLESTYLE
  2
AcDbTableStyle
  3
ObjectDBX Classes
 90
     4095
 91
        3
280
     0
281
     0
  0
CLASS
  1
MLEADERSTYLE
  2
AcDbMLeaderStyle
  3
ACDB_MLEADERSTYLE_CLASS
 90
     4095
 91
        3
280
     0
281
     0
  0
CLASS
  1
SUN
  2
AcDbSun
  3
SCENEOE
 90
     1153
 91
        3
280
     0
281
     0
  0
CLASS
  1
DICTIONARYVAR
  2
AcDbDictionaryVar
  3
ObjectDBX Classes
 90
        0
 91
        3
280
     0
281
     0
  0
CLASS
  1
CELLSTYLEMAP
  2
AcDbCellStyleMap
  3
ObjectDBX Classes
 90
     1152
 91
        3
280
     0
281
     0
  0
ENDSEC
  0
SECTION
  2
TABLES
  0
TABLE
  2
VPORT
  5
8
330
0
100
AcDbSymbolTable
 70
     1
  0
VPORT
  5
29
330
8
100
AcDbSymbolTableRecord
100
AcDbViewportTableRecord
  2
*Active
 70
     0
 10
0.0
 20
0.0
 11
1.0
 21
1.0
 12
10.42990654205607
 22
4.5
 13
0.0
 23
0.0
 14
0.5
 24
0.5
 15
0.5
 25
0.5
 16
0.0
 26
0.0
 36
1.0
 17
0.0
 27
0.0
 37
0.0
 40
9.0
 41
1.972972972850329
 42
50.0
 43
0.0
 44
0.0
 50
0.0
 51
0.0
 71
     0
 72
   100
 73
     1
 74
     3
 75
     0
 76
     0
 77
     0
 78
     0
281
     0
 65
     1
110
0.0
120
0.0
130
0.0
111
1.0
121
0.0
131
0.0
112
0.0
122
1.0
132
0.0
 79
     0
146
0.0
348
2F
 60
     3
 61
     5
292
     1
282
     1
141
0.0
142
0.0
 63
   250
361
5D
  0
ENDTAB
  0
TABLE
  2
LTYPE
  5
5
330
0
100
AcDbSymbolTable
 70
     2
  0
LTYPE
  5
14
330
5
100
AcDbSymbolTableRecord
100
AcDbLinetypeTableRecord
  2
ByBlock
 70
     0
  3

 72
    65
 73
     0
 40
0.0
  0
LTYPE
  5
15
330
5
100
AcDbSymbolTableRecord
100
AcDbLinetypeTableRecord
  2
ByLayer
 70
     0
  3

 72
    65
 73
     0
 40
0.0
  0
LTYPE
  5
16
330
5
100
AcDbSymbolTableRecord
100
AcDbLinetypeTableRecord
  2
Continuous
 70
     0
  3
Solid line
 72
    65
 73
     0
 40
0.0
  0
LTYPE
  5
72
330
5
100
AcDbSymbolTableRecord
100
AcDbLinetypeTableRecord
  2
Dashed
 70
     0
  3

 72
    65
 73
     2
 40
0.01
 49
0.005
 74
     0
 49
-0.005
 74
     0
  0
ENDTAB
  0
TABLE
  2
LAYER
  5
2
330
0
100
AcDbSymbolTable
 70
     5
  0
LAYER
  5
10
330
2
100
AcDbSymbolTableRecord
100
AcDbLayerTableRecord
  2
0
 70
     0
 62
     7
  6
Continuous
370
    -3
390
F
347
46
  0
LAYER
  5
5F
330
2
100
AcDbSymbolTableRecord
100
AcDbLayerTableRecord
  2
墙体
 70
     0
 62
     1
420
 16711680
  6
Continuous
370
    -3
390
F
347
46
  0
LAYER
  5
73
330
2
100
AcDbSymbolTableRecord
100
AcDbLayerTableRecord
  2
虚线
 70
     0
 62
     7
  6
Dashed
370
    -3
390
F
347
46
  0
LAYER
  5
8C
330
2
100
AcDbSymbolTableRecord
100
AcDbLayerTableRecord
  2
桌子
 70
     0
 62
   100
420
    65330
  6
Continuous
370
    -3
390
F
347
46
  0
LAYER
  5
F3
330
2
100
AcDbSymbolTableRecord
100
AcDbLayerTableRecord
  2
椅子
 70
     0
 62
   160
420
    19711
  6
Continuous
370
    -3
390
F
347
46
  0
ENDTAB
  0
TABLE
  2
STYLE
  5
3
330
0
100
AcDbSymbolTable
 70
     1
  0
STYLE
  5
11
330
3
100
AcDbSymbolTableRecord
100
AcDbTextStyleTableRecord
  2
Standard
 70
     0
 40
0.0
 41
1.0
 50
0.0
 71
     0
 42
0.2
  3
txt
  4

  0
ENDTAB
  0
TABLE
  2
VIEW
  5
6
330
0
100
AcDbSymbolTable
 70
     0
  0
ENDTAB
  0
TABLE
  2
UCS
  5
7
330
0
100
AcDbSymbolTable
 70
     0
  0
ENDTAB
  0
TABLE
  2
APPID
  5
9
330
0
100
AcDbSymbolTable
 70
     3
  0
APPID
  5
12
330
9
100
AcDbSymbolTableRecord
100
AcDbRegAppTableRecord
  2
ACAD
 70
     0
  0
APPID
  5
5E
330
9
100
AcDbSymbolTableRecord
100
AcDbRegAppTableRecord
  2
Rhino
 70
     0
  0
APPID
  5
2CC
330
9
100
AcDbSymbolTableRecord
100
AcDbRegAppTableRecord
  2
ACAD_MLEADERVER
 70
     0
  0
ENDTAB
  0
TABLE
  2
DIMSTYLE
  5
A
330
0
100
AcDbSymbolTable
 70
     1
100
AcDbDimStyleTable
  0
DIMSTYLE
105
27
330
A
100
AcDbSymbolTableRecord
100
AcDbDimStyleTableRecord
  2
STANDARD_ACAD
 70
     0
178
     0
340
11
  0
ENDTAB
  0
TABLE
  2
BLOCK_RECORD
  5
1
330
0
100
AcDbSymbolTable
 70
     1
  0
BLOCK_RECORD
  5
1F
330
1
100
AcDbSymbolTableRecord
100
AcDbBlockTableRecord
  2
*Model_Space
340
22
 70
     0
280
     1
281
     0
  0
BLOCK_RECORD
  5
1B
330
1
100
AcDbSymbolTableRecord
100
AcDbBlockTableRecord
  2
*Paper_Space
340
1E
 70
     0
280
     1
281
     0
  0
BLOCK_RECORD
  5
23
330
1
100
AcDbSymbolTableRecord
100
AcDbBlockTableRecord
  2
*Paper_Space0
340
26
 70
     0
280
     1
281
     0
  0
ENDTAB
  0
ENDSEC
  0
SECTION
  2
BLOCKS
  0
BLOCK
  5
20
330
1F
100
AcDbEntity
  8
0
100
AcDbBlockBegin
  2
*Model_Space
 70
     0
 10
0.0
 20
0.0
 30
0.0
  3
*Model_Space
  1

  0
ENDBLK
  5
21
330
1F
100
AcDbEntity
  8
0
100
AcDbBlockEnd
  0
BLOCK
  5
1C
330
1B
100
AcDbEntity
 67
     1
  8
0
100
AcDbBlockBegin
  2
*Paper_Space
 70
     0
 10
0.0
 20
0.0
 30
0.0
  3
*Paper_Space
  1

  0
ENDBLK
  5
1D
330
1B
100
AcDbEntity
 67
     1
  8
0
100
AcDbBlockEnd
  0
BLOCK
  5
24
330
23
100
AcDbEntity
  8
0
100
AcDbBlockBegin
  2
*Paper_Space0
 70
     0
 10
0.0
 20
0.0
 30
0.0
  3
*Paper_Space0
  1

  0
ENDBLK
  5
25
330
23
100
AcDbEntity
  8
0
100
AcDbBlockEnd
  0
ENDSEC
  0
SECTION
  2
ENTITIES
  0
POLYLINE
  5
60
330
1F
100
AcDbEntity
  8
墙体
100
AcDb2dPolyline
 66
     1
 10
0.0
 20
0.0
 30
0.0
 70
     1
  0
VERTEX
  5
61
330
60
100
AcDbEntity
  8
墙体
100
AcDbVertex
100
AcDb2dVertex
 10
103.5984189735893
 20
-8.843893728225098
 30
0.0
  0
VERTEX
  5
62
330
60
100
AcDbEntity
  8
墙体
100
AcDbVertex
100
AcDb2dVertex
 10
103.7984189735893
 20
-8.843893728225098
 30
0.0
  0
VERTEX
  5
63
330
60
100
AcDbEntity
  8
墙体
100
AcDbVertex
100
AcDb2dVertex
 10
103.7984189735893
 20
-9.043893728225097
 30
0.0
  0
VERTEX
  5
64
330
60
100
AcDbEntity
  8
墙体
100
AcDbVertex
100
AcDb2dVertex
 10
103.5984189735893
 20
-9.043893728225097
 30
0.0
  0
SEQEND
  5
65
330
60
100
AcDbEntity
  8
墙体
  0
POLYLINE
  5
66
330
1F
100
AcDbEntity
  8
墙体
100
AcDb2dPolyline
 66
     1
 10
0.0
 20
0.0
 30
0.0
 70
     1
  0
VERTEX
  5
67
330
66
100
AcDbEntity
  8
墙体
100
AcDbVertex
100
AcDb2dVertex
 10
99.29841897358935
 20
-10.5928365634724
 30
0.0
  0
VERTEX
  5
68
330
66
100
AcDbEntity
  8
墙体
100
AcDbVertex
100
AcDb2dVertex
 10
99.49841897358935
 20
-10.5928365634724
 30
0.0
  0
VERTEX
  5
69
330
66
100
AcDbEntity
  8
墙体
100
AcDbVertex
100
AcDb2dVertex
 10
99.49841897358935
 20
-11.1928365634724
 30
0.0
  0
VERTEX
  5
6A
330
66
100
AcDbEntity
  8
墙体
100
AcDbVertex
100
AcDb2dVertex
 10
99.29841897358935
 20
-11.1928365634724
 30
0.0
  0
SEQEND
  5
6B
330
66
100
AcDbEntity
  8
墙体
  0
POLYLINE
  5
6C
330
1F
100
AcDbEntity
  8
墙体
100
AcDb2dPolyline
 66
     1
 10
0.0
 20
0.0
 30
0.0
 70
     1
  0
VERTEX
  5
6D
330
6C
100
AcDbEntity
  8
墙体
100
AcDbVertex
100
AcDb2dVertex
 10
90.78969238447982
 20
-10.5928365634724
 30
0.0
  0
VERTEX
  5
6E
330
6C
100
AcDbEntity
  8
墙体
100
AcDbVertex
100
AcDb2dVertex
 10
90.98969238447981
 20
-10.5928365634724
 30
0.0
  0
VERTEX
  5
6F
330
6C
100
AcDbEntity
  8
墙体
100
AcDbVertex
100
AcDb2dVertex
 10
90.98969238447981
 20
-11.1928365634724
 30
0.0
  0
VERTEX
  5
70
330
6C
100
AcDbEntity
  8
墙体
100
AcDbVertex
100
AcDb2dVertex
 10
90.78969238447982
 20
-11.1928365634724
 30
0.0
  0
SEQEND
  5
71
330
6C
100
AcDbEntity
  8
墙体
  0
POLYLINE
  5
74
330
1F
100
AcDbEntity
  8
虚线
100
AcDb2dPolyline
 66
     1
 10
0.0
 20
0.0
 30
0.0
 70
     1
  0
VERTEX
  5
75
330
74
100
AcDbEntity
  8
虚线
100
AcDbVertex
100
AcDb2dVertex
 10
99.49841897358935
 20
-8.8438937282251
 30
0.0
  0
VERTEX
  5
76
330
74
100
AcDbEntity
  8
虚线
100
AcDbVertex
100
AcDb2dVertex
 10
103.5984189735893
 20
-8.843893728225098
 30
0.0
  0
VERTEX
  5
77
330
74
100
AcDbEntity
  8
虚线
100
AcDbVertex
100
AcDb2dVertex
 10
103.5984189735893
 20
-9.043893728225097
 30
0.0
  0
VERTEX
  5
78
330
74
100
AcDbEntity
  8
虚线
100
AcDbVertex
100
AcDb2dVertex
 10
99.49841897358935
 20
-9.043893728225099
 30
0.0
  0
SEQEND
  5
79
330
74
100
AcDbEntity
  8
虚线
  0
POLYLINE
  5
7A
330
1F
100
AcDbEntity
  8
虚线
100
AcDb2dPolyline
 66
     1
 10
0.0
 20
0.0
 30
0.0
 70
     1
  0
VERTEX
  5
7B
330
7A
100
AcDbEntity
  8
虚线
100
AcDbVertex
100
AcDb2dVertex
 10
82.68644259518683
 20
-8.843893728225098
 30
0.0
  0
VERTEX
  5
7C
330
7A
100
AcDbEntity
  8
虚线
100
AcDbVertex
100
AcDb2dVertex
 10
84.48644259518683
 20
-8.843893728225098
 30
0.0
  0
VERTEX
  5
7D
330
7A
100
AcDbEntity
  8
虚线
100
AcDbVertex
100
AcDb2dVertex
 10
84.48644259518683
 20
-9.043893728225097
 30
0.0
  0
VERTEX
  5
7E
330
7A
100
AcDbEntity
  8
虚线
100
AcDbVertex
100
AcDb2dVertex
 10
82.68644259518683
 20
-9.043893728225097
 30
0.0
  0
SEQEND
  5
7F
330
7A
100
AcDbEntity
  8
虚线
  0
POLYLINE
  5
80
330
1F
100
AcDbEntity
  8
虚线
100
AcDb2dPolyline
 66
     1
 10
0.0
 20
0.0
 30
0.0
 70
     1
  0
VERTEX
  5
81
330
80
100
AcDbEntity
  8
虚线
100
AcDbVertex
100
AcDb2dVertex
 10
80.18644259518683
 20
-7.443893728225097
 30
0.0
  0
VERTEX
  5
82
330
80
100
AcDbEntity
  8
虚线
100
AcDbVertex
100
AcDb2dVertex
 10
80.18644259518683
 20
-6.243893728225097
 30
0.0
  0
VERTEX
  5
83
330
80
100
AcDbEntity
  8
虚线
100
AcDbVertex
100
AcDb2dVertex
 10
79.98644259518683
 20
-6.243893728225097
 30
0.0
  0
VERTEX
  5
84
330
80
100
AcDbEntity
  8
虚线
100
AcDbVertex
100
AcDb2dVertex
 10
79.98644259518683
 20
-7.443893728225097
 30
0.0
  0
SEQEND
  5
85
330
80
100
AcDbEntity
  8
虚线
  0
POLYLINE
  5
86
330
1F
100
AcDbEntity
  8
墙体
100
AcDb2dPolyline
 66
     1
 10
0.0
 20
0.0
 30
0.0
 70
     1
  0
VERTEX
  5
87
330
86
100
AcDbEntity
  8
墙体
100
AcDbVertex
100
AcDb2dVertex
 10
99.29841897358935
 20
-10.9928365634724
 30
0.0
  0
VERTEX
  5
88
330
86
100
AcDbEntity
  8
墙体
100
AcDbVertex
100
AcDb2dVertex
 10
90.98969238447981
 20
-10.9928365634724
 30
0.0
  0
VERTEX
  5
89
330
86
100
AcDbEntity
  8
墙体
100
AcDbVertex
100
AcDb2dVertex
 10
90.98969238447981
 20
-11.1928365634724
 30
0.0
  0
VERTEX
  5
8A
330
86
100
AcDbEntity
  8
墙体
100
AcDbVertex
100
AcDb2dVertex
 10
99.29841897358935
 20
-11.1928365634724
 30
0.0
  0
SEQEND
  5
8B
330
86
100
AcDbEntity
  8
墙体
  0
POLYLINE
  5
8D
330
1F
100
AcDbEntity
  8
桌子
100
AcDb2dPolyline
 66
     1
 10
0.0
 20
0.0
 30
0.0
 70
     1
  0
VERTEX
  5
8E
330
8D
100
AcDbEntity
  8
桌子
100
AcDbVertex
100
AcDb2dVertex
 10
90.98969238447981
 20
-10.5928365634724
 30
0.0
  0
VERTEX
  5
8F
330
8D
100
AcDbEntity
  8
桌子
100
AcDbVertex
100
AcDb2dVertex
 10
90.98969238447981
 20
-10.9928365634724
 30
0.0
  0
VERTEX
  5
90
330
8D
100
AcDbEntity
  8
桌子
100
AcDbVertex
100
AcDb2dVertex
 10
99.29841897358935
 20
-10.9928365634724
 30
0.0
  0
VERTEX
  5
91
330
8D
100
AcDbEntity
  8
桌子
100
AcDbVertex
100
AcDb2dVertex
 10
99.29841897358935
 20
-10.5928365634724
 30
0.0
  0
SEQEND
  5
92
330
8D
100
AcDbEntity
  8
桌子
  0
POLYLINE
  5
93
330
1F
100
AcDbEntity
  8
墙体
100
AcDb2dPolyline
 66
     1
 10
0.0
 20
0.0
 30
0.0
 70
     1
  0
VERTEX
  5
94
330
93
100
AcDbEntity
  8
墙体
100
AcDbVertex
100
AcDb2dVertex
 10
86.68004051176342
 20
-8.843893728225098
 30
0.0
  0
VERTEX
  5
95
330
93
100
AcDbEntity
  8
墙体
100
AcDbVertex
100
AcDb2dVertex
 10
86.68004051176342
 20
-7.843893728225098
 30
0.0
  0
VERTEX
  5
96
330
93
100
AcDbEntity
  8
墙体
100
AcDbVertex
100
AcDb2dVertex
 10
87.68004051176342
 20
-7.843893728225098
 30
0.0
  0
VERTEX
  5
97
330
93
100
AcDbEntity
  8
墙体
100
AcDbVertex
100
AcDb2dVertex
 10
87.68004051176342
 20
-8.843893728225098
 30
0.0
  0
SEQEND
  5
98
330
93
100
AcDbEntity
  8
墙体
  0
POLYLINE
  5
99
330
1F
100
AcDbEntity
  8
桌子
100
AcDb2dPolyline
 66
     1
 10
0.0
 20
0.0
 30
0.0
 70
     1
  0
VERTEX
  5
9A
330
99
100
AcDbEntity
  8
桌子
100
AcDbVertex
100
AcDb2dVertex
 10
96.38771084201207
 20
-8.843893728225094
 30
0.0
  0
VERTEX
  5
9B
330
99
100
AcDbEntity
  8
桌子
100
AcDbVertex
100
AcDb2dVertex
 10
99.49841897358935
 20
-8.8438937282251
 30
0.0
  0
VERTEX
  5
9C
330
99
100
AcDbEntity
  8
桌子
100
AcDbVertex
100
AcDb2dVertex
 10
99.49841897358935
 20
-7.573417576611677
 30
0.0
  0
VERTEX
  5
9D
330
99
100
AcDbEntity
  8
桌子
100
AcDbVertex
100
AcDb2dVertex
 10
96.38771084201208
 20
-7.573417576611671
 30
0.0
  0
SEQEND
  5
9E
330
99
100
AcDbEntity
  8
桌子
  0
POLYLINE
  5
9F
330
1F
100
AcDbEntity
  8
虚线
100
AcDb2dPolyline
 66
     1
 10
0.0
 20
0.0
 30
0.0
 70
     1
  0
VERTEX
  5
A0
330
9F
100
AcDbEntity
  8
虚线
100
AcDbVertex
100
AcDb2dVertex
 10
90.78969238447982
 20
-10.5928365634724
 30
0.0
  0
VERTEX
  5
A1
330
9F
100
AcDbEntity
  8
虚线
100
AcDbVertex
100
AcDb2dVertex
 10
90.78969238447982
 20
-8.843893728225098
 30
0.0
  0
VERTEX
  5
A2
330
9F
100
AcDbEntity
  8
虚线
100
AcDbVertex
100
AcDb2dVertex
 10
90.98969238447981
 20
-8.843893728225098
 30
0.0
  0
VERTEX
  5
A3
330
9F
100
AcDbEntity
  8
虚线
100
AcDbVertex
100
AcDb2dVertex
 10
90.98969238447981
 20
-10.5928365634724
 30
0.0
  0
SEQEND
  5
A4
330
9F
100
AcDbEntity
  8
虚线
  0
POLYLINE
  5
A5
330
1F
100
AcDbEntity
  8
桌子
100
AcDb2dPolyline
 66
     1
 10
0.0
 20
0.0
 30
0.0
 70
     1
  0
VERTEX
  5
A6
330
A5
100
AcDbEntity
  8
桌子
100
AcDbVertex
100
AcDb2dVertex
 10
90.78969238447982
 20
-8.843893728225098
 30
0.0
  0
VERTEX
  5
A7
330
A5
100
AcDbEntity
  8
桌子
100
AcDbVertex
100
AcDb2dVertex
 10
90.78969238447982
 20
-7.573417576611673
 30
0.0
  0
VERTEX
  5
A8
330
A5
100
AcDbEntity
  8
桌子
100
AcDbVertex
100
AcDb2dVertex
 10
95.38771084201207
 20
-7.573417576611671
 30
0.0
  0
VERTEX
  5
A9
330
A5
100
AcDbEntity
  8
桌子
100
AcDbVertex
100
AcDb2dVertex
 10
95.38771084201207
 20
-8.843893728225094
 30
0.0
  0
SEQEND
  5
AA
330
A5
100
AcDbEntity
  8
桌子
  0
LINE
  5
AB
330
1F
100
AcDbEntity
  8
虚线
100
AcDbLine
 10
99.29841897358935
 20
-10.5928365634724
 30
0.0
 11
99.49841897358935
 21
-10.5928365634724
 31
0.0
  0
LINE
  5
AC
330
1F
100
AcDbEntity
  8
虚线
100
AcDbLine
 10
99.49841897358935
 20
-10.5928365634724
 30
0.0
 11
99.49841897358935
 21
-8.8438937282251
 31
0.0
  0
LINE
  5
AD
330
1F
100
AcDbEntity
  8
虚线
100
AcDbLine
 10
99.49841897358935
 20
-8.8438937282251
 30
0.0
 11
99.29841897358935
 21
-8.8438937282251
 31
0.0
  0
LINE
  5
AE
330
1F
100
AcDbEntity
  8
虚线
100
AcDbLine
 10
99.29841897358935
 20
-8.8438937282251
 30
0.0
 11
99.29841897358935
 21
-10.5928365634724
 31
0.0
  0
POLYLINE
  5
AF
330
1F
100
AcDbEntity
  8
墙体
100
AcDb2dPolyline
 66
     1
 10
0.0
 20
0.0
 30
0.0
 70
     1
  0
VERTEX
  5
B0
330
AF
100
AcDbEntity
  8
墙体
100
AcDbVertex
100
AcDb2dVertex
 10
80.18644259518683
 20
-6.243893728225097
 30
0.0
  0
VERTEX
  5
B1
330
AF
100
AcDbEntity
  8
墙体
100
AcDbVertex
100
AcDb2dVertex
 10
79.98644259518683
 20
-6.243893728225097
 30
0.0
  0
VERTEX
  5
B2
330
AF
100
AcDbEntity
  8
墙体
100
AcDbVertex
100
AcDb2dVertex
 10
79.98644259518683
 20
5.355786766116799
 30
0.0
  0
VERTEX
  5
B3
330
AF
100
AcDbEntity
  8
墙体
100
AcDbVertex
100
AcDb2dVertex
 10
80.18644259518683
 20
5.355786766116799
 30
0.0
  0
SEQEND
  5
B4
330
AF
100
AcDbEntity
  8
墙体
  0
POLYLINE
  5
B5
330
1F
100
AcDbEntity
  8
墙体
100
AcDb2dPolyline
 66
     1
 10
0.0
 20
0.0
 30
0.0
 70
     1
  0
VERTEX
  5
B6
330
B5
100
AcDbEntity
  8
墙体
100
AcDbVertex
100
AcDb2dVertex
 10
83.79841897358935
 20
6.5557867661168
 30
0.0
  0
VERTEX
  5
B7
330
B5
100
AcDbEntity
  8
墙体
100
AcDbVertex
100
AcDb2dVertex
 10
103.7984189735893
 20
6.5557867661168
 30
0.0
  0
VERTEX
  5
B8
330
B5
100
AcDbEntity
  8
墙体
100
AcDbVertex
100
AcDb2dVertex
 10
103.7984189735893
 20
6.355786766116799
 30
0.0
  0
VERTEX
  5
B9
330
B5
100
AcDbEntity
  8
墙体
100
AcDbVertex
100
AcDb2dVertex
 10
83.79841897358935
 20
6.355786766116799
 30
0.0
  0
SEQEND
  5
BA
330
B5
100
AcDbEntity
  8
墙体
  0
POLYLINE
  5
BB
330
1F
100
AcDbEntity
  8
墙体
100
AcDb2dPolyline
 66
     1
 10
0.0
 20
0.0
 30
0.0
 70
     1
  0
VERTEX
  5
BC
330
BB
100
AcDbEntity
  8
墙体
100
AcDbVertex
100
AcDb2dVertex
 10
103.7984189735893
 20
3.956106271774902
 30
0.0
  0
VERTEX
  5
BD
330
BB
100
AcDbEntity
  8
墙体
100
AcDbVertex
100
AcDb2dVertex
 10
103.7984189735893
 20
-8.843893728225098
 30
0.0
  0
VERTEX
  5
BE
330
BB
100
AcDbEntity
  8
墙体
100
AcDbVertex
100
AcDb2dVertex
 10
103.5984189735893
 20
-8.843893728225098
 30
0.0
  0
VERTEX
  5
BF
330
BB
100
AcDbEntity
  8
墙体
100
AcDbVertex
100
AcDb2dVertex
 10
103.5984189735893
 20
3.956106271774902
 30
0.0
  0
SEQEND
  5
C0
330
BB
100
AcDbEntity
  8
墙体
  0
POLYLINE
  5
C1
330
1F
100
AcDbEntity
  8
虚线
100
AcDb2dPolyline
 66
     1
 10
0.0
 20
0.0
 30
0.0
 70
     1
  0
VERTEX
  5
C2
330
C1
100
AcDbEntity
  8
虚线
100
AcDbVertex
100
AcDb2dVertex
 10
103.7984189735893
 20
3.956106271774902
 30
0.0
  0
VERTEX
  5
C3
330
C1
100
AcDbEntity
  8
虚线
100
AcDbVertex
100
AcDb2dVertex
 10
103.7984189735893
 20
6.355786766116799
 30
0.0
  0
VERTEX
  5
C4
330
C1
100
AcDbEntity
  8
虚线
100
AcDbVertex
100
AcDb2dVertex
 10
103.5984189735893
 20
6.355786766116799
 30
0.0
  0
VERTEX
  5
C5
330
C1
100
AcDbEntity
  8
虚线
100
AcDbVertex
100
AcDb2dVertex
 10
103.5984189735893
 20
3.956106271774902
 30
0.0
  0
SEQEND
  5
C6
330
C1
100
AcDbEntity
  8
虚线
  0
POLYLINE
  5
C7
330
1F
100
AcDbEntity
  8
虚线
100
AcDb2dPolyline
 66
     1
 10
0.0
 20
0.0
 30
0.0
 70
     1
  0
VERTEX
  5
C8
330
C7
100
AcDbEntity
  8
虚线
100
AcDbVertex
100
AcDb2dVertex
 10
79.98644259518683
 20
5.355786766116799
 30
0.0
  0
VERTEX
  5
C9
330
C7
100
AcDbEntity
  8
虚线
100
AcDbVertex
100
AcDb2dVertex
 10
79.98644259518683
 20
6.5557867661168
 30
0.0
  0
VERTEX
  5
CA
330
C7
100
AcDbEntity
  8
虚线
100
AcDbVertex
100
AcDb2dVertex
 10
83.79841897358935
 20
6.5557867661168
 30
0.0
  0
VERTEX
  5
CB
330
C7
100
AcDbEntity
  8
虚线
100
AcDbVertex
100
AcDb2dVertex
 10
83.79841897358935
 20
6.355786766116799
 30
0.0
  0
VERTEX
  5
CC
330
C7
100
AcDbEntity
  8
虚线
100
AcDbVertex
100
AcDb2dVertex
 10
80.18644259518683
 20
6.355786766116799
 30
0.0
  0
VERTEX
  5
CD
330
C7
100
AcDbEntity
  8
虚线
100
AcDbVertex
100
AcDb2dVertex
 10
80.18644259518683
 20
5.355786766116799
 30
0.0
  0
SEQEND
  5
CE
330
C7
100
AcDbEntity
  8
虚线
  0
POLYLINE
  5
CF
330
1F
100
AcDbEntity
  8
墙体
100
AcDb2dPolyline
 66
     1
 10
0.0
 20
0.0
 30
0.0
 70
     1
  0
VERTEX
  5
D0
330
CF
100
AcDbEntity
  8
墙体
100
AcDbVertex
100
AcDb2dVertex
 10
80.18644259518683
 20
-8.843893728225098
 30
0.0
  0
VERTEX
  5
D1
330
CF
100
AcDbEntity
  8
墙体
100
AcDbVertex
100
AcDb2dVertex
 10
80.18644259518683
 20
-7.443893728225097
 30
0.0
  0
VERTEX
  5
D2
330
CF
100
AcDbEntity
  8
墙体
100
AcDbVertex
100
AcDb2dVertex
 10
79.98644259518683
 20
-7.443893728225097
 30
0.0
  0
VERTEX
  5
D3
330
CF
100
AcDbEntity
  8
墙体
100
AcDbVertex
100
AcDb2dVertex
 10
79.98644259518683
 20
-8.843893728225098
 30
0.0
  0
SEQEND
  5
D4
330
CF
100
AcDbEntity
  8
墙体
  0
POLYLINE
  5
D5
330
1F
100
AcDbEntity
  8
墙体
100
AcDb2dPolyline
 66
     1
 10
0.0
 20
0.0
 30
0.0
 70
     1
  0
VERTEX
  5
D6
330
D5
100
AcDbEntity
  8
墙体
100
AcDbVertex
100
AcDb2dVertex
 10
79.98644259518684
 20
-8.843893728225098
 30
0.0
  0
VERTEX
  5
D7
330
D5
100
AcDbEntity
  8
墙体
100
AcDbVertex
100
AcDb2dVertex
 10
82.68644259518683
 20
-8.843893728225098
 30
0.0
  0
VERTEX
  5
D8
330
D5
100
AcDbEntity
  8
墙体
100
AcDbVertex
100
AcDb2dVertex
 10
82.68644259518683
 20
-9.043893728225097
 30
0.0
  0
VERTEX
  5
D9
330
D5
100
AcDbEntity
  8
墙体
100
AcDbVertex
100
AcDb2dVertex
 10
79.98644259518684
 20
-9.043893728225097
 30
0.0
  0
SEQEND
  5
DA
330
D5
100
AcDbEntity
  8
墙体
  0
POLYLINE
  5
DB
330
1F
100
AcDbEntity
  8
墙体
100
AcDb2dPolyline
 66
     1
 10
0.0
 20
0.0
 30
0.0
 70
     1
  0
VERTEX
  5
DC
330
DB
100
AcDbEntity
  8
墙体
100
AcDbVertex
100
AcDb2dVertex
 10
84.48644259518683
 20
-8.843893728225098
 30
0.0
  0
VERTEX
  5
DD
330
DB
100
AcDbEntity
  8
墙体
100
AcDbVertex
100
AcDb2dVertex
 10
89.18644259518683
 20
-8.843893728225098
 30
0.0
  0
VERTEX
  5
DE
330
DB
100
AcDbEntity
  8
墙体
100
AcDbVertex
100
AcDb2dVertex
 10
89.18644259518683
 20
-9.043893728225097
 30
0.0
  0
VERTEX
  5
DF
330
DB
100
AcDbEntity
  8
墙体
100
AcDbVertex
100
AcDb2dVertex
 10
84.48644259518683
 20
-9.043893728225097
 30
0.0
  0
SEQEND
  5
E0
330
DB
100
AcDbEntity
  8
墙体
  0
POLYLINE
  5
E1
330
1F
100
AcDbEntity
  8
虚线
100
AcDb2dPolyline
 66
     1
 10
0.0
 20
0.0
 30
0.0
 70
     1
  0
VERTEX
  5
E2
330
E1
100
AcDbEntity
  8
虚线
100
AcDbVertex
100
AcDb2dVertex
 10
89.18644259518683
 20
-8.843893728225098
 30
0.0
  0
VERTEX
  5
E3
330
E1
100
AcDbEntity
  8
虚线
100
AcDbVertex
100
AcDb2dVertex
 10
90.78969238447982
 20
-8.843893728225098
 30
0.0
  0
VERTEX
  5
E4
330
E1
100
AcDbEntity
  8
虚线
100
AcDbVertex
100
AcDb2dVertex
 10
90.78969238447982
 20
-9.043893728225097
 30
0.0
  0
VERTEX
  5
E5
330
E1
100
AcDbEntity
  8
虚线
100
AcDbVertex
100
AcDb2dVertex
 10
89.18644259518683
 20
-9.043893728225097
 30
0.0
  0
SEQEND
  5
E6
330
E1
100
AcDbEntity
  8
虚线
  0
POLYLINE
  5
E7
330
1F
100
AcDbEntity
  8
桌子
100
AcDb2dPolyline
 66
     1
 10
0.0
 20
0.0
 30
0.0
 70
     1
  0
VERTEX
  5
E8
330
E7
100
AcDbEntity
  8
桌子
100
AcDbVertex
100
AcDb2dVertex
 10
80.18644259518683
 20
-8.843893728225098
 30
0.0
  0
VERTEX
  5
E9
330
E7
100
AcDbEntity
  8
桌子
100
AcDbVertex
100
AcDb2dVertex
 10
82.68644259518683
 20
-8.843893728225098
 30
0.0
  0
VERTEX
  5
EA
330
E7
100
AcDbEntity
  8
桌子
100
AcDbVertex
100
AcDb2dVertex
 10
82.68644259518683
 20
-7.443893728225097
 30
0.0
  0
VERTEX
  5
EB
330
E7
100
AcDbEntity
  8
桌子
100
AcDbVertex
100
AcDb2dVertex
 10
80.18644259518683
 20
-7.443893728225097
 30
0.0
  0
SEQEND
  5
EC
330
E7
100
AcDbEntity
  8
桌子
  0
POLYLINE
  5
ED
330
1F
100
AcDbEntity
  8
虚线
100
AcDb2dPolyline
 66
     1
 10
0.0
 20
0.0
 30
0.0
 70
     1
  0
VERTEX
  5
EE
330
ED
100
AcDbEntity
  8
虚线
100
AcDbVertex
100
AcDb2dVertex
 10
80.18644259518683
 20
-6.243893728225097
 30
0.0
  0
VERTEX
  5
EF
330
ED
100
AcDbEntity
  8
虚线
100
AcDbVertex
100
AcDb2dVertex
 10
82.58644259518684
 20
-6.243893728225097
 30
0.0
  0
VERTEX
  5
F0
330
ED
100
AcDbEntity
  8
虚线
100
AcDbVertex
100
AcDb2dVertex
 10
82.58644259518684
 20
0.9561062717749031
 30
0.0
  0
VERTEX
  5
F1
330
ED
100
AcDbEntity
  8
虚线
100
AcDbVertex
100
AcDb2dVertex
 10
80.18644259518683
 20
0.9561062717749031
 30
0.0
  0
SEQEND
  5
F2
330
ED
100
AcDbEntity
  8
虚线
  0
POLYLINE
  5
F4
330
1F
100
AcDbEntity
  8
椅子
100
AcDb2dPolyline
 66
     1
 10
0.0
 20
0.0
 30
0.0
 70
     1
  0
VERTEX
  5
F5
330
F4
100
AcDbEntity
  8
椅子
100
AcDbVertex
100
AcDb2dVertex
 10
81.78644259518683
 20
-6.243893728225097
 30
0.0
  0
VERTEX
  5
F6
330
F4
100
AcDbEntity
  8
椅子
100
AcDbVertex
100
AcDb2dVertex
 10
82.58644259518684
 20
-6.243893728225097
 30
0.0
  0
VERTEX
  5
F7
330
F4
100
AcDbEntity
  8
椅子
100
AcDbVertex
100
AcDb2dVertex
 10
82.58644259518684
 20
-4.243893728225097
 30
0.0
  0
VERTEX
  5
F8
330
F4
100
AcDbEntity
  8
椅子
100
AcDbVertex
100
AcDb2dVertex
 10
81.78644259518683
 20
-4.243893728225097
 30
0.0
  0
SEQEND
  5
F9
330
F4
100
AcDbEntity
  8
椅子
  0
POLYLINE
  5
FA
330
1F
100
AcDbEntity
  8
椅子
100
AcDb2dPolyline
 66
     1
 10
0.0
 20
0.0
 30
0.0
 70
     1
  0
VERTEX
  5
FB
330
FA
100
AcDbEntity
  8
椅子
100
AcDbVertex
100
AcDb2dVertex
 10
80.98644259518683
 20
-5.643893728225096
 30
0.0
  0
VERTEX
  5
FC
330
FA
100
AcDbEntity
  8
椅子
100
AcDbVertex
100
AcDb2dVertex
 10
81.78644259518683
 20
-5.643893728225096
 30
0.0
  0
VERTEX
  5
FD
330
FA
100
AcDbEntity
  8
椅子
100
AcDbVertex
100
AcDb2dVertex
 10
81.78644259518683
 20
-3.643893728225097
 30
0.0
  0
VERTEX
  5
FE
330
FA
100
AcDbEntity
  8
椅子
100
AcDbVertex
100
AcDb2dVertex
 10
80.98644259518683
 20
-3.643893728225097
 30
0.0
  0
SEQEND
  5
FF
330
FA
100
AcDbEntity
  8
椅子
  0
POLYLINE
  5
100
330
1F
100
AcDbEntity
  8
椅子
100
AcDb2dPolyline
 66
     1
 10
0.0
 20
0.0
 30
0.0
 70
     1
  0
VERTEX
  5
101
330
100
100
AcDbEntity
  8
椅子
100
AcDbVertex
100
AcDb2dVertex
 10
81.78644259518683
 20
-1.043893728225097
 30
0.0
  0
VERTEX
  5
102
330
100
100
AcDbEntity
  8
椅子
100
AcDbVertex
100
AcDb2dVertex
 10
82.58644259518684
 20
-1.043893728225097
 30
0.0
  0
VERTEX
  5
103
330
100
100
AcDbEntity
  8
椅子
100
AcDbVertex
100
AcDb2dVertex
 10
82.58644259518684
 20
0.9561062717749031
 30
0.0
  0
VERTEX
  5
104
330
100
100
AcDbEntity
  8
椅子
100
AcDbVertex
100
AcDb2dVertex
 10
81.78644259518683
 20
0.9561062717749031
 30
0.0
  0
SEQEND
  5
105
330
100
100
AcDbEntity
  8
椅子
  0
POLYLINE
  5
106
330
1F
100
AcDbEntity
  8
椅子
100
AcDb2dPolyline
 66
     1
 10
0.0
 20
0.0
 30
0.0
 70
     1
  0
VERTEX
  5
107
330
106
100
AcDbEntity
  8
椅子
100
AcDbVertex
100
AcDb2dVertex
 10
80.98644259518683
 20
-1.675610655645977
 30
0.0
  0
VERTEX
  5
108
330
106
100
AcDbEntity
  8
椅子
100
AcDbVertex
100
AcDb2dVertex
 10
81.78644259518683
 20
-1.675610655645977
 30
0.0
  0
VERTEX
  5
109
330
106
100
AcDbEntity
  8
椅子
100
AcDbVertex
100
AcDb2dVertex
 10
81.78644259518683
 20
0.3243893443540227
 30
0.0
  0
VERTEX
  5
10A
330
106
100
AcDbEntity
  8
椅子
100
AcDbVertex
100
AcDb2dVertex
 10
80.98644259518683
 20
0.3243893443540227
 30
0.0
  0
SEQEND
  5
10B
330
106
100
AcDbEntity
  8
椅子
  0
POLYLINE
  5
10C
330
1F
100
AcDbEntity
  8
虚线
100
AcDb2dPolyline
 66
     1
 10
0.0
 20
0.0
 30
0.0
  0
VERTEX
  5
10D
330
10C
100
AcDbEntity
  8
虚线
100
AcDbVertex
100
AcDb2dVertex
 10
80.98644259518683
 20
0.9561062717749031
 30
0.0
  0
VERTEX
  5
10E
330
10C
100
AcDbEntity
  8
虚线
100
AcDbVertex
100
AcDb2dVertex
 10
80.98644259518682
 20
-6.243893728225097
 30
0.0
  0
SEQEND
  5
10F
330
10C
100
AcDbEntity
  8
虚线
  0
POLYLINE
  5
110
330
1F
100
AcDbEntity
  8
椅子
100
AcDb2dPolyline
 66
     1
 10
0.0
 20
0.0
 30
0.0
 70
     1
  0
VERTEX
  5
111
330
110
100
AcDbEntity
  8
椅子
100
AcDbVertex
100
AcDb2dVertex
 10
91.54805276189862
 20
-8.943893728225097
 30
0.0
  0
VERTEX
  5
112
330
110
100
AcDbEntity
  8
椅子
100
AcDbVertex
100
AcDb2dVertex
 10
91.54805276189862
 20
-9.343893728225098
 30
0.0
  0
VERTEX
  5
113
330
110
100
AcDbEntity
  8
椅子
100
AcDbVertex
100
AcDb2dVertex
 10
91.94805276189862
 20
-9.343893728225098
 30
0.0
  0
VERTEX
  5
114
330
110
100
AcDbEntity
  8
椅子
100
AcDbVertex
100
AcDb2dVertex
 10
91.94805276189862
 20
-8.943893728225097
 30
0.0
  0
SEQEND
  5
115
330
110
100
AcDbEntity
  8
椅子
  0
POLYLINE
  5
116
330
1F
100
AcDbEntity
  8
椅子
100
AcDb2dPolyline
 66
     1
 10
0.0
 20
0.0
 30
0.0
 70
     1
  0
VERTEX
  5
117
330
116
100
AcDbEntity
  8
椅子
100
AcDbVertex
100
AcDb2dVertex
 10
92.54805276189862
 20
-8.943893728225097
 30
0.0
  0
VERTEX
  5
118
330
116
100
AcDbEntity
  8
椅子
100
AcDbVertex
100
AcDb2dVertex
 10
92.54805276189862
 20
-9.343893728225098
 30
0.0
  0
VERTEX
  5
119
330
116
100
AcDbEntity
  8
椅子
100
AcDbVertex
100
AcDb2dVertex
 10
92.94805276189862
 20
-9.343893728225098
 30
0.0
  0
VERTEX
  5
11A
330
116
100
AcDbEntity
  8
椅子
100
AcDbVertex
100
AcDb2dVertex
 10
92.94805276189862
 20
-8.943893728225097
 30
0.0
  0
SEQEND
  5
11B
330
116
100
AcDbEntity
  8
椅子
  0
POLYLINE
  5
11C
330
1F
100
AcDbEntity
  8
椅子
100
AcDb2dPolyline
 66
     1
 10
0.0
 20
0.0
 30
0.0
 70
     1
  0
VERTEX
  5
11D
330
11C
100
AcDbEntity
  8
椅子
100
AcDbVertex
100
AcDb2dVertex
 10
93.54805276189862
 20
-8.943893728225097
 30
0.0
  0
VERTEX
  5
11E
330
11C
100
AcDbEntity
  8
椅子
100
AcDbVertex
100
AcDb2dVertex
 10
93.54805276189862
 20
-9.343893728225098
 30
0.0
  0
VERTEX
  5
11F
330
11C
100
AcDbEntity
  8
椅子
100
AcDbVertex
100
AcDb2dVertex
 10
93.94805276189862
 20
-9.343893728225098
 30
0.0
  0
VERTEX
  5
120
330
11C
100
AcDbEntity
  8
椅子
100
AcDbVertex
100
AcDb2dVertex
 10
93.94805276189862
 20
-8.943893728225097
 30
0.0
  0
SEQEND
  5
121
330
11C
100
AcDbEntity
  8
椅子
  0
POLYLINE
  5
122
330
1F
100
AcDbEntity
  8
椅子
100
AcDb2dPolyline
 66
     1
 10
0.0
 20
0.0
 30
0.0
 70
     1
  0
VERTEX
  5
123
330
122
100
AcDbEntity
  8
椅子
100
AcDbVertex
100
AcDb2dVertex
 10
94.54805276189862
 20
-8.943893728225097
 30
0.0
  0
VERTEX
  5
124
330
122
100
AcDbEntity
  8
椅子
100
AcDbVertex
100
AcDb2dVertex
 10
94.54805276189862
 20
-9.343893728225098
 30
0.0
  0
VERTEX
  5
125
330
122
100
AcDbEntity
  8
椅子
100
AcDbVertex
100
AcDb2dVertex
 10
94.94805276189862
 20
-9.343893728225098
 30
0.0
  0
VERTEX
  5
126
330
122
100
AcDbEntity
  8
椅子
100
AcDbVertex
100
AcDb2dVertex
 10
94.94805276189862
 20
-8.943893728225097
 30
0.0
  0
SEQEND
  5
127
330
122
100
AcDbEntity
  8
椅子
  0
POLYLINE
  5
128
330
1F
100
AcDbEntity
  8
椅子
100
AcDb2dPolyline
 66
     1
 10
0.0
 20
0.0
 30
0.0
 70
     1
  0
VERTEX
  5
129
330
128
100
AcDbEntity
  8
椅子
100
AcDbVertex
100
AcDb2dVertex
 10
91.54805276189862
 20
-7.073417576611671
 30
0.0
  0
VERTEX
  5
12A
330
128
100
AcDbEntity
  8
椅子
100
AcDbVertex
100
AcDb2dVertex
 10
91.54805276189862
 20
-7.473417576611672
 30
0.0
  0
VERTEX
  5
12B
330
128
100
AcDbEntity
  8
椅子
100
AcDbVertex
100
AcDb2dVertex
 10
91.94805276189862
 20
-7.473417576611672
 30
0.0
  0
VERTEX
  5
12C
330
128
100
AcDbEntity
  8
椅子
100
AcDbVertex
100
AcDb2dVertex
 10
91.94805276189862
 20
-7.073417576611671
 30
0.0
  0
SEQEND
  5
12D
330
128
100
AcDbEntity
  8
椅子
  0
POLYLINE
  5
12E
330
1F
100
AcDbEntity
  8
椅子
100
AcDb2dPolyline
 66
     1
 10
0.0
 20
0.0
 30
0.0
 70
     1
  0
VERTEX
  5
12F
330
12E
100
AcDbEntity
  8
椅子
100
AcDbVertex
100
AcDb2dVertex
 10
92.54805276189862
 20
-7.073417576611671
 30
0.0
  0
VERTEX
  5
130
330
12E
100
AcDbEntity
  8
椅子
100
AcDbVertex
100
AcDb2dVertex
 10
92.54805276189862
 20
-7.473417576611672
 30
0.0
  0
VERTEX
  5
131
330
12E
100
AcDbEntity
  8
椅子
100
AcDbVertex
100
AcDb2dVertex
 10
92.94805276189862
 20
-7.473417576611672
 30
0.0
  0
VERTEX
  5
132
330
12E
100
AcDbEntity
  8
椅子
100
AcDbVertex
100
AcDb2dVertex
 10
92.94805276189862
 20
-7.073417576611671
 30
0.0
  0
SEQEND
  5
133
330
12E
100
AcDbEntity
  8
椅子
  0
POLYLINE
  5
134
330
1F
100
AcDbEntity
  8
椅子
100
AcDb2dPolyline
 66
     1
 10
0.0
 20
0.0
 30
0.0
 70
     1
  0
VERTEX
  5
135
330
134
100
AcDbEntity
  8
椅子
100
AcDbVertex
100
AcDb2dVertex
 10
93.54805276189862
 20
-7.073417576611671
 30
0.0
  0
VERTEX
  5
136
330
134
100
AcDbEntity
  8
椅子
100
AcDbVertex
100
AcDb2dVertex
 10
93.54805276189862
 20
-7.473417576611672
 30
0.0
  0
VERTEX
  5
137
330
134
100
AcDbEntity
  8
椅子
100
AcDbVertex
100
AcDb2dVertex
 10
93.94805276189862
 20
-7.473417576611672
 30
0.0
  0
VERTEX
  5
138
330
134
100
AcDbEntity
  8
椅子
100
AcDbVertex
100
AcDb2dVertex
 10
93.94805276189862
 20
-7.073417576611671
 30
0.0
  0
SEQEND
  5
139
330
134
100
AcDbEntity
  8
椅子
  0
POLYLINE
  5
13A
330
1F
100
AcDbEntity
  8
椅子
100
AcDb2dPolyline
 66
     1
 10
0.0
 20
0.0
 30
0.0
 70
     1
  0
VERTEX
  5
13B
330
13A
100
AcDbEntity
  8
椅子
100
AcDbVertex
100
AcDb2dVertex
 10
94.54805276189862
 20
-7.073417576611671
 30
0.0
  0
VERTEX
  5
13C
330
13A
100
AcDbEntity
  8
椅子
100
AcDbVertex
100
AcDb2dVertex
 10
94.54805276189862
 20
-7.473417576611672
 30
0.0
  0
VERTEX
  5
13D
330
13A
100
AcDbEntity
  8
椅子
100
AcDbVertex
100
AcDb2dVertex
 10
94.94805276189862
 20
-7.473417576611672
 30
0.0
  0
VERTEX
  5
13E
330
13A
100
AcDbEntity
  8
椅子
100
AcDbVertex
100
AcDb2dVertex
 10
94.94805276189862
 20
-7.073417576611671
 30
0.0
  0
SEQEND
  5
13F
330
13A
100
AcDbEntity
  8
椅子
  0
POLYLINE
  5
140
330
1F
100
AcDbEntity
  8
椅子
100
AcDb2dPolyline
 66
     1
 10
0.0
 20
0.0
 30
0.0
 70
     1
  0
VERTEX
  5
141
330
140
100
AcDbEntity
  8
椅子
100
AcDbVertex
100
AcDb2dVertex
 10
81.78644259518683
 20
-3.643893728225097
 30
0.0
  0
VERTEX
  5
142
330
140
100
AcDbEntity
  8
椅子
100
AcDbVertex
100
AcDb2dVertex
 10
82.58644259518684
 20
-3.643893728225097
 30
0.0
  0
VERTEX
  5
143
330
140
100
AcDbEntity
  8
椅子
100
AcDbVertex
100
AcDb2dVertex
 10
82.58644259518684
 20
-1.675610655645977
 30
0.0
  0
VERTEX
  5
144
330
140
100
AcDbEntity
  8
椅子
100
AcDbVertex
100
AcDb2dVertex
 10
81.78644259518683
 20
-1.675610655645977
 30
0.0
  0
SEQEND
  5
145
330
140
100
AcDbEntity
  8
椅子
  0
POLYLINE
  5
146
330
1F
100
AcDbEntity
  8
椅子
100
AcDb2dPolyline
 66
     1
 10
0.0
 20
0.0
 30
0.0
 70
     1
  0
VERTEX
  5
147
330
146
100
AcDbEntity
  8
椅子
100
AcDbVertex
100
AcDb2dVertex
 10
88.75546424044751
 20
-4.398516047577922
 30
0.0
  0
VERTEX
  5
148
330
146
100
AcDbEntity
  8
椅子
100
AcDbVertex
100
AcDb2dVertex
 10
89.1554642404475
 20
-4.398516047577922
 30
0.0
  0
VERTEX
  5
149
330
146
100
AcDbEntity
  8
椅子
100
AcDbVertex
100
AcDb2dVertex
 10
89.1554642404475
 20
-3.998516047577923
 30
0.0
  0
VERTEX
  5
14A
330
146
100
AcDbEntity
  8
椅子
100
AcDbVertex
100
AcDb2dVertex
 10
88.75546424044751
 20
-3.998516047577923
 30
0.0
  0
SEQEND
  5
14B
330
146
100
AcDbEntity
  8
椅子
  0
POLYLINE
  5
14C
330
1F
100
AcDbEntity
  8
椅子
100
AcDb2dPolyline
 66
     1
 10
0.0
 20
0.0
 30
0.0
 70
     1
  0
VERTEX
  5
14D
330
14C
100
AcDbEntity
  8
椅子
100
AcDbVertex
100
AcDb2dVertex
 10
88.75546424044751
 20
-5.598516047577925
 30
0.0
  0
VERTEX
  5
14E
330
14C
100
AcDbEntity
  8
椅子
100
AcDbVertex
100
AcDb2dVertex
 10
89.1554642404475
 20
-5.598516047577925
 30
0.0
  0
VERTEX
  5
14F
330
14C
100
AcDbEntity
  8
椅子
100
AcDbVertex
100
AcDb2dVertex
 10
89.1554642404475
 20
-5.998516047577923
 30
0.0
  0
VERTEX
  5
150
330
14C
100
AcDbEntity
  8
椅子
100
AcDbVertex
100
AcDb2dVertex
 10
88.75546424044751
 20
-5.998516047577923
 30
0.0
  0
SEQEND
  5
151
330
14C
100
AcDbEntity
  8
椅子
  0
POLYLINE
  5
152
330
1F
100
AcDbEntity
  8
椅子
100
AcDb2dPolyline
 66
     1
 10
0.0
 20
0.0
 30
0.0
 70
     1
  0
VERTEX
  5
153
330
152
100
AcDbEntity
  8
椅子
100
AcDbVertex
100
AcDb2dVertex
 10
87.9554642404475
 20
-5.598516047577925
 30
0.0
  0
VERTEX
  5
154
330
152
100
AcDbEntity
  8
椅子
100
AcDbVertex
100
AcDb2dVertex
 10
88.3554642404475
 20
-5.598516047577925
 30
0.0
  0
VERTEX
  5
155
330
152
100
AcDbEntity
  8
椅子
100
AcDbVertex
100
AcDb2dVertex
 10
88.3554642404475
 20
-5.998516047577923
 30
0.0
  0
VERTEX
  5
156
330
152
100
AcDbEntity
  8
椅子
100
AcDbVertex
100
AcDb2dVertex
 10
87.9554642404475
 20
-5.998516047577923
 30
0.0
  0
SEQEND
  5
157
330
152
100
AcDbEntity
  8
椅子
  0
POLYLINE
  5
158
330
1F
100
AcDbEntity
  8
椅子
100
AcDb2dPolyline
 66
     1
 10
0.0
 20
0.0
 30
0.0
 70
     1
  0
VERTEX
  5
159
330
158
100
AcDbEntity
  8
椅子
100
AcDbVertex
100
AcDb2dVertex
 10
87.9554642404475
 20
-4.398516047577922
 30
0.0
  0
VERTEX
  5
15A
330
158
100
AcDbEntity
  8
椅子
100
AcDbVertex
100
AcDb2dVertex
 10
88.3554642404475
 20
-4.398516047577922
 30
0.0
  0
VERTEX
  5
15B
330
158
100
AcDbEntity
  8
椅子
100
AcDbVertex
100
AcDb2dVertex
 10
88.3554642404475
 20
-3.998516047577923
 30
0.0
  0
VERTEX
  5
15C
330
158
100
AcDbEntity
  8
椅子
100
AcDbVertex
100
AcDb2dVertex
 10
87.9554642404475
 20
-3.998516047577923
 30
0.0
  0
SEQEND
  5
15D
330
158
100
AcDbEntity
  8
椅子
  0
POLYLINE
  5
15E
330
1F
100
AcDbEntity
  8
椅子
100
AcDb2dPolyline
 66
     1
 10
0.0
 20
0.0
 30
0.0
 70
     1
  0
VERTEX
  5
15F
330
15E
100
AcDbEntity
  8
椅子
100
AcDbVertex
100
AcDb2dVertex
 10
87.1554642404475
 20
-4.398516047577922
 30
0.0
  0
VERTEX
  5
160
330
15E
100
AcDbEntity
  8
椅子
100
AcDbVertex
100
AcDb2dVertex
 10
87.55546424044749
 20
-4.398516047577922
 30
0.0
  0
VERTEX
  5
161
330
15E
100
AcDbEntity
  8
椅子
100
AcDbVertex
100
AcDb2dVertex
 10
87.55546424044749
 20
-3.998516047577923
 30
0.0
  0
VERTEX
  5
162
330
15E
100
AcDbEntity
  8
椅子
100
AcDbVertex
100
AcDb2dVertex
 10
87.1554642404475
 20
-3.998516047577923
 30
0.0
  0
SEQEND
  5
163
330
15E
100
AcDbEntity
  8
椅子
  0
POLYLINE
  5
164
330
1F
100
AcDbEntity
  8
椅子
100
AcDb2dPolyline
 66
     1
 10
0.0
 20
0.0
 30
0.0
 70
     1
  0
VERTEX
  5
165
330
164
100
AcDbEntity
  8
椅子
100
AcDbVertex
100
AcDb2dVertex
 10
85.55546424044749
 20
-4.398516047577922
 30
0.0
  0
VERTEX
  5
166
330
164
100
AcDbEntity
  8
椅子
100
AcDbVertex
100
AcDb2dVertex
 10
85.9554642404475
 20
-4.398516047577922
 30
0.0
  0
VERTEX
  5
167
330
164
100
AcDbEntity
  8
椅子
100
AcDbVertex
100
AcDb2dVertex
 10
85.9554642404475
 20
-3.998516047577923
 30
0.0
  0
VERTEX
  5
168
330
164
100
AcDbEntity
  8
椅子
100
AcDbVertex
100
AcDb2dVertex
 10
85.55546424044749
 20
-3.998516047577923
 30
0.0
  0
SEQEND
  5
169
330
164
100
AcDbEntity
  8
椅子
  0
POLYLINE
  5
16A
330
1F
100
AcDbEntity
  8
椅子
100
AcDb2dPolyline
 66
     1
 10
0.0
 20
0.0
 30
0.0
 70
     1
  0
VERTEX
  5
16B
330
16A
100
AcDbEntity
  8
椅子
100
AcDbVertex
100
AcDb2dVertex
 10
86.3554642404475
 20
-4.398516047577922
 30
0.0
  0
VERTEX
  5
16C
330
16A
100
AcDbEntity
  8
椅子
100
AcDbVertex
100
AcDb2dVertex
 10
86.7554642404475
 20
-4.398516047577922
 30
0.0
  0
VERTEX
  5
16D
330
16A
100
AcDbEntity
  8
椅子
100
AcDbVertex
100
AcDb2dVertex
 10
86.7554642404475
 20
-3.998516047577923
 30
0.0
  0
VERTEX
  5
16E
330
16A
100
AcDbEntity
  8
椅子
100
AcDbVertex
100
AcDb2dVertex
 10
86.3554642404475
 20
-3.998516047577923
 30
0.0
  0
SEQEND
  5
16F
330
16A
100
AcDbEntity
  8
椅子
  0
POLYLINE
  5
170
330
1F
100
AcDbEntity
  8
椅子
100
AcDb2dPolyline
 66
     1
 10
0.0
 20
0.0
 30
0.0
 70
     1
  0
VERTEX
  5
171
330
170
100
AcDbEntity
  8
椅子
100
AcDbVertex
100
AcDb2dVertex
 10
87.1554642404475
 20
-5.598516047577925
 30
0.0
  0
VERTEX
  5
172
330
170
100
AcDbEntity
  8
椅子
100
AcDbVertex
100
AcDb2dVertex
 10
87.55546424044749
 20
-5.598516047577925
 30
0.0
  0
VERTEX
  5
173
330
170
100
AcDbEntity
  8
椅子
100
AcDbVertex
100
AcDb2dVertex
 10
87.55546424044749
 20
-5.998516047577923
 30
0.0
  0
VERTEX
  5
174
330
170
100
AcDbEntity
  8
椅子
100
AcDbVertex
100
AcDb2dVertex
 10
87.1554642404475
 20
-5.998516047577923
 30
0.0
  0
SEQEND
  5
175
330
170
100
AcDbEntity
  8
椅子
  0
POLYLINE
  5
176
330
1F
100
AcDbEntity
  8
椅子
100
AcDb2dPolyline
 66
     1
 10
0.0
 20
0.0
 30
0.0
 70
     1
  0
VERTEX
  5
177
330
176
100
AcDbEntity
  8
椅子
100
AcDbVertex
100
AcDb2dVertex
 10
85.55546424044749
 20
-5.598516047577925
 30
0.0
  0
VERTEX
  5
178
330
176
100
AcDbEntity
  8
椅子
100
AcDbVertex
100
AcDb2dVertex
 10
85.9554642404475
 20
-5.598516047577925
 30
0.0
  0
VERTEX
  5
179
330
176
100
AcDbEntity
  8
椅子
100
AcDbVertex
100
AcDb2dVertex
 10
85.9554642404475
 20
-5.998516047577923
 30
0.0
  0
VERTEX
  5
17A
330
176
100
AcDbEntity
  8
椅子
100
AcDbVertex
100
AcDb2dVertex
 10
85.55546424044749
 20
-5.998516047577923
 30
0.0
  0
SEQEND
  5
17B
330
176
100
AcDbEntity
  8
椅子
  0
POLYLINE
  5
17C
330
1F
100
AcDbEntity
  8
椅子
100
AcDb2dPolyline
 66
     1
 10
0.0
 20
0.0
 30
0.0
 70
     1
  0
VERTEX
  5
17D
330
17C
100
AcDbEntity
  8
椅子
100
AcDbVertex
100
AcDb2dVertex
 10
86.3554642404475
 20
-5.598516047577925
 30
0.0
  0
VERTEX
  5
17E
330
17C
100
AcDbEntity
  8
椅子
100
AcDbVertex
100
AcDb2dVertex
 10
86.7554642404475
 20
-5.598516047577925
 30
0.0
  0
VERTEX
  5
17F
330
17C
100
AcDbEntity
  8
椅子
100
AcDbVertex
100
AcDb2dVertex
 10
86.7554642404475
 20
-5.998516047577923
 30
0.0
  0
VERTEX
  5
180
330
17C
100
AcDbEntity
  8
椅子
100
AcDbVertex
100
AcDb2dVertex
 10
86.3554642404475
 20
-5.998516047577923
 30
0.0
  0
SEQEND
  5
181
330
17C
100
AcDbEntity
  8
椅子
  0
POLYLINE
  5
182
330
1F
100
AcDbEntity
  8
桌子
100
AcDb2dPolyline
 66
     1
 10
0.0
 20
0.0
 30
0.0
 70
     1
  0
VERTEX
  5
183
330
182
100
AcDbEntity
  8
桌子
100
AcDbVertex
100
AcDb2dVertex
 10
85.55546424044749
 20
-5.498516047577923
 30
0.0
  0
VERTEX
  5
184
330
182
100
AcDbEntity
  8
桌子
100
AcDbVertex
100
AcDb2dVertex
 10
85.55546424044749
 20
-4.498516047577923
 30
0.0
  0
VERTEX
  5
185
330
182
100
AcDbEntity
  8
桌子
100
AcDbVertex
100
AcDb2dVertex
 10
89.1554642404475
 20
-4.498516047577923
 30
0.0
  0
VERTEX
  5
186
330
182
100
AcDbEntity
  8
桌子
100
AcDbVertex
100
AcDb2dVertex
 10
89.1554642404475
 20
-5.498516047577923
 30
0.0
  0
SEQEND
  5
187
330
182
100
AcDbEntity
  8
桌子
  0
POLYLINE
  5
188
330
1F
100
AcDbEntity
  8
桌子
100
AcDb2dPolyline
 66
     1
 10
0.0
 20
0.0
 30
0.0
 70
     1
  0
VERTEX
  5
189
330
188
100
AcDbEntity
  8
桌子
100
AcDbVertex
100
AcDb2dVertex
 10
91.59774671217437
 20
-4.129597248435292
 30
0.0
  0
VERTEX
  5
18A
330
188
100
AcDbEntity
  8
桌子
100
AcDbVertex
100
AcDb2dVertex
 10
92.79774671217437
 20
-4.129597248435292
 30
0.0
  0
VERTEX
  5
18B
330
188
100
AcDbEntity
  8
桌子
100
AcDbVertex
100
AcDb2dVertex
 10
92.79774671217437
 20
-4.829597248435292
 30
0.0
  0
VERTEX
  5
18C
330
188
100
AcDbEntity
  8
桌子
100
AcDbVertex
100
AcDb2dVertex
 10
91.59774671217437
 20
-4.829597248435292
 30
0.0
  0
SEQEND
  5
18D
330
188
100
AcDbEntity
  8
桌子
  0
CIRCLE
  5
18E
330
1F
100
AcDbEntity
  8
椅子
100
AcDbCircle
 10
92.07786359833827
 20
-3.683468327050465
 30
0.0
 40
0.25
  0
CIRCLE
  5
18F
330
1F
100
AcDbEntity
  8
椅子
100
AcDbCircle
 10
92.92142692808808
 20
-3.734285395107683
 30
0.0
 40
0.25
  0
CIRCLE
  5
190
330
1F
100
AcDbEntity
  8
桌子
100
AcDbCircle
 10
94.94063494724273
 20
-4.780614990827248
 30
0.0
 40
0.35
  0
POLYLINE
  5
191
330
1F
100
AcDbEntity
  8
椅子
100
AcDb2dPolyline
 66
     1
 10
0.0
 20
0.0
 30
0.0
 70
     1
  0
VERTEX
  5
192
330
191
100
AcDbEntity
  8
椅子
100
AcDbVertex
100
AcDb2dVertex
 10
95.75865733220766
 20
-4.475100052246
 30
0.0
  0
VERTEX
  5
193
330
191
100
AcDbEntity
  8
椅子
100
AcDbVertex
100
AcDb2dVertex
 10
95.53660242084396
 20
-4.142396556112789
 30
0.0
  0
VERTEX
  5
194
330
191
100
AcDbEntity
  8
椅子
100
AcDbVertex
100
AcDb2dVertex
 10
95.20389892471076
 20
-4.364451467476488
 30
0.0
  0
VERTEX
  5
195
330
191
100
AcDbEntity
  8
椅子
100
AcDbVertex
100
AcDb2dVertex
 10
95.42595383607446
 20
-4.697154963609698
 30
0.0
  0
SEQEND
  5
196
330
191
100
AcDbEntity
  8
椅子
  0
POLYLINE
  5
197
330
1F
100
AcDbEntity
  8
椅子
100
AcDb2dPolyline
 66
     1
 10
0.0
 20
0.0
 30
0.0
 70
     1
  0
VERTEX
  5
198
330
197
100
AcDbEntity
  8
椅子
100
AcDbVertex
100
AcDb2dVertex
 10
94.2670400567011
 20
-4.224944293874705
 30
0.0
  0
VERTEX
  5
199
330
197
100
AcDbEntity
  8
椅子
100
AcDbVertex
100
AcDb2dVertex
 10
94.0899378328037
 20
-4.583601236217378
 30
0.0
  0
VERTEX
  5
19A
330
197
100
AcDbEntity
  8
椅子
100
AcDbVertex
100
AcDb2dVertex
 10
94.44859477514638
 20
-4.760703460114783
 30
0.0
  0
VERTEX
  5
19B
330
197
100
AcDbEntity
  8
椅子
100
AcDbVertex
100
AcDb2dVertex
 10
94.62569699904378
 20
-4.402046517772108
 30
0.0
  0
SEQEND
  5
19C
330
197
100
AcDbEntity
  8
椅子
  0
POLYLINE
  5
19D
330
1F
100
AcDbEntity
  8
椅子
100
AcDb2dPolyline
 66
     1
 10
0.0
 20
0.0
 30
0.0
 70
     1
  0
VERTEX
  5
19E
330
19D
100
AcDbEntity
  8
椅子
100
AcDbVertex
100
AcDb2dVertex
 10
94.79620745280188
 20
-5.641800626372753
 30
0.0
  0
VERTEX
  5
19F
330
19D
100
AcDbEntity
  8
椅子
100
AcDbVertex
100
AcDb2dVertex
 10
95.19536458806299
 20
-5.615847180163293
 30
0.0
  0
VERTEX
  5
1A0
330
19D
100
AcDbEntity
  8
椅子
100
AcDbVertex
100
AcDb2dVertex
 10
95.16941114185353
 20
-5.216690044902188
 30
0.0
  0
VERTEX
  5
1A1
330
19D
100
AcDbEntity
  8
椅子
100
AcDbVertex
100
AcDb2dVertex
 10
94.77025400659242
 20
-5.242643491111654
 30
0.0
  0
SEQEND
  5
1A2
330
19D
100
AcDbEntity
  8
椅子
  0
POLYLINE
  5
1A3
330
1F
100
AcDbEntity
  8
桌子
100
AcDb2dPolyline
 66
     1
 10
0.0
 20
0.0
 30
0.0
 70
     1
  0
VERTEX
  5
1A4
330
1A3
100
AcDbEntity
  8
桌子
100
AcDbVertex
100
AcDb2dVertex
 10
85.25841007681811
 20
-0.9304161903691179
 30
0.0
  0
VERTEX
  5
1A5
330
1A3
100
AcDbEntity
  8
桌子
100
AcDbVertex
100
AcDb2dVertex
 10
86.45841007681811
 20
-0.9304161903691179
 30
0.0
  0
VERTEX
  5
1A6
330
1A3
100
AcDbEntity
  8
桌子
100
AcDbVertex
100
AcDb2dVertex
 10
86.45841007681811
 20
-1.630416190369118
 30
0.0
  0
VERTEX
  5
1A7
330
1A3
100
AcDbEntity
  8
桌子
100
AcDbVertex
100
AcDb2dVertex
 10
85.25841007681811
 20
-1.630416190369118
 30
0.0
  0
SEQEND
  5
1A8
330
1A3
100
AcDbEntity
  8
桌子
  0
POLYLINE
  5
1A9
330
1F
100
AcDbEntity
  8
椅子
100
AcDb2dPolyline
 66
     1
 10
0.0
 20
0.0
 30
0.0
 70
     1
  0
VERTEX
  5
1AA
330
1A9
100
AcDbEntity
  8
椅子
100
AcDbVertex
100
AcDb2dVertex
 10
84.67535819947395
 20
0.192984568673026
 30
0.0
  0
VERTEX
  5
1AB
330
1A9
100
AcDbEntity
  8
椅子
100
AcDbVertex
100
AcDb2dVertex
 10
86.47535819947396
 20
0.192984568673026
 30
0.0
  0
VERTEX
  5
1AC
330
1A9
100
AcDbEntity
  8
椅子
100
AcDbVertex
100
AcDb2dVertex
 10
86.47535819947396
 20
-0.6070154313269738
 30
0.0
  0
VERTEX
  5
1AD
330
1A9
100
AcDbEntity
  8
椅子
100
AcDbVertex
100
AcDb2dVertex
 10
84.67535819947395
 20
-0.6070154313269738
 30
0.0
  0
SEQEND
  5
1AE
330
1A9
100
AcDbEntity
  8
椅子
  0
CIRCLE
  5
1AF
330
1F
100
AcDbEntity
  8
椅子
100
AcDbCircle
 10
85.20729763599685
 20
-2.184221115336795
 30
0.0
 40
0.25
  0
CIRCLE
  5
1B0
330
1F
100
AcDbEntity
  8
椅子
100
AcDbCircle
 10
86.18712061688059
 20
-2.042559961474087
 30
0.0
 40
0.25
  0
POLYLINE
  5
1B1
330
1F
100
AcDbEntity
  8
墙体
100
AcDb2dPolyline
 66
     1
 10
0.0
 20
0.0
 30
0.0
 70
     1
  0
VERTEX
  5
1B2
330
1B1
100
AcDbEntity
  8
墙体
100
AcDbVertex
100
AcDb2dVertex
 10
86.68004051176342
 20
0.8819660825141984
 30
0.0
  0
VERTEX
  5
1B3
330
1B1
100
AcDbEntity
  8
墙体
100
AcDbVertex
100
AcDb2dVertex
 10
87.68004051176342
 20
0.8819660825141984
 30
0.0
  0
VERTEX
  5
1B4
330
1B1
100
AcDbEntity
  8
墙体
100
AcDbVertex
100
AcDb2dVertex
 10
87.68004051176342
 20
-0.1180339174858016
 30
0.0
  0
VERTEX
  5
1B5
330
1B1
100
AcDbEntity
  8
墙体
100
AcDbVertex
100
AcDb2dVertex
 10
86.68004051176342
 20
-0.1180339174858016
 30
0.0
  0
SEQEND
  5
1B6
330
1B1
100
AcDbEntity
  8
墙体
  0
POLYLINE
  5
1B7
330
1F
100
AcDbEntity
  8
墙体
100
AcDb2dPolyline
 66
     1
 10
0.0
 20
0.0
 30
0.0
 70
     1
  0
VERTEX
  5
1B8
330
1B7
100
AcDbEntity
  8
墙体
100
AcDbVertex
100
AcDb2dVertex
 10
95.38771084201207
 20
0.8819660825141984
 30
0.0
  0
VERTEX
  5
1B9
330
1B7
100
AcDbEntity
  8
墙体
100
AcDbVertex
100
AcDb2dVertex
 10
96.38771084201207
 20
0.8819660825141984
 30
0.0
  0
VERTEX
  5
1BA
330
1B7
100
AcDbEntity
  8
墙体
100
AcDbVertex
100
AcDb2dVertex
 10
96.38771084201207
 20
-0.1180339174858016
 30
0.0
  0
VERTEX
  5
1BB
330
1B7
100
AcDbEntity
  8
墙体
100
AcDbVertex
100
AcDb2dVertex
 10
95.38771084201207
 20
-0.1180339174858016
 30
0.0
  0
SEQEND
  5
1BC
330
1B7
100
AcDbEntity
  8
墙体
  0
POLYLINE
  5
1BD
330
1F
100
AcDbEntity
  8
墙体
100
AcDb2dPolyline
 66
     1
 10
0.0
 20
0.0
 30
0.0
 70
     1
  0
VERTEX
  5
1BE
330
1BD
100
AcDbEntity
  8
墙体
100
AcDbVertex
100
AcDb2dVertex
 10
95.38771084201207
 20
-7.843893728225098
 30
0.0
  0
VERTEX
  5
1BF
330
1BD
100
AcDbEntity
  8
墙体
100
AcDbVertex
100
AcDb2dVertex
 10
96.38771084201207
 20
-7.843893728225098
 30
0.0
  0
VERTEX
  5
1C0
330
1BD
100
AcDbEntity
  8
墙体
100
AcDbVertex
100
AcDb2dVertex
 10
96.38771084201207
 20
-8.843893728225094
 30
0.0
  0
VERTEX
  5
1C1
330
1BD
100
AcDbEntity
  8
墙体
100
AcDbVertex
100
AcDb2dVertex
 10
95.38771084201207
 20
-8.843893728225094
 30
0.0
  0
SEQEND
  5
1C2
330
1BD
100
AcDbEntity
  8
墙体
  0
POLYLINE
  5
1C3
330
1F
100
AcDbEntity
  8
椅子
100
AcDb2dPolyline
 66
     1
 10
0.0
 20
0.0
 30
0.0
 70
     1
  0
VERTEX
  5
1C4
330
1C3
100
AcDbEntity
  8
椅子
100
AcDbVertex
100
AcDb2dVertex
 10
91.16816108484815
 20
-5.083893412712879
 30
0.0
  0
VERTEX
  5
1C5
330
1C3
100
AcDbEntity
  8
椅子
100
AcDbVertex
100
AcDb2dVertex
 10
92.96816108484815
 20
-5.083893412712879
 30
0.0
  0
VERTEX
  5
1C6
330
1C3
100
AcDbEntity
  8
椅子
100
AcDbVertex
100
AcDb2dVertex
 10
92.96816108484815
 20
-5.883893412712879
 30
0.0
  0
VERTEX
  5
1C7
330
1C3
100
AcDbEntity
  8
椅子
100
AcDbVertex
100
AcDb2dVertex
 10
91.16816108484815
 20
-5.883893412712879
 30
0.0
  0
SEQEND
  5
1C8
330
1C3
100
AcDbEntity
  8
椅子
  0
POLYLINE
  5
1C9
330
1F
100
AcDbEntity
  8
椅子
100
AcDb2dPolyline
 66
     1
 10
0.0
 20
0.0
 30
0.0
 70
     1
  0
VERTEX
  5
1CA
330
1C9
100
AcDbEntity
  8
椅子
100
AcDbVertex
100
AcDb2dVertex
 10
97.21097651617167
 20
-3.761550414539856
 30
0.0
  0
VERTEX
  5
1CB
330
1C9
100
AcDbEntity
  8
椅子
100
AcDbVertex
100
AcDb2dVertex
 10
97.21097651617167
 20
-5.561550414539854
 30
0.0
  0
VERTEX
  5
1CC
330
1C9
100
AcDbEntity
  8
椅子
100
AcDbVertex
100
AcDb2dVertex
 10
96.41097651617167
 20
-5.561550414539853
 30
0.0
  0
VERTEX
  5
1CD
330
1C9
100
AcDbEntity
  8
椅子
100
AcDbVertex
100
AcDb2dVertex
 10
96.41097651617167
 20
-3.761550414539855
 30
0.0
  0
SEQEND
  5
1CE
330
1C9
100
AcDbEntity
  8
椅子
  0
POLYLINE
  5
1CF
330
1F
100
AcDbEntity
  8
桌子
100
AcDb2dPolyline
 66
     1
 10
0.0
 20
0.0
 30
0.0
 70
     1
  0
VERTEX
  5
1D0
330
1CF
100
AcDbEntity
  8
桌子
100
AcDbVertex
100
AcDb2dVertex
 10
98.28502344361412
 20
-3.927407887863958
 30
0.0
  0
VERTEX
  5
1D1
330
1CF
100
AcDbEntity
  8
桌子
100
AcDbVertex
100
AcDb2dVertex
 10
98.28502344361411
 20
-5.127407887863958
 30
0.0
  0
VERTEX
  5
1D2
330
1CF
100
AcDbEntity
  8
桌子
100
AcDbVertex
100
AcDb2dVertex
 10
97.58502344361412
 20
-5.127407887863957
 30
0.0
  0
VERTEX
  5
1D3
330
1CF
100
AcDbEntity
  8
桌子
100
AcDbVertex
100
AcDb2dVertex
 10
97.58502344361412
 20
-3.927407887863957
 30
0.0
  0
SEQEND
  5
1D4
330
1CF
100
AcDbEntity
  8
桌子
  0
POLYLINE
  5
1D5
330
1F
100
AcDbEntity
  8
椅子
100
AcDb2dPolyline
 66
     1
 10
0.0
 20
0.0
 30
0.0
 70
     1
  0
VERTEX
  5
1D6
330
1D5
100
AcDbEntity
  8
椅子
100
AcDbVertex
100
AcDb2dVertex
 10
99.05759145278552
 20
-4.580283458989062
 30
0.0
  0
VERTEX
  5
1D7
330
1D5
100
AcDbEntity
  8
椅子
100
AcDbVertex
100
AcDb2dVertex
 10
98.83553654142182
 20
-4.247579962855851
 30
0.0
  0
VERTEX
  5
1D8
330
1D5
100
AcDbEntity
  8
椅子
100
AcDbVertex
100
AcDb2dVertex
 10
98.50283304528861
 20
-4.469634874219549
 30
0.0
  0
VERTEX
  5
1D9
330
1D5
100
AcDbEntity
  8
椅子
100
AcDbVertex
100
AcDb2dVertex
 10
98.72488795665231
 20
-4.80233837035276
 30
0.0
  0
SEQEND
  5
1DA
330
1D5
100
AcDbEntity
  8
椅子
  0
CIRCLE
  5
1DB
330
1F
100
AcDbEntity
  8
椅子
100
AcDbCircle
 10
98.39096407872731
 20
-5.584192153171228
 30
0.0
 40
0.25
  0
CIRCLE
  5
1DC
330
1F
100
AcDbEntity
  8
桌子
100
AcDbCircle
 10
102.3151764960628
 20
-5.072098846511834
 30
0.0
 40
0.35
  0
POLYLINE
  5
1DD
330
1F
100
AcDbEntity
  8
椅子
100
AcDb2dPolyline
 66
     1
 10
0.0
 20
0.0
 30
0.0
 70
     1
  0
VERTEX
  5
1DE
330
1DD
100
AcDbEntity
  8
椅子
100
AcDbVertex
100
AcDb2dVertex
 10
103.1331988810277
 20
-4.766583907930586
 30
0.0
  0
VERTEX
  5
1DF
330
1DD
100
AcDbEntity
  8
椅子
100
AcDbVertex
100
AcDb2dVertex
 10
102.911143969664
 20
-4.433880411797375
 30
0.0
  0
VERTEX
  5
1E0
330
1DD
100
AcDbEntity
  8
椅子
100
AcDbVertex
100
AcDb2dVertex
 10
102.5784404735308
 20
-4.655935323161073
 30
0.0
  0
VERTEX
  5
1E1
330
1DD
100
AcDbEntity
  8
椅子
100
AcDbVertex
100
AcDb2dVertex
 10
102.8004953848945
 20
-4.988638819294284
 30
0.0
  0
SEQEND
  5
1E2
330
1DD
100
AcDbEntity
  8
椅子
  0
POLYLINE
  5
1E3
330
1F
100
AcDbEntity
  8
椅子
100
AcDb2dPolyline
 66
     1
 10
0.0
 20
0.0
 30
0.0
 70
     1
  0
VERTEX
  5
1E4
330
1E3
100
AcDbEntity
  8
椅子
100
AcDbVertex
100
AcDb2dVertex
 10
101.6415816055212
 20
-4.516428149559292
 30
0.0
  0
VERTEX
  5
1E5
330
1E3
100
AcDbEntity
  8
椅子
100
AcDbVertex
100
AcDb2dVertex
 10
101.4644793816238
 20
-4.875085091901965
 30
0.0
  0
VERTEX
  5
1E6
330
1E3
100
AcDbEntity
  8
椅子
100
AcDbVertex
100
AcDb2dVertex
 10
101.8231363239664
 20
-5.05218731579937
 30
0.0
  0
VERTEX
  5
1E7
330
1E3
100
AcDbEntity
  8
椅子
100
AcDbVertex
100
AcDb2dVertex
 10
102.0002385478639
 20
-4.693530373456694
 30
0.0
  0
SEQEND
  5
1E8
330
1E3
100
AcDbEntity
  8
椅子
  0
POLYLINE
  5
1E9
330
1F
100
AcDbEntity
  8
椅子
100
AcDb2dPolyline
 66
     1
 10
0.0
 20
0.0
 30
0.0
 70
     1
  0
VERTEX
  5
1EA
330
1E9
100
AcDbEntity
  8
椅子
100
AcDbVertex
100
AcDb2dVertex
 10
102.170749001622
 20
-5.933284482057338
 30
0.0
  0
VERTEX
  5
1EB
330
1E9
100
AcDbEntity
  8
椅子
100
AcDbVertex
100
AcDb2dVertex
 10
102.5699061368831
 20
-5.907331035847879
 30
0.0
  0
VERTEX
  5
1EC
330
1E9
100
AcDbEntity
  8
椅子
100
AcDbVertex
100
AcDb2dVertex
 10
102.5439526906736
 20
-5.508173900586773
 30
0.0
  0
VERTEX
  5
1ED
330
1E9
100
AcDbEntity
  8
椅子
100
AcDbVertex
100
AcDb2dVertex
 10
102.1447955554125
 20
-5.53412734679624
 30
0.0
  0
SEQEND
  5
1EE
330
1E9
100
AcDbEntity
  8
椅子
  0
POLYLINE
  5
1EF
330
1F
100
AcDbEntity
  8
椅子
100
AcDb2dPolyline
 66
     1
 10
0.0
 20
0.0
 30
0.0
 70
     1
  0
VERTEX
  5
1F0
330
1EF
100
AcDbEntity
  8
椅子
100
AcDbVertex
100
AcDb2dVertex
 10
96.80936714497089
 20
-0.2522494804759012
 30
0.0
  0
VERTEX
  5
1F1
330
1EF
100
AcDbEntity
  8
椅子
100
AcDbVertex
100
AcDb2dVertex
 10
96.80936714497089
 20
-2.052249480475899
 30
0.0
  0
VERTEX
  5
1F2
330
1EF
100
AcDbEntity
  8
椅子
100
AcDbVertex
100
AcDb2dVertex
 10
96.00936714497088
 20
-2.052249480475898
 30
0.0
  0
VERTEX
  5
1F3
330
1EF
100
AcDbEntity
  8
椅子
100
AcDbVertex
100
AcDb2dVertex
 10
96.0093671449709
 20
-0.2522494804759003
 30
0.0
  0
SEQEND
  5
1F4
330
1EF
100
AcDbEntity
  8
椅子
  0
POLYLINE
  5
1F5
330
1F
100
AcDbEntity
  8
桌子
100
AcDb2dPolyline
 66
     1
 10
0.0
 20
0.0
 30
0.0
 70
     1
  0
VERTEX
  5
1F6
330
1F5
100
AcDbEntity
  8
桌子
100
AcDbVertex
100
AcDb2dVertex
 10
97.76866853778454
 20
-0.3894205701428053
 30
0.0
  0
VERTEX
  5
1F7
330
1F5
100
AcDbEntity
  8
桌子
100
AcDbVertex
100
AcDb2dVertex
 10
97.76866853778454
 20
-1.589420570142805
 30
0.0
  0
VERTEX
  5
1F8
330
1F5
100
AcDbEntity
  8
桌子
100
AcDbVertex
100
AcDb2dVertex
 10
97.06866853778453
 20
-1.589420570142805
 30
0.0
  0
VERTEX
  5
1F9
330
1F5
100
AcDbEntity
  8
桌子
100
AcDbVertex
100
AcDb2dVertex
 10
97.06866853778455
 20
-0.3894205701428044
 30
0.0
  0
SEQEND
  5
1FA
330
1F5
100
AcDbEntity
  8
桌子
  0
CIRCLE
  5
1FB
330
1F
100
AcDbEntity
  8
椅子
100
AcDbCircle
 10
101.622963304105
 20
-0.9752465122479963
 30
0.0
 40
0.25
  0
CIRCLE
  5
1FC
330
1F
100
AcDbEntity
  8
椅子
100
AcDbCircle
 10
102.6843594994214
 20
-1.529849929620501
 30
0.0
 40
0.25
  0
CIRCLE
  5
1FD
330
1F
100
AcDbEntity
  8
桌子
100
AcDbCircle
 10
102.5446675653204
 20
-0.4918395892458003
 30
0.0
 40
0.473746572254222
  0
POLYLINE
  5
1FE
330
1F
100
AcDbEntity
  8
椅子
100
AcDb2dPolyline
 66
     1
 10
0.0
 20
0.0
 30
0.0
 70
     1
  0
VERTEX
  5
1FF
330
1FE
100
AcDbEntity
  8
椅子
100
AcDbVertex
100
AcDb2dVertex
 10
101.4648282869062
 20
1.082010328511013
 30
0.0
  0
VERTEX
  5
200
330
1FE
100
AcDbEntity
  8
椅子
100
AcDbVertex
100
AcDb2dVertex
 10
103.2648282869062
 20
1.082010328511013
 30
0.0
  0
VERTEX
  5
201
330
1FE
100
AcDbEntity
  8
椅子
100
AcDbVertex
100
AcDb2dVertex
 10
103.2648282869062
 20
0.282010328511013
 30
0.0
  0
VERTEX
  5
202
330
1FE
100
AcDbEntity
  8
椅子
100
AcDbVertex
100
AcDb2dVertex
 10
101.4648282869062
 20
0.282010328511013
 30
0.0
  0
SEQEND
  5
203
330
1FE
100
AcDbEntity
  8
椅子
  0
POLYLINE
  5
204
330
1F
100
AcDbEntity
  8
椅子
100
AcDb2dPolyline
 66
     1
 10
0.0
 20
0.0
 30
0.0
 70
     1
  0
VERTEX
  5
205
330
204
100
AcDbEntity
  8
椅子
100
AcDbVertex
100
AcDb2dVertex
 10
93.85109559273714
 20
-1.526781839220259
 30
0.0
  0
VERTEX
  5
206
330
204
100
AcDbEntity
  8
椅子
100
AcDbVertex
100
AcDb2dVertex
 10
94.65109559273714
 20
-1.526781839220259
 30
0.0
  0
VERTEX
  5
207
330
204
100
AcDbEntity
  8
椅子
100
AcDbVertex
100
AcDb2dVertex
 10
94.65109559273714
 20
-2.326781839220259
 30
0.0
  0
VERTEX
  5
208
330
204
100
AcDbEntity
  8
椅子
100
AcDbVertex
100
AcDb2dVertex
 10
93.85109559273714
 20
-2.326781839220259
 30
0.0
  0
SEQEND
  5
209
330
204
100
AcDbEntity
  8
椅子
  0
POLYLINE
  5
20A
330
1F
100
AcDbEntity
  8
桌子
100
AcDb2dPolyline
 66
     1
 10
0.0
 20
0.0
 30
0.0
 70
     1
  0
VERTEX
  5
20B
330
20A
100
AcDbEntity
  8
桌子
100
AcDbVertex
100
AcDb2dVertex
 10
94.84744125463278
 20
-0.3894205701428052
 30
0.0
  0
VERTEX
  5
20C
330
20A
100
AcDbEntity
  8
桌子
100
AcDbVertex
100
AcDb2dVertex
 10
94.84744125463278
 20
-1.089420570142805
 30
0.0
  0
VERTEX
  5
20D
330
20A
100
AcDbEntity
  8
桌子
100
AcDbVertex
100
AcDb2dVertex
 10
93.44744125463278
 20
-1.089420570142803
 30
0.0
  0
VERTEX
  5
20E
330
20A
100
AcDbEntity
  8
桌子
100
AcDbVertex
100
AcDb2dVertex
 10
93.44744125463278
 20
-0.3894205701428034
 30
0.0
  0
SEQEND
  5
20F
330
20A
100
AcDbEntity
  8
桌子
  0
POLYLINE
  5
210
330
1F
100
AcDbEntity
  8
桌子
100
AcDb2dPolyline
 66
     1
 10
0.0
 20
0.0
 30
0.0
 70
     1
  0
VERTEX
  5
211
330
210
100
AcDbEntity
  8
桌子
100
AcDbVertex
100
AcDb2dVertex
 10
92.38997438799943
 20
0.0217509289437071
 30
0.0
  0
VERTEX
  5
212
330
210
100
AcDbEntity
  8
桌子
100
AcDbVertex
100
AcDb2dVertex
 10
92.38997438799943
 20
-0.678249071056293
 30
0.0
  0
VERTEX
  5
213
330
210
100
AcDbEntity
  8
桌子
100
AcDbVertex
100
AcDb2dVertex
 10
90.98997438799942
 20
-0.6782490710562912
 30
0.0
  0
VERTEX
  5
214
330
210
100
AcDbEntity
  8
桌子
100
AcDbVertex
100
AcDb2dVertex
 10
90.98997438799942
 20
0.0217509289437088
 30
0.0
  0
SEQEND
  5
215
330
210
100
AcDbEntity
  8
桌子
  0
POLYLINE
  5
216
330
1F
100
AcDbEntity
  8
椅子
100
AcDb2dPolyline
 66
     1
 10
0.0
 20
0.0
 30
0.0
 70
     1
  0
VERTEX
  5
217
330
216
100
AcDbEntity
  8
椅子
100
AcDbVertex
100
AcDb2dVertex
 10
91.7761138415331
 20
-1.106048212248014
 30
0.0
  0
VERTEX
  5
218
330
216
100
AcDbEntity
  8
椅子
100
AcDbVertex
100
AcDb2dVertex
 10
92.5761138415331
 20
-1.106048212248014
 30
0.0
  0
VERTEX
  5
219
330
216
100
AcDbEntity
  8
椅子
100
AcDbVertex
100
AcDb2dVertex
 10
92.5761138415331
 20
-1.906048212248014
 30
0.0
  0
VERTEX
  5
21A
330
216
100
AcDbEntity
  8
椅子
100
AcDbVertex
100
AcDb2dVertex
 10
91.7761138415331
 20
-1.906048212248014
 30
0.0
  0
SEQEND
  5
21B
330
216
100
AcDbEntity
  8
椅子
  0
POLYLINE
  5
21C
330
1F
100
AcDbEntity
  8
椅子
100
AcDb2dPolyline
 66
     1
 10
0.0
 20
0.0
 30
0.0
 70
     1
  0
VERTEX
  5
21D
330
21C
100
AcDbEntity
  8
椅子
100
AcDbVertex
100
AcDb2dVertex
 10
90.77925064518497
 20
-1.106048212248014
 30
0.0
  0
VERTEX
  5
21E
330
21C
100
AcDbEntity
  8
椅子
100
AcDbVertex
100
AcDb2dVertex
 10
91.57925064518497
 20
-1.106048212248014
 30
0.0
  0
VERTEX
  5
21F
330
21C
100
AcDbEntity
  8
椅子
100
AcDbVertex
100
AcDb2dVertex
 10
91.57925064518497
 20
-1.906048212248014
 30
0.0
  0
VERTEX
  5
220
330
21C
100
AcDbEntity
  8
椅子
100
AcDbVertex
100
AcDb2dVertex
 10
90.77925064518497
 20
-1.906048212248014
 30
0.0
  0
SEQEND
  5
221
330
21C
100
AcDbEntity
  8
椅子
  0
POLYLINE
  5
222
330
1F
100
AcDbEntity
  8
椅子
100
AcDb2dPolyline
 66
     1
 10
0.0
 20
0.0
 30
0.0
 70
     1
  0
VERTEX
  5
223
330
222
100
AcDbEntity
  8
椅子
100
AcDbVertex
100
AcDb2dVertex
 10
93.26946820047834
 20
1.349883991885152
 30
0.0
  0
VERTEX
  5
224
330
222
100
AcDbEntity
  8
椅子
100
AcDbVertex
100
AcDb2dVertex
 10
95.06946820047834
 20
1.349883991885152
 30
0.0
  0
VERTEX
  5
225
330
222
100
AcDbEntity
  8
椅子
100
AcDbVertex
100
AcDb2dVertex
 10
95.06946820047834
 20
0.5498839918851521
 30
0.0
  0
VERTEX
  5
226
330
222
100
AcDbEntity
  8
椅子
100
AcDbVertex
100
AcDb2dVertex
 10
93.26946820047834
 20
0.5498839918851521
 30
0.0
  0
SEQEND
  5
227
330
222
100
AcDbEntity
  8
椅子
  0
CIRCLE
  5
228
330
1F
100
AcDbEntity
  8
桌子
100
AcDbCircle
 10
94.54227367780713
 20
2.23299037620064
 30
0.0
 40
0.35
  0
POLYLINE
  5
229
330
1F
100
AcDbEntity
  8
椅子
100
AcDb2dPolyline
 66
     1
 10
0.0
 20
0.0
 30
0.0
 70
     1
  0
VERTEX
  5
22A
330
229
100
AcDbEntity
  8
椅子
100
AcDbVertex
100
AcDb2dVertex
 10
93.26946820047834
 20
2.349883991885152
 30
0.0
  0
VERTEX
  5
22B
330
229
100
AcDbEntity
  8
椅子
100
AcDbVertex
100
AcDb2dVertex
 10
93.86946820047835
 20
2.349883991885152
 30
0.0
  0
VERTEX
  5
22C
330
229
100
AcDbEntity
  8
椅子
100
AcDbVertex
100
AcDb2dVertex
 10
93.86946820047835
 20
1.549883991885152
 30
0.0
  0
VERTEX
  5
22D
330
229
100
AcDbEntity
  8
椅子
100
AcDbVertex
100
AcDb2dVertex
 10
93.26946820047834
 20
1.549883991885152
 30
0.0
  0
SEQEND
  5
22E
330
229
100
AcDbEntity
  8
椅子
  0
POLYLINE
  5
22F
330
1F
100
AcDbEntity
  8
椅子
100
AcDb2dPolyline
 66
     1
 10
0.0
 20
0.0
 30
0.0
 70
     1
  0
VERTEX
  5
230
330
22F
100
AcDbEntity
  8
椅子
100
AcDbVertex
100
AcDb2dVertex
 10
96.70227211145647
 20
1.349883991885152
 30
0.0
  0
VERTEX
  5
231
330
22F
100
AcDbEntity
  8
椅子
100
AcDbVertex
100
AcDb2dVertex
 10
98.50227211145646
 20
1.349883991885152
 30
0.0
  0
VERTEX
  5
232
330
22F
100
AcDbEntity
  8
椅子
100
AcDbVertex
100
AcDb2dVertex
 10
98.50227211145646
 20
0.5498839918851521
 30
0.0
  0
VERTEX
  5
233
330
22F
100
AcDbEntity
  8
椅子
100
AcDbVertex
100
AcDb2dVertex
 10
96.70227211145647
 20
0.5498839918851521
 30
0.0
  0
SEQEND
  5
234
330
22F
100
AcDbEntity
  8
椅子
  0
POLYLINE
  5
235
330
1F
100
AcDbEntity
  8
椅子
100
AcDb2dPolyline
 66
     1
 10
0.0
 20
0.0
 30
0.0
 70
     1
  0
VERTEX
  5
236
330
235
100
AcDbEntity
  8
椅子
100
AcDbVertex
100
AcDb2dVertex
 10
97.90227211145645
 20
2.349883991885152
 30
0.0
  0
VERTEX
  5
237
330
235
100
AcDbEntity
  8
椅子
100
AcDbVertex
100
AcDb2dVertex
 10
98.50227211145646
 20
2.349883991885152
 30
0.0
  0
VERTEX
  5
238
330
235
100
AcDbEntity
  8
椅子
100
AcDbVertex
100
AcDb2dVertex
 10
98.50227211145646
 20
1.549883991885152
 30
0.0
  0
VERTEX
  5
239
330
235
100
AcDbEntity
  8
椅子
100
AcDbVertex
100
AcDb2dVertex
 10
97.90227211145645
 20
1.549883991885152
 30
0.0
  0
SEQEND
  5
23A
330
235
100
AcDbEntity
  8
椅子
  0
POLYLINE
  5
23B
330
1F
100
AcDbEntity
  8
桌子
100
AcDb2dPolyline
 66
     1
 10
0.0
 20
0.0
 30
0.0
 70
     1
  0
VERTEX
  5
23C
330
23B
100
AcDbEntity
  8
桌子
100
AcDbVertex
100
AcDb2dVertex
 10
97.36845586068573
 20
2.349883991885152
 30
0.0
  0
VERTEX
  5
23D
330
23B
100
AcDbEntity
  8
桌子
100
AcDbVertex
100
AcDb2dVertex
 10
97.36845586068573
 20
1.649883991885152
 30
0.0
  0
VERTEX
  5
23E
330
23B
100
AcDbEntity
  8
桌子
100
AcDbVertex
100
AcDb2dVertex
 10
95.96845586068574
 20
1.649883991885154
 30
0.0
  0
VERTEX
  5
23F
330
23B
100
AcDbEntity
  8
桌子
100
AcDbVertex
100
AcDb2dVertex
 10
95.96845586068574
 20
2.349883991885154
 30
0.0
  0
SEQEND
  5
240
330
23B
100
AcDbEntity
  8
桌子
  0
POLYLINE
  5
241
330
1F
100
AcDbEntity
  8
椅子
100
AcDb2dPolyline
 66
     1
 10
0.0
 20
0.0
 30
0.0
 70
     1
  0
VERTEX
  5
242
330
241
100
AcDbEntity
  8
椅子
100
AcDbVertex
100
AcDb2dVertex
 10
96.18850463147186
 20
3.361214603682037
 30
0.0
  0
VERTEX
  5
243
330
241
100
AcDbEntity
  8
椅子
100
AcDbVertex
100
AcDb2dVertex
 10
96.78850463147185
 20
3.361214603682037
 30
0.0
  0
VERTEX
  5
244
330
241
100
AcDbEntity
  8
椅子
100
AcDbVertex
100
AcDb2dVertex
 10
96.78850463147185
 20
2.761214603682037
 30
0.0
  0
VERTEX
  5
245
330
241
100
AcDbEntity
  8
椅子
100
AcDbVertex
100
AcDb2dVertex
 10
96.18850463147186
 20
2.761214603682037
 30
0.0
  0
SEQEND
  5
246
330
241
100
AcDbEntity
  8
椅子
  0
CIRCLE
  5
247
330
1F
100
AcDbEntity
  8
椅子
100
AcDbCircle
 10
97.33346356514218
 20
2.991974101677168
 30
0.0
 40
0.25
  0
POLYLINE
  5
248
330
1F
100
AcDbEntity
  8
椅子
100
AcDb2dPolyline
 66
     1
 10
0.0
 20
0.0
 30
0.0
 70
     1
  0
VERTEX
  5
249
330
248
100
AcDbEntity
  8
椅子
100
AcDbVertex
100
AcDb2dVertex
 10
94.11152855639406
 20
3.500993583332697
 30
0.0
  0
VERTEX
  5
24A
330
248
100
AcDbEntity
  8
椅子
100
AcDbVertex
100
AcDb2dVertex
 10
93.7508287349605
 20
3.328090029818598
 30
0.0
  0
VERTEX
  5
24B
330
248
100
AcDbEntity
  8
椅子
100
AcDbVertex
100
AcDb2dVertex
 10
93.92373228847461
 20
2.967390208385047
 30
0.0
  0
VERTEX
  5
24C
330
248
100
AcDbEntity
  8
椅子
100
AcDbVertex
100
AcDb2dVertex
 10
94.28443210990817
 20
3.14029376189914
 30
0.0
  0
SEQEND
  5
24D
330
248
100
AcDbEntity
  8
椅子
  0
CIRCLE
  5
24E
330
1F
100
AcDbEntity
  8
椅子
100
AcDbCircle
 10
95.33679915370276
 20
2.715064438776811
 30
0.0
 40
0.25
  0
POLYLINE
  5
24F
330
1F
100
AcDbEntity
  8
椅子
100
AcDb2dPolyline
 66
     1
 10
0.0
 20
0.0
 30
0.0
 70
     1
  0
VERTEX
  5
250
330
24F
100
AcDbEntity
  8
椅子
100
AcDbVertex
100
AcDb2dVertex
 10
89.18161147966805
 20
2.349883991885152
 30
0.0
  0
VERTEX
  5
251
330
24F
100
AcDbEntity
  8
椅子
100
AcDbVertex
100
AcDb2dVertex
 10
89.78161147966804
 20
2.349883991885152
 30
0.0
  0
VERTEX
  5
252
330
24F
100
AcDbEntity
  8
椅子
100
AcDbVertex
100
AcDb2dVertex
 10
89.78161147966804
 20
1.549883991885152
 30
0.0
  0
VERTEX
  5
253
330
24F
100
AcDbEntity
  8
椅子
100
AcDbVertex
100
AcDb2dVertex
 10
89.18161147966805
 20
1.549883991885152
 30
0.0
  0
SEQEND
  5
254
330
24F
100
AcDbEntity
  8
椅子
  0
POLYLINE
  5
255
330
1F
100
AcDbEntity
  8
椅子
100
AcDb2dPolyline
 66
     1
 10
0.0
 20
0.0
 30
0.0
 70
     1
  0
VERTEX
  5
256
330
255
100
AcDbEntity
  8
椅子
100
AcDbVertex
100
AcDb2dVertex
 10
87.98161147966805
 20
1.349883991885152
 30
0.0
  0
VERTEX
  5
257
330
255
100
AcDbEntity
  8
椅子
100
AcDbVertex
100
AcDb2dVertex
 10
89.78161147966804
 20
1.349883991885152
 30
0.0
  0
VERTEX
  5
258
330
255
100
AcDbEntity
  8
椅子
100
AcDbVertex
100
AcDb2dVertex
 10
89.78161147966804
 20
0.5498839918851521
 30
0.0
  0
VERTEX
  5
259
330
255
100
AcDbEntity
  8
椅子
100
AcDbVertex
100
AcDb2dVertex
 10
87.98161147966805
 20
0.5498839918851521
 30
0.0
  0
SEQEND
  5
25A
330
255
100
AcDbEntity
  8
椅子
  0
CIRCLE
  5
25B
330
1F
100
AcDbEntity
  8
椅子
100
AcDbCircle
 10
88.47119133174652
 20
3.212295088834919
 30
0.0
 40
0.25
  0
CIRCLE
  5
25C
330
1F
100
AcDbEntity
  8
椅子
100
AcDbCircle
 10
89.34134496934821
 20
2.772437206091207
 30
0.0
 40
0.25
  0
POLYLINE
  5
25D
330
1F
100
AcDbEntity
  8
椅子
100
AcDb2dPolyline
 66
     1
 10
0.0
 20
0.0
 30
0.0
 70
     1
  0
VERTEX
  5
25E
330
25D
100
AcDbEntity
  8
椅子
100
AcDbVertex
100
AcDb2dVertex
 10
86.88004051176341
 20
2.349883991885152
 30
0.0
  0
VERTEX
  5
25F
330
25D
100
AcDbEntity
  8
椅子
100
AcDbVertex
100
AcDb2dVertex
 10
87.48004051176342
 20
2.349883991885152
 30
0.0
  0
VERTEX
  5
260
330
25D
100
AcDbEntity
  8
椅子
100
AcDbVertex
100
AcDb2dVertex
 10
87.48004051176342
 20
1.549883991885152
 30
0.0
  0
VERTEX
  5
261
330
25D
100
AcDbEntity
  8
椅子
100
AcDbVertex
100
AcDb2dVertex
 10
86.88004051176341
 20
1.549883991885152
 30
0.0
  0
SEQEND
  5
262
330
25D
100
AcDbEntity
  8
椅子
  0
CIRCLE
  5
263
330
1F
100
AcDbEntity
  8
桌子
100
AcDbCircle
 10
88.50744802726857
 20
2.003499306943052
 30
0.0
 40
0.4463302619868285
  0
POLYLINE
  5
264
330
1F
100
AcDbEntity
  8
椅子
100
AcDb2dPolyline
 66
     1
 10
0.0
 20
0.0
 30
0.0
 70
     1
  0
VERTEX
  5
265
330
264
100
AcDbEntity
  8
椅子
100
AcDbVertex
100
AcDb2dVertex
 10
85.67535819947395
 20
2.349883991885152
 30
0.0
  0
VERTEX
  5
266
330
264
100
AcDbEntity
  8
椅子
100
AcDbVertex
100
AcDb2dVertex
 10
86.47535819947396
 20
2.349883991885152
 30
0.0
  0
VERTEX
  5
267
330
264
100
AcDbEntity
  8
椅子
100
AcDbVertex
100
AcDb2dVertex
 10
86.47535819947396
 20
0.5498839918851521
 30
0.0
  0
VERTEX
  5
268
330
264
100
AcDbEntity
  8
椅子
100
AcDbVertex
100
AcDb2dVertex
 10
85.67535819947395
 20
0.5498839918851521
 30
0.0
  0
SEQEND
  5
269
330
264
100
AcDbEntity
  8
椅子
  0
CIRCLE
  5
26A
330
1F
100
AcDbEntity
  8
桌子
100
AcDbCircle
 10
85.07458656131602
 20
1.601471522882803
 30
0.0
 40
0.35
  0
CIRCLE
  5
26B
330
1F
100
AcDbEntity
  8
椅子
100
AcDbCircle
 10
85.22478988905942
 20
2.421353646434793
 30
0.0
 40
0.25
  0
CIRCLE
  5
26C
330
1F
100
AcDbEntity
  8
椅子
100
AcDbCircle
 10
84.91785738902354
 20
0.6269790308404795
 30
0.0
 40
0.25
  0
POLYLINE
  5
26D
330
1F
100
AcDbEntity
  8
椅子
100
AcDb2dPolyline
 66
     1
 10
0.0
 20
0.0
 30
0.0
 70
     1
  0
VERTEX
  5
26E
330
26D
100
AcDbEntity
  8
椅子
100
AcDbVertex
100
AcDb2dVertex
 10
87.4011824962836
 20
-2.026880940884953
 30
0.0
  0
VERTEX
  5
26F
330
26D
100
AcDbEntity
  8
椅子
100
AcDbVertex
100
AcDb2dVertex
 10
87.4011824962836
 20
-1.226880940884952
 30
0.0
  0
VERTEX
  5
270
330
26D
100
AcDbEntity
  8
椅子
100
AcDbVertex
100
AcDb2dVertex
 10
88.2011824962836
 20
-1.226880940884952
 30
0.0
  0
VERTEX
  5
271
330
26D
100
AcDbEntity
  8
椅子
100
AcDbVertex
100
AcDb2dVertex
 10
88.2011824962836
 20
-2.026880940884953
 30
0.0
  0
SEQEND
  5
272
330
26D
100
AcDbEntity
  8
椅子
  0
POLYLINE
  5
273
330
1F
100
AcDbEntity
  8
椅子
100
AcDb2dPolyline
 66
     1
 10
0.0
 20
0.0
 30
0.0
 70
     1
  0
VERTEX
  5
274
330
273
100
AcDbEntity
  8
椅子
100
AcDbVertex
100
AcDb2dVertex
 10
87.4011824962836
 20
-1.030017744536826
 30
0.0
  0
VERTEX
  5
275
330
273
100
AcDbEntity
  8
椅子
100
AcDbVertex
100
AcDb2dVertex
 10
87.4011824962836
 20
-0.2300177445368257
 30
0.0
  0
VERTEX
  5
276
330
273
100
AcDbEntity
  8
椅子
100
AcDbVertex
100
AcDb2dVertex
 10
88.2011824962836
 20
-0.2300177445368257
 30
0.0
  0
VERTEX
  5
277
330
273
100
AcDbEntity
  8
椅子
100
AcDbVertex
100
AcDb2dVertex
 10
88.2011824962836
 20
-1.030017744536826
 30
0.0
  0
SEQEND
  5
278
330
273
100
AcDbEntity
  8
椅子
  0
POLYLINE
  5
279
330
1F
100
AcDbEntity
  8
桌子
100
AcDb2dPolyline
 66
     1
 10
0.0
 20
0.0
 30
0.0
 70
     1
  0
VERTEX
  5
27A
330
279
100
AcDbEntity
  8
桌子
100
AcDbVertex
100
AcDb2dVertex
 10
89.34802381800755
 20
-0.3894205701428053
 30
0.0
  0
VERTEX
  5
27B
330
279
100
AcDbEntity
  8
桌子
100
AcDbVertex
100
AcDb2dVertex
 10
89.34802381800753
 20
-1.589420570142805
 30
0.0
  0
VERTEX
  5
27C
330
279
100
AcDbEntity
  8
桌子
100
AcDbVertex
100
AcDb2dVertex
 10
88.64802381800754
 20
-1.589420570142805
 30
0.0
  0
VERTEX
  5
27D
330
279
100
AcDbEntity
  8
桌子
100
AcDbVertex
100
AcDb2dVertex
 10
88.64802381800754
 20
-0.3894205701428044
 30
0.0
  0
SEQEND
  5
27E
330
279
100
AcDbEntity
  8
桌子
  0
POLYLINE
  5
27F
330
1F
100
AcDbEntity
  8
椅子
100
AcDb2dPolyline
 66
     1
 10
0.0
 20
0.0
 30
0.0
 70
     1
  0
VERTEX
  5
280
330
27F
100
AcDbEntity
  8
椅子
100
AcDbVertex
100
AcDb2dVertex
 10
90.07916898447628
 20
-1.4135452737738
 30
0.0
  0
VERTEX
  5
281
330
27F
100
AcDbEntity
  8
椅子
100
AcDbVertex
100
AcDb2dVertex
 10
89.85711407311258
 20
-1.080841777640589
 30
0.0
  0
VERTEX
  5
282
330
27F
100
AcDbEntity
  8
椅子
100
AcDbVertex
100
AcDb2dVertex
 10
89.52441057697938
 20
-1.302896689004287
 30
0.0
  0
VERTEX
  5
283
330
27F
100
AcDbEntity
  8
椅子
100
AcDbVertex
100
AcDb2dVertex
 10
89.74646548834306
 20
-1.635600185137498
 30
0.0
  0
SEQEND
  5
284
330
27F
100
AcDbEntity
  8
椅子
  0
POLYLINE
  5
285
330
1F
100
AcDbEntity
  8
椅子
100
AcDb2dPolyline
 66
     1
 10
0.0
 20
0.0
 30
0.0
 70
     1
  0
VERTEX
  5
286
330
285
100
AcDbEntity
  8
椅子
100
AcDbVertex
100
AcDb2dVertex
 10
89.94875305001955
 20
-0.1444395280873945
 30
0.0
  0
VERTEX
  5
287
330
285
100
AcDbEntity
  8
椅子
100
AcDbVertex
100
AcDb2dVertex
 10
89.57761401030595
 20
-0.2936233516088134
 30
0.0
  0
VERTEX
  5
288
330
285
100
AcDbEntity
  8
椅子
100
AcDbVertex
100
AcDb2dVertex
 10
89.72679783382736
 20
-0.664762391322407
 30
0.0
  0
VERTEX
  5
289
330
285
100
AcDbEntity
  8
椅子
100
AcDbVertex
100
AcDb2dVertex
 10
90.09793687354096
 20
-0.5155785678009899
 30
0.0
  0
SEQEND
  5
28A
330
285
100
AcDbEntity
  8
椅子
  0
POLYLINE
  5
28B
330
1F
100
AcDbEntity
  8
虚线
100
AcDb2dPolyline
 66
     1
 10
0.0
 20
0.0
 30
0.0
 70
     1
  0
VERTEX
  5
28C
330
28B
100
AcDbEntity
  8
虚线
100
AcDbVertex
100
AcDb2dVertex
 10
103.5984189735893
 20
1.731605008053547
 30
0.0
  0
VERTEX
  5
28D
330
28B
100
AcDbEntity
  8
虚线
100
AcDbVertex
100
AcDb2dVertex
 10
103.5984189735893
 20
-7.573417576611677
 30
0.0
  0
VERTEX
  5
28E
330
28B
100
AcDbEntity
  8
虚线
100
AcDbVertex
100
AcDb2dVertex
 10
101.1984189735893
 20
-7.573417576611677
 30
0.0
  0
VERTEX
  5
28F
330
28B
100
AcDbEntity
  8
虚线
100
AcDbVertex
100
AcDb2dVertex
 10
101.1984189735893
 20
1.731605008053547
 30
0.0
  0
SEQEND
  5
290
330
28B
100
AcDbEntity
  8
虚线
  0
POLYLINE
  5
291
330
1F
100
AcDbEntity
  8
椅子
100
AcDb2dPolyline
 66
     1
 10
0.0
 20
0.0
 30
0.0
 70
     1
  0
VERTEX
  5
292
330
291
100
AcDbEntity
  8
椅子
100
AcDbVertex
100
AcDb2dVertex
 10
100.7272433876555
 20
0.1374121571876943
 30
0.0
  0
VERTEX
  5
293
330
291
100
AcDbEntity
  8
椅子
100
AcDbVertex
100
AcDb2dVertex
 10
100.5501411637581
 20
-0.2212447851549788
 30
0.0
  0
VERTEX
  5
294
330
291
100
AcDbEntity
  8
椅子
100
AcDbVertex
100
AcDb2dVertex
 10
100.9087981061008
 20
-0.398347009052384
 30
0.0
  0
VERTEX
  5
295
330
291
100
AcDbEntity
  8
椅子
100
AcDbVertex
100
AcDb2dVertex
 10
101.0859003299982
 20
-0.0396900667097082
 30
0.0
  0
SEQEND
  5
296
330
291
100
AcDbEntity
  8
椅子
  0
ENDSEC
  0
SECTION
  2
OBJECTS
  0
DICTIONARY
  5
C
330
0
100
AcDbDictionary
281
     1
  3
ACAD_DETAILVIEWSTYLE
350
2D2
  3
ACAD_GROUP
350
D
  3
ACAD_LAYOUT
350
1A
  3
ACAD_MATERIAL
350
43
  3
ACAD_MLEADERSTYLE
350
5B
  3
ACAD_MLINESTYLE
350
17
  3
ACAD_PLOTSETTINGS
350
19
  3
ACAD_PLOTSTYLENAME
350
E
  3
ACAD_SCALELIST
350
47
  3
ACAD_SECTIONVIEWSTYLE
350
2D3
  3
ACAD_TABLESTYLE
350
59
  3
ACAD_VISUALSTYLE
350
2A
  3
ACDB_RECOMPOSE_DATA
350
2CF
  3
AcDbVariableDictionary
350
297
  0
SUN
  5
5D
330
29
100
AcDbSun
 90
        1
290
     0
 63
     7
421
 16777215
 40
1.0
291
     1
 91
  2455826
 92
 54000000
292
     0
 70
     2
 71
   256
280
     1
  0
DICTIONARY
  5
2D2
102
{ACAD_REACTORS
330
C
102
}
330
C
100
AcDbDictionary
281
     1
  0
DICTIONARY
  5
D
102
{ACAD_REACTORS
330
C
102
}
330
C
100
AcDbDictionary
281
     1
  0
DICTIONARY
  5
1A
102
{ACAD_REACTORS
330
C
102
}
330
C
100
AcDbDictionary
281
     1
  3
Layout1
350
1E
  3
Layout2
350
26
  3
Model
350
22
  0
DICTIONARY
  5
43
102
{ACAD_REACTORS
330
C
102
}
330
C
100
AcDbDictionary
281
     1
  3
ByBlock
350
45
  3
ByLayer
350
44
  3
Global
350
46
  0
DICTIONARY
  5
5B
102
{ACAD_REACTORS
330
C
102
}
330
C
100
AcDbDictionary
281
     1
  3
Standard
350
5C
  0
DICTIONARY
  5
17
102
{ACAD_REACTORS
330
C
102
}
330
C
100
AcDbDictionary
281
     1
  3
Standard
350
18
  0
DICTIONARY
  5
19
102
{ACAD_REACTORS
330
C
102
}
330
C
100
AcDbDictionary
281
     1
  0
ACDBDICTIONARYWDFLT
  5
E
102
{ACAD_REACTORS
330
C
102
}
330
C
100
AcDbDictionary
281
     1
  3
Normal
350
F
100
AcDbDictionaryWithDefault
340
F
  0
DICTIONARY
  5
47
102
{ACAD_REACTORS
330
C
102
}
330
C
100
AcDbDictionary
281
     1
  3
A0
350
48
  3
A1
350
49
  3
A2
350
4A
  3
A3
350
4B
  3
A4
350
4C
  3
A5
350
4D
  3
A6
350
4E
  3
A7
350
4F
  3
A8
350
50
  3
A9
350
51
  3
B1
350
52
  3
B2
350
53
  3
B3
350
54
  3
B4
350
55
  3
B5
350
56
  3
B6
350
57
  3
B7
350
58
  0
DICTIONARY
  5
2D3
102
{ACAD_REACTORS
330
C
102
}
330
C
100
AcDbDictionary
281
     1
  0
DICTIONARY
  5
59
102
{ACAD_REACTORS
330
C
102
}
330
C
100
AcDbDictionary
281
     1
  3
Standard
350
5A
  0
DICTIONARY
  5
2A
102
{ACAD_REACTORS
330
C
102
}
330
C
100
AcDbDictionary
281
     1
  3
2dWireframe
350
2F
  3
Basic
350
32
  3
Brighten
350
36
  3
ColorChange
350
3A
  3
Conceptual
350
34
  3
Dim
350
35
  3
EdgeColorOff
350
3D
  3
Facepattern
350
39
  3
Flat
350
2B
  3
FlatWithEdges
350
2C
  3
Gouraud
350
2D
  3
GouraudWithEdges
350
2E
  3
Hidden
350
31
  3
JitterOff
350
3B
  3
Linepattern
350
38
  3
OverhangOff
350
3C
  3
Realistic
350
33
  3
Shaded
350
42
  3
Shaded with edges
350
41
  3
Shades of Gray
350
3E
  3
Sketchy
350
3F
  3
Thicken
350
37
  3
Wireframe
350
30
  3
X-Ray
350
40
  0
XRECORD
  5
2CF
102
{ACAD_REACTORS
330
C
102
}
330
C
100
AcDbXrecord
280
     1
 90
        1
330
5A
  0
DICTIONARY
  5
297
102
{ACAD_REACTORS
330
C
102
}
330
C
100
AcDbDictionary
281
     1
  3
CANNOSCALE
350
298
  3
CMLEADERSTYLE
350
2D1
  3
CTABLESTYLE
350
2D0
  3
XCLIPFRAME
350
299
  0
LAYOUT
  5
1E
102
{ACAD_REACTORS
330
1A
102
}
330
1A
100
AcDbPlotSettings
  1

  2
none_device
  4

  6

 40
0.0
 41
0.0
 42
0.0
 43
0.0
 44
0.0
 45
0.0
 46
0.0
 47
0.0
 48
0.0
 49
0.0
140
0.0
141
0.0
142
1.0
143
1.0
 70
   688
 72
     0
 73
     0
 74
     5
  7

 75
    16
 76
     0
 77
     2
 78
   300
147
1.0
148
0.0
149
0.0
100
AcDbLayout
  1
Layout1
 70
     1
 71
     1
 10
0.0
 20
0.0
 11
12.0
 21
9.0
 12
0.0
 22
0.0
 32
0.0
 14
1.000000000000000E+20
 24
1.000000000000000E+20
 34
1.000000000000000E+20
 15
-1.000000000000000E+20
 25
-1.000000000000000E+20
 35
-1.000000000000000E+20
146
0.0
 13
0.0
 23
0.0
 33
0.0
 16
1.0
 26
0.0
 36
0.0
 17
0.0
 27
1.0
 37
0.0
 76
     0
330
1B
  0
LAYOUT
  5
26
102
{ACAD_REACTORS
330
1A
102
}
330
1A
100
AcDbPlotSettings
  1

  2
none_device
  4

  6

 40
0.0
 41
0.0
 42
0.0
 43
0.0
 44
0.0
 45
0.0
 46
0.0
 47
0.0
 48
0.0
 49
0.0
140
0.0
141
0.0
142
1.0
143
1.0
 70
   688
 72
     0
 73
     0
 74
     5
  7

 75
    16
 76
     0
 77
     2
 78
   300
147
1.0
148
0.0
149
0.0
100
AcDbLayout
  1
Layout2
 70
     1
 71
     2
 10
0.0
 20
0.0
 11
0.0
 21
0.0
 12
0.0
 22
0.0
 32
0.0
 14
0.0
 24
0.0
 34
0.0
 15
0.0
 25
0.0
 35
0.0
146
0.0
 13
0.0
 23
0.0
 33
0.0
 16
1.0
 26
0.0
 36
0.0
 17
0.0
 27
1.0
 37
0.0
 76
     0
330
23
  0
LAYOUT
  5
22
102
{ACAD_REACTORS
330
1A
102
}
330
1A
100
AcDbPlotSettings
  1

  2
none_device
  4
Letter_(8.50_x_11.00_Inches)
  6

 40
6.35
 41
6.35
 42
6.35000508
 43
6.35000508
 44
215.9
 45
279.4
 46
0.0
 47
0.0
 48
0.0
 49
0.0
140
0.0
141
0.0
142
1.0
143
1.0
 70
  1712
 72
     0
 73
     0
 74
     0
  7

 75
     0
 76
     0
 77
     2
 78
   300
147
1.0
148
0.0
149
0.0
100
AcDbLayout
  1
Model
 70
     1
 71
     0
 10
0.0
 20
0.0
 11
12.0
 21
9.0
 12
0.0
 22
0.0
 32
0.0
 14
79.98644259518683
 24
-11.1928365634724
 34
0.0
 15
103.7984189735893
 25
6.5557867661168
 35
0.0
146
0.0
 13
0.0
 23
0.0
 33
0.0
 16
1.0
 26
0.0
 36
0.0
 17
0.0
 27
1.0
 37
0.0
 76
     0
330
1F
331
29
  0
MATERIAL
  5
45
102
{ACAD_REACTORS
330
43
102
}
330
43
100
AcDbMaterial
  1
ByBlock
 72
     1
 94
      127
  0
MATERIAL
  5
44
102
{ACAD_REACTORS
330
43
102
}
330
43
100
AcDbMaterial
  1
ByLayer
 72
     1
 94
      127
  0
MATERIAL
  5
46
102
{ACAD_REACTORS
330
43
102
}
330
43
100
AcDbMaterial
  1
Global
 72
     1
 94
      127
  0
MLEADERSTYLE
  5
5C
102
{ACAD_REACTORS
330
5B
102
}
102
{ACAD_XDICTIONARY
360
2CD
102
}
330
5B
100
AcDbMLeaderStyle
170
     2
171
     1
172
     0
 90
        2
 40
0.0
 41
0.0
173
     1
 91
-1056964608
340
14
 92
       -2
290
     1
 42
0.09
291
     1
 43
0.36
  3
Standard
341
0
 44
0.18
300

342
11
174
     1
178
     6
175
     1
176
     0
 93
-1056964608
 45
0.18
292
     0
297
     0
 46
0.18
343
0
 94
-1056964608
 47
1.0
 49
1.0
140
1.0
293
     1
141
0.0
294
     1
177
     0
142
1.0
295
     0
296
     0
143
0.125
1001
ACAD_MLEADERVER
1070
     2
  0
MLINESTYLE
  5
18
102
{ACAD_REACTORS
330
17
102
}
330
17
100
AcDbMlineStyle
  2
Standard
 70
     0
  3

 62
   256
 51
90.0
 52
90.0
 71
     2
 49
0.5
 62
   256
  6
BYLAYER
 49
-0.5
 62
   256
  6
BYLAYER
  0
ACDBPLACEHOLDER
  5
F
102
{ACAD_REACTORS
330
E
102
}
330
E
  0
SCALE
  5
48
102
{ACAD_REACTORS
330
47
102
}
330
47
100
AcDbScale
 70
     0
300
1:1
140
1.0
141
1.0
290
     1
  0
SCALE
  5
49
102
{ACAD_REACTORS
330
47
102
}
330
47
100
AcDbScale
 70
     0
300
1/128" = 1'-0"
140
0.0078125
141
12.0
290
     0
  0
SCALE
  5
4A
102
{ACAD_REACTORS
330
47
102
}
330
47
100
AcDbScale
 70
     0
300
1/64" = 1'-0"
140
0.015625
141
12.0
290
     0
  0
SCALE
  5
4B
102
{ACAD_REACTORS
330
47
102
}
330
47
100
AcDbScale
 70
     0
300
1/32" = 1'-0"
140
0.03125
141
12.0
290
     0
  0
SCALE
  5
4C
102
{ACAD_REACTORS
330
47
102
}
330
47
100
AcDbScale
 70
     0
300
1/16" = 1'-0"
140
0.0625
141
12.0
290
     0
  0
SCALE
  5
4D
102
{ACAD_REACTORS
330
47
102
}
330
47
100
AcDbScale
 70
     0
300
3/32" = 1'-0"
140
0.09375
141
12.0
290
     0
  0
SCALE
  5
4E
102
{ACAD_REACTORS
330
47
102
}
330
47
100
AcDbScale
 70
     0
300
1/8" = 1'-0"
140
0.125
141
12.0
290
     0
  0
SCALE
  5
4F
102
{ACAD_REACTORS
330
47
102
}
330
47
100
AcDbScale
 70
     0
300
3/16" = 1'-0"
140
0.1875
141
12.0
290
     0
  0
SCALE
  5
50
102
{ACAD_REACTORS
330
47
102
}
330
47
100
AcDbScale
 70
     0
300
1/4" = 1'-0"
140
0.25
141
12.0
290
     0
  0
SCALE
  5
51
102
{ACAD_REACTORS
330
47
102
}
330
47
100
AcDbScale
 70
     0
300
3/8" = 1'-0"
140
0.375
141
12.0
290
     0
  0
SCALE
  5
52
102
{ACAD_REACTORS
330
47
102
}
330
47
100
AcDbScale
 70
     0
300
1/2" = 1'-0"
140
0.5
141
12.0
290
     0
  0
SCALE
  5
53
102
{ACAD_REACTORS
330
47
102
}
330
47
100
AcDbScale
 70
     0
300
3/4" = 1'-0"
140
0.75
141
12.0
290
     0
  0
SCALE
  5
54
102
{ACAD_REACTORS
330
47
102
}
330
47
100
AcDbScale
 70
     0
300
1" = 1'-0"
140
1.0
141
12.0
290
     0
  0
SCALE
  5
55
102
{ACAD_REACTORS
330
47
102
}
330
47
100
AcDbScale
 70
     0
300
1-1/2" = 1'-0"
140
1.5
141
12.0
290
     0
  0
SCALE
  5
56
102
{ACAD_REACTORS
330
47
102
}
330
47
100
AcDbScale
 70
     0
300
3" = 1'-0"
140
3.0
141
12.0
290
     0
  0
SCALE
  5
57
102
{ACAD_REACTORS
330
47
102
}
330
47
100
AcDbScale
 70
     0
300
6" = 1'-0"
140
6.0
141
12.0
290
     0
  0
SCALE
  5
58
102
{ACAD_REACTORS
330
47
102
}
330
47
100
AcDbScale
 70
     0
300
1'-0" = 1'-0"
140
12.0
141
12.0
290
     0
  0
TABLESTYLE
  5
5A
102
{ACAD_REACTORS
330
59
102
}
102
{ACAD_XDICTIONARY
360
2CA
102
}
330
59
100
AcDbTableStyle
  3
Standard
 70
     0
 71
     0
 40
0.06
 41
0.06
280
     0
281
     0
  7
Standard
140
0.18
170
     2
 62
     0
 63
   257
283
     0
 90
        4
 91
        0
  1

274
    -2
284
     1
 64
     0
275
    -2
285
     1
 65
     0
276
    -2
286
     1
 66
     0
277
    -2
287
     1
 67
     0
278
    -2
288
     1
 68
     0
279
    -2
289
     1
 69
     0
  7
Standard
140
0.25
170
     5
 62
     0
 63
   257
283
     0
 90
        4
 91
        0
  1

274
    -2
284
     1
 64
     0
275
    -2
285
     1
 65
     0
276
    -2
286
     1
 66
     0
277
    -2
287
     1
 67
     0
278
    -2
288
     1
 68
     0
279
    -2
289
     1
 69
     0
  7
Standard
140
0.18
170
     5
 62
     0
 63
   257
283
     0
 90
        4
 91
        0
  1

274
    -2
284
     1
 64
     0
275
    -2
285
     1
 65
     0
276
    -2
286
     1
 66
     0
277
    -2
287
     1
 67
     0
278
    -2
288
     1
 68
     0
279
    -2
289
     1
 69
     0
  0
VISUALSTYLE
  5
2F
102
{ACAD_REACTORS
330
2A
102
}
102
{ACAD_XDICTIONARY
360
2A2
102
}
330
2A
100
AcDbVisualStyle
  2
2dWireframe
 70
     4
 71
     0
 72
     2
 73
     0
 90
        0
 40
0.6
 41
30.0
 62
     5
 63
     7
421
 16777215
 74
     1
 91
        4
 64
     7
 65
   257
 75
     1
175
     1
 42
1.0
 92
        0
 66
   257
 43
1.0
 76
     1
 77
     6
 78
     2
 67
     7
 79
     5
170
     0
171
     0
290
     0
174
     0
 93
        1
 44
0.0
173
     0
291
     0
 45
0.0
  0
VISUALSTYLE
  5
32
102
{ACAD_REACTORS
330
2A
102
}
102
{ACAD_XDICTIONARY
360
2A8
102
}
330
2A
100
AcDbVisualStyle
  2
Basic
 70
     7
 71
     1
 72
     0
 73
     1
 90
        0
 40
0.6
 41
30.0
 62
     5
 63
     7
421
 16777215
 74
     0
 91
        4
 64
     7
 65
   257
 75
     1
175
     1
 42
1.0
 92
        8
 66
     7
 43
1.0
 76
     1
 77
     6
 78
     2
 67
     7
 79
     5
170
     0
171
     0
290
     0
174
     0
 93
        1
 44
0.0
173
     0
291
     1
 45
0.0
  0
VISUALSTYLE
  5
36
102
{ACAD_REACTORS
330
2A
102
}
102
{ACAD_XDICTIONARY
360
2B0
102
}
330
2A
100
AcDbVisualStyle
  2
Brighten
 70
    12
 71
     2
 72
     2
 73
     0
 90
        0
 40
0.6
 41
30.0
 62
     5
 63
     7
421
 16777215
 74
     1
 91
        4
 64
     7
 65
   257
 75
     1
175
     1
 42
1.0
 92
        8
 66
     7
 43
1.0
 76
     1
 77
     6
 78
     2
 67
     7
 79
     5
170
     0
171
     0
290
     0
174
     0
 93
        1
 44
50.0
173
     0
291
     1
 45
0.0
  0
VISUALSTYLE
  5
3A
102
{ACAD_REACTORS
330
2A
102
}
102
{ACAD_XDICTIONARY
360
2B8
102
}
330
2A
100
AcDbVisualStyle
  2
ColorChange
 70
    16
 71
     2
 72
     2
 73
     3
 90
        0
 40
0.6
 41
30.0
 62
     5
 63
     8
421
  8421504
 74
     1
 91
        4
 64
     7
 65
   257
 75
     1
175
     1
 42
1.0
 92
        8
 66
     8
424
  8421504
 43
1.0
 76
     1
 77
     6
 78
     2
 67
     7
 79
     5
170
     0
171
     0
290
     0
174
     0
 93
        1
 44
0.0
173
     0
291
     1
 45
0.0
  0
VISUALSTYLE
  5
34
102
{ACAD_REACTORS
330
2A
102
}
102
{ACAD_XDICTIONARY
360
2AC
102
}
330
2A
100
AcDbVisualStyle
  2
Conceptual
 70
     9
 71
     3
 72
     2
 73
     0
 90
        0
 40
0.6
 41
30.0
 62
     5
 63
     7
421
 16777215
 74
     2
 91
        2
 64
     7
 65
   257
 75
     1
175
     1
 42
179.0
 92
        8
 66
     7
 43
1.0
 76
     1
 77
     6
 78
     2
 67
     7
 79
     3
170
     0
171
     0
290
     0
174
     0
 93
        1
 44
0.0
173
     0
291
     0
 45
0.0
  0
VISUALSTYLE
  5
35
102
{ACAD_REACTORS
330
2A
102
}
102
{ACAD_XDICTIONARY
360
2AE
102
}
330
2A
100
AcDbVisualStyle
  2
Dim
 70
    11
 71
     2
 72
     2
 73
     0
 90
        0
 40
0.6
 41
30.0
 62
     5
 63
     7
421
 16777215
 74
     1
 91
        4
 64
     7
 65
   257
 75
     1
175
     1
 42
1.0
 92
        8
 66
     7
 43
1.0
 76
     1
 77
     6
 78
     2
 67
     7
 79
     5
170
     0
171
     0
290
     0
174
     0
 93
        1
 44
-50.0
173
     0
291
     1
 45
0.0
  0
VISUALSTYLE
  5
3D
102
{ACAD_REACTORS
330
2A
102
}
102
{ACAD_XDICTIONARY
360
2BE
102
}
330
2A
100
AcDbVisualStyle
  2
EdgeColorOff
 70
    22
 71
     2
 72
     2
 73
     0
 90
        0
 40
0.6
 41
30.0
 62
     5
 63
     7
421
 16777215
 74
     1
 91
        4
 64
     7
 65
   257
 75
     1
175
     1
 42
1.0
 92
        8
 66
     7
 43
1.0
 76
     1
 77
     6
 78
     2
 67
     7
 79
     5
170
     0
171
     0
290
     0
174
     0
 93
        1
 44
0.0
173
     0
291
     1
 45
0.0
  0
VISUALSTYLE
  5
39
102
{ACAD_REACTORS
330
2A
102
}
102
{ACAD_XDICTIONARY
360
2B6
102
}
330
2A
100
AcDbVisualStyle
  2
Facepattern
 70
    15
 71
     2
 72
     2
 73
     0
 90
        0
 40
0.6
 41
30.0
 62
     5
 63
     7
421
 16777215
 74
     1
 91
        4
 64
     7
 65
   257
 75
     1
175
     1
 42
1.0
 92
        8
 66
     7
 43
1.0
 76
     1
 77
     6
 78
     2
 67
     7
 79
     5
170
     0
171
     0
290
     0
174
     0
 93
        1
 44
0.0
173
     0
291
     1
 45
0.0
  0
VISUALSTYLE
  5
2B
102
{ACAD_REACTORS
330
2A
102
}
102
{ACAD_XDICTIONARY
360
29A
102
}
330
2A
100
AcDbVisualStyle
  2
Flat
 70
     0
 71
     2
 72
     1
 73
     1
 90
        2
 40
0.6
 41
30.0
 62
     5
 63
     7
421
 16777215
 74
     0
 91
        0
 64
     7
 65
   257
 75
     1
175
     1
 42
1.0
 92
        8
 66
     7
 43
1.0
 76
     1
 77
     6
 78
     2
 67
     7
 79
     5
170
     0
171
     0
290
     0
174
     0
 93
       13
 44
0.0
173
     0
291
     1
 45
0.0
  0
VISUALSTYLE
  5
2C
102
{ACAD_REACTORS
330
2A
102
}
102
{ACAD_XDICTIONARY
360
29C
102
}
330
2A
100
AcDbVisualStyle
  2
FlatWithEdges
 70
     1
 71
     2
 72
     1
 73
     1
 90
        2
 40
0.6
 41
30.0
 62
     5
 63
     7
421
 16777215
 74
     1
 91
        0
 64
     7
 65
   257
 75
     1
175
     1
 42
1.0
 92
        0
 66
   257
 43
1.0
 76
     1
 77
     6
 78
     2
 67
     7
 79
     5
170
     0
171
     0
290
     0
174
     0
 93
       13
 44
0.0
173
     0
291
     1
 45
0.0
  0
VISUALSTYLE
  5
2D
102
{ACAD_REACTORS
330
2A
102
}
102
{ACAD_XDICTIONARY
360
29E
102
}
330
2A
100
AcDbVisualStyle
  2
Gouraud
 70
     2
 71
     2
 72
     2
 73
     1
 90
        2
 40
0.6
 41
30.0
 62
     5
 63
     7
421
 16777215
 74
     0
 91
        0
 64
     7
 65
   257
 75
     1
175
     1
 42
1.0
 92
        0
 66
     7
 43
1.0
 76
     1
 77
     6
 78
     2
 67
     7
 79
     5
170
     0
171
     0
290
     0
174
     0
 93
       13
 44
0.0
173
     0
291
     1
 45
0.0
  0
VISUALSTYLE
  5
2E
102
{ACAD_REACTORS
330
2A
102
}
102
{ACAD_XDICTIONARY
360
2A0
102
}
330
2A
100
AcDbVisualStyle
  2
GouraudWithEdges
 70
     3
 71
     2
 72
     2
 73
     1
 90
        2
 40
0.6
 41
30.0
 62
     5
 63
     7
421
 16777215
 74
     1
 91
        0
 64
     7
 65
   257
 75
     1
175
     1
 42
1.0
 92
        0
 66
   257
 43
1.0
 76
     1
 77
     6
 78
     2
 67
     7
 79
     5
170
     0
171
     0
290
     0
174
     0
 93
       13
 44
0.0
173
     0
291
     1
 45
0.0
  0
VISUALSTYLE
  5
31
102
{ACAD_REACTORS
330
2A
102
}
102
{ACAD_XDICTIONARY
360
2A6
102
}
330
2A
100
AcDbVisualStyle
  2
Hidden
 70
     6
 71
     1
 72
     2
 73
     2
 90
        0
 40
0.6
 41
30.0
 62
     5
 63
     7
421
 16777215
 74
     2
 91
        2
 64
     7
 65
   257
 75
     2
175
     1
 42
40.0
 92
        0
 66
   257
 43
1.0
 76
     1
 77
     6
 78
     2
 67
     7
 79
     3
170
     0
171
     0
290
     0
174
     0
 93
        1
 44
0.0
173
     0
291
     0
 45
0.0
  0
VISUALSTYLE
  5
3B
102
{ACAD_REACTORS
330
2A
102
}
102
{ACAD_XDICTIONARY
360
2BA
102
}
330
2A
100
AcDbVisualStyle
  2
JitterOff
 70
    20
 71
     2
 72
     2
 73
     0
 90
        0
 40
0.6
 41
30.0
 62
     5
 63
     7
421
 16777215
 74
     1
 91
        4
 64
     7
 65
   257
 75
     1
175
     1
 42
1.0
 92
       10
 66
     7
 43
1.0
 76
     1
 77
     6
 78
     2
 67
     7
 79
     5
170
     0
171
     0
290
     0
174
     0
 93
        1
 44
0.0
173
     0
291
     1
 45
0.0
  0
VISUALSTYLE
  5
38
102
{ACAD_REACTORS
330
2A
102
}
102
{ACAD_XDICTIONARY
360
2B4
102
}
330
2A
100
AcDbVisualStyle
  2
Linepattern
 70
    14
 71
     2
 72
     2
 73
     0
 90
        0
 40
0.6
 41
30.0
 62
     5
 63
     7
421
 16777215
 74
     1
 91
        4
 64
     7
 65
   257
 75
     7
175
     7
 42
1.0
 92
        8
 66
     7
 43
1.0
 76
     1
 77
     6
 78
     2
 67
     7
 79
     5
170
     0
171
     0
290
     0
174
     0
 93
        1
 44
0.0
173
     0
291
     1
 45
0.0
  0
VISUALSTYLE
  5
3C
102
{ACAD_REACTORS
330
2A
102
}
102
{ACAD_XDICTIONARY
360
2BC
102
}
330
2A
100
AcDbVisualStyle
  2
OverhangOff
 70
    21
 71
     2
 72
     2
 73
     0
 90
        0
 40
0.6
 41
30.0
 62
     5
 63
     7
421
 16777215
 74
     1
 91
        4
 64
     7
 65
   257
 75
     1
175
     1
 42
1.0
 92
        9
 66
     7
 43
1.0
 76
     1
 77
     6
 78
     2
 67
     7
 79
     5
170
     0
171
     0
290
     0
174
     0
 93
        1
 44
0.0
173
     0
291
     1
 45
0.0
  0
VISUALSTYLE
  5
33
102
{ACAD_REACTORS
330
2A
102
}
102
{ACAD_XDICTIONARY
360
2AA
102
}
330
2A
100
AcDbVisualStyle
  2
Realistic
 70
     8
 71
     2
 72
     3
 73
     0
 90
        2
 40
0.6
 41
30.0
 62
     5
 63
     7
421
 16777215
 74
     0
 91
        0
 64
     7
 65
   257
 75
     1
175
     1
 42
1.0
 92
        8
 66
   257
 43
1.0
 76
     1
 77
     6
 78
     2
 67
     7
 79
     3
170
     0
171
     0
290
     0
174
     0
 93
       13
 44
0.0
173
     0
291
     0
 45
0.0
  0
VISUALSTYLE
  5
42
102
{ACAD_REACTORS
330
2A
102
}
102
{ACAD_XDICTIONARY
360
2C8
102
}
330
2A
100
AcDbVisualStyle
  2
Shaded
 70
    27
 71
     2
 72
     2
 73
     1
 90
        2
 40
0.6
 41
30.0
 62
     5
 63
     7
421
 16777215
 74
     0
 91
        4
 64
     7
 65
   257
 75
     1
175
     1
 42
1.0
 92
        8
 66
   257
 43
1.0
 76
     1
 77
     6
 78
     2
 67
     8
425
  7895160
 79
     3
170
     0
171
     0
290
     0
174
     0
 93
        5
 44
0.0
173
     0
291
     0
 45
0.0
  0
VISUALSTYLE
  5
41
102
{ACAD_REACTORS
330
2A
102
}
102
{ACAD_XDICTIONARY
360
2C6
102
}
330
2A
100
AcDbVisualStyle
  2
Shaded with edges
 70
    26
 71
     2
 72
     2
 73
     1
 90
        2
 40
0.6
 41
30.0
 62
     5
 63
     7
421
 16777215
 74
     1
 91
       10
 64
     7
 65
   257
 75
     2
175
     1
 42
1.0
 92
        8
 66
   257
 43
1.0
 76
     1
 77
     6
 78
     2
 67
     7
 79
     3
170
     0
171
     0
290
     0
174
     0
 93
        5
 44
0.0
173
     0
291
     0
 45
0.0
  0
VISUALSTYLE
  5
3E
102
{ACAD_REACTORS
330
2A
102
}
102
{ACAD_XDICTIONARY
360
2C0
102
}
330
2A
100
AcDbVisualStyle
  2
Shades of Gray
 70
    23
 71
     2
 72
     2
 73
     3
 90
        0
 40
0.6
 41
30.0
 62
     5
 63
     7
421
 16777215
 74
     2
 91
        2
 64
     7
 65
     7
 75
     1
175
     1
 42
40.0
 92
        8
 66
     7
 43
1.0
 76
     1
 77
     6
 78
     2
 67
     7
 79
     3
170
     0
171
     0
290
     0
174
     0
 93
        1
 44
0.0
173
     0
291
     0
 45
0.0
  0
VISUALSTYLE
  5
3F
102
{ACAD_REACTORS
330
2A
102
}
102
{ACAD_XDICTIONARY
360
2C2
102
}
330
2A
100
AcDbVisualStyle
  2
Sketchy
 70
    24
 71
     1
 72
     2
 73
     2
 90
        0
 40
0.6
 41
30.0
 62
     5
 63
     7
421
 16777215
 74
     2
 91
        2
 64
     7
 65
     7
 75
     1
175
     1
 42
40.0
 92
       11
 66
     7
 43
1.0
 76
     1
 77
     6
 78
     2
 67
     7
 79
     6
170
     0
171
     0
290
     0
174
     0
 93
        1
 44
0.0
173
     0
291
     0
 45
0.0
  0
VISUALSTYLE
  5
37
102
{ACAD_REACTORS
330
2A
102
}
102
{ACAD_XDICTIONARY
360
2B2
102
}
330
2A
100
AcDbVisualStyle
  2
Thicken
 70
    13
 71
     2
 72
     2
 73
     0
 90
        0
 40
0.6
 41
30.0
 62
     5
 63
     7
421
 16777215
 74
     1
 91
        4
 64
     7
 65
   257
 75
     1
175
     1
 42
1.0
 92
       12
 66
     7
 43
1.0
 76
     1
 77
     6
 78
     2
 67
     7
 79
     5
170
     0
171
     0
290
     0
174
     0
 93
        1
 44
0.0
173
     0
291
     1
 45
0.0
  0
VISUALSTYLE
  5
30
102
{ACAD_REACTORS
330
2A
102
}
102
{ACAD_XDICTIONARY
360
2A4
102
}
330
2A
100
AcDbVisualStyle
  2
Wireframe
 70
     5
 71
     0
 72
     2
 73
     0
 90
        0
 40
0.6
 41
30.0
 62
     5
 63
     7
421
 16777215
 74
     1
 91
        4
 64
     7
 65
   257
 75
     1
175
     1
 42
1.0
 92
        0
 66
   257
 43
1.0
 76
     1
 77
     6
 78
     2
 67
     7
 79
     3
170
     0
171
     0
290
     0
174
     0
 93
        1
 44
0.0
173
     0
291
     0
 45
0.0
  0
VISUALSTYLE
  5
40
102
{ACAD_REACTORS
330
2A
102
}
102
{ACAD_XDICTIONARY
360
2C4
102
}
330
2A
100
AcDbVisualStyle
  2
X-Ray
 70
    25
 71
     2
 72
     2
 73
     1
 90
        1
 40
0.5
 41
30.0
 62
     5
 63
     7
421
 16777215
 74
     1
 91
        0
 64
     7
 65
   257
 75
     1
175
     1
 42
1.0
 92
        8
 66
     7
 43
1.0
 76
     1
 77
     6
 78
     2
 67
     7
 79
     3
170
     0
171
     0
290
     0
174
     0
 93
       13
 44
0.0
173
     0
291
     0
 45
0.0
  0
DICTIONARYVAR
  5
298
102
{ACAD_REACTORS
330
297
102
}
330
297
100
DictionaryVariables
280
     0
  1
1:1
  0
DICTIONARYVAR
  5
2D1
102
{ACAD_REACTORS
330
297
102
}
330
297
100
DictionaryVariables
280
     0
  1
Standard
  0
DICTIONARYVAR
  5
2D0
102
{ACAD_REACTORS
330
297
102
}
330
297
100
DictionaryVariables
280
     0
  1
Standard
  0
DICTIONARYVAR
  5
299
102
{ACAD_REACTORS
330
297
102
}
330
297
100
DictionaryVariables
280
     0
  1
2
  0
DICTIONARY
  5
2CD
330
5C
100
AcDbDictionary
280
     1
281
     1
  3
ACAD_XREC_ROUNDTRIP
360
2CE
  0
DICTIONARY
  5
2CA
330
5A
100
AcDbDictionary
280
     1
281
     1
  3
ACAD_ROUNDTRIP_2008_TABLESTYLE_CELLSTYLEMAP
360
2CB
  0
DICTIONARY
  5
2A2
330
2F
100
AcDbDictionary
280
     1
281
     1
  3
ACAD_XREC_ROUNDTRIP
360
2A3
  0
DICTIONARY
  5
2A8
330
32
100
AcDbDictionary
280
     1
281
     1
  3
ACAD_XREC_ROUNDTRIP
360
2A9
  0
DICTIONARY
  5
2B0
330
36
100
AcDbDictionary
280
     1
281
     1
  3
ACAD_XREC_ROUNDTRIP
360
2B1
  0
DICTIONARY
  5
2B8
330
3A
100
AcDbDictionary
280
     1
281
     1
  3
ACAD_XREC_ROUNDTRIP
360
2B9
  0
DICTIONARY
  5
2AC
330
34
100
AcDbDictionary
280
     1
281
     1
  3
ACAD_XREC_ROUNDTRIP
360
2AD
  0
DICTIONARY
  5
2AE
330
35
100
AcDbDictionary
280
     1
281
     1
  3
ACAD_XREC_ROUNDTRIP
360
2AF
  0
DICTIONARY
  5
2BE
330
3D
100
AcDbDictionary
280
     1
281
     1
  3
ACAD_XREC_ROUNDTRIP
360
2BF
  0
DICTIONARY
  5
2B6
330
39
100
AcDbDictionary
280
     1
281
     1
  3
ACAD_XREC_ROUNDTRIP
360
2B7
  0
DICTIONARY
  5
29A
330
2B
100
AcDbDictionary
280
     1
281
     1
  3
ACAD_XREC_ROUNDTRIP
360
29B
  0
DICTIONARY
  5
29C
330
2C
100
AcDbDictionary
280
     1
281
     1
  3
ACAD_XREC_ROUNDTRIP
360
29D
  0
DICTIONARY
  5
29E
330
2D
100
AcDbDictionary
280
     1
281
     1
  3
ACAD_XREC_ROUNDTRIP
360
29F
  0
DICTIONARY
  5
2A0
330
2E
100
AcDbDictionary
280
     1
281
     1
  3
ACAD_XREC_ROUNDTRIP
360
2A1
  0
DICTIONARY
  5
2A6
330
31
100
AcDbDictionary
280
     1
281
     1
  3
ACAD_XREC_ROUNDTRIP
360
2A7
  0
DICTIONARY
  5
2BA
330
3B
100
AcDbDictionary
280
     1
281
     1
  3
ACAD_XREC_ROUNDTRIP
360
2BB
  0
DICTIONARY
  5
2B4
330
38
100
AcDbDictionary
280
     1
281
     1
  3
ACAD_XREC_ROUNDTRIP
360
2B5
  0
DICTIONARY
  5
2BC
330
3C
100
AcDbDictionary
280
     1
281
     1
  3
ACAD_XREC_ROUNDTRIP
360
2BD
  0
DICTIONARY
  5
2AA
330
33
100
AcDbDictionary
280
     1
281
     1
  3
ACAD_XREC_ROUNDTRIP
360
2AB
  0
DICTIONARY
  5
2C8
330
42
100
AcDbDictionary
280
     1
281
     1
  3
ACAD_XREC_ROUNDTRIP
360
2C9
  0
DICTIONARY
  5
2C6
330
41
100
AcDbDictionary
280
     1
281
     1
  3
ACAD_XREC_ROUNDTRIP
360
2C7
  0
DICTIONARY
  5
2C0
330
3E
100
AcDbDictionary
280
     1
281
     1
  3
ACAD_XREC_ROUNDTRIP
360
2C1
  0
DICTIONARY
  5
2C2
330
3F
100
AcDbDictionary
280
     1
281
     1
  3
ACAD_XREC_ROUNDTRIP
360
2C3
  0
DICTIONARY
  5
2B2
330
37
100
AcDbDictionary
280
     1
281
     1
  3
ACAD_XREC_ROUNDTRIP
360
2B3
  0
DICTIONARY
  5
2A4
330
30
100
AcDbDictionary
280
     1
281
     1
  3
ACAD_XREC_ROUNDTRIP
360
2A5
  0
DICTIONARY
  5
2C4
330
40
100
AcDbDictionary
280
     1
281
     1
  3
ACAD_XREC_ROUNDTRIP
360
2C5
  0
XRECORD
  5
2CE
102
{ACAD_REACTORS
330
2CD
102
}
330
2CD
100
AcDbXrecord
280
     1
102
ACAD_ROUNDTRIP_2010_MLEADER_STYLE
  0
CELLSTYLEMAP
  5
2CB
102
{ACAD_REACTORS
330
2CA
102
}
330
2CA
100
AcDbCellStyleMap
 90
        3
300
CELLSTYLE
  1
TABLEFORMAT_BEGIN
 90
        5
170
     1
 91
        0
 92
    32768
 62
   257
 93
        1
300
CONTENTFORMAT
  1
CONTENTFORMAT_BEGIN
 90
        0
 91
        0
 92
        4
 93
        0
300

 40
0.0
140
1.0
 94
        5
 62
     0
340
11
144
0.25
309
CONTENTFORMAT_END
171
     1
301
MARGIN
  1
CELLMARGIN_BEGIN
 40
0.06
 40
0.06
 40
0.06
 40
0.06
 40
0.06
 40
0.06
309
CELLMARGIN_END
 94
        6
 95
        1
302
GRIDFORMAT
  1
GRIDFORMAT_BEGIN
 90
        0
 91
        1
 62
     0
 92
       -2
340
14
 93
        0
 40
0.045
309
GRIDFORMAT_END
 95
        2
302
GRIDFORMAT
  1
GRIDFORMAT_BEGIN
 90
        0
 91
        1
 62
     0
 92
       -2
340
14
 93
        0
 40
0.045
309
GRIDFORMAT_END
 95
        4
302
GRIDFORMAT
  1
GRIDFORMAT_BEGIN
 90
        0
 91
        1
 62
     0
 92
       -2
340
14
 93
        0
 40
0.045
309
GRIDFORMAT_END
 95
        8
302
GRIDFORMAT
  1
GRIDFORMAT_BEGIN
 90
        0
 91
        1
 62
     0
 92
       -2
340
14
 93
        0
 40
0.045
309
GRIDFORMAT_END
 95
       16
302
GRIDFORMAT
  1
GRIDFORMAT_BEGIN
 90
        0
 91
        1
 62
     0
 92
       -2
340
14
 93
        0
 40
0.045
309
GRIDFORMAT_END
 95
       32
302
GRIDFORMAT
  1
GRIDFORMAT_BEGIN
 90
        0
 91
        1
 62
     0
 92
       -2
340
14
 93
        0
 40
0.045
309
GRIDFORMAT_END
309
TABLEFORMAT_END
  1
CELLSTYLE_BEGIN
 90
        1
 91
        1
300
_TITLE
309
CELLSTYLE_END
300
CELLSTYLE
  1
TABLEFORMAT_BEGIN
 90
        5
170
     1
 91
        0
 92
        0
 62
   257
 93
        1
300
CONTENTFORMAT
  1
CONTENTFORMAT_BEGIN
 90
        0
 91
        0
 92
        4
 93
        0
300

 40
0.0
140
1.0
 94
        5
 62
     0
340
11
144
0.18
309
CONTENTFORMAT_END
171
     1
301
MARGIN
  1
CELLMARGIN_BEGIN
 40
0.06
 40
0.06
 40
0.06
 40
0.06
 40
0.06
 40
0.06
309
CELLMARGIN_END
 94
        6
 95
        1
302
GRIDFORMAT
  1
GRIDFORMAT_BEGIN
 90
        0
 91
        1
 62
     0
 92
       -2
340
14
 93
        0
 40
0.045
309
GRIDFORMAT_END
 95
        2
302
GRIDFORMAT
  1
GRIDFORMAT_BEGIN
 90
        0
 91
        1
 62
     0
 92
       -2
340
14
 93
        0
 40
0.045
309
GRIDFORMAT_END
 95
        4
302
GRIDFORMAT
  1
GRIDFORMAT_BEGIN
 90
        0
 91
        1
 62
     0
 92
       -2
340
14
 93
        0
 40
0.045
309
GRIDFORMAT_END
 95
        8
302
GRIDFORMAT
  1
GRIDFORMAT_BEGIN
 90
        0
 91
        1
 62
     0
 92
       -2
340
14
 93
        0
 40
0.045
309
GRIDFORMAT_END
 95
       16
302
GRIDFORMAT
  1
GRIDFORMAT_BEGIN
 90
        0
 91
        1
 62
     0
 92
       -2
340
14
 93
        0
 40
0.045
309
GRIDFORMAT_END
 95
       32
302
GRIDFORMAT
  1
GRIDFORMAT_BEGIN
 90
        0
 91
        1
 62
     0
 92
       -2
340
14
 93
        0
 40
0.045
309
GRIDFORMAT_END
309
TABLEFORMAT_END
  1
CELLSTYLE_BEGIN
 90
        2
 91
        1
300
_HEADER
309
CELLSTYLE_END
300
CELLSTYLE
  1
TABLEFORMAT_BEGIN
 90
        5
170
     1
 91
        0
 92
        0
 62
   257
 93
        1
300
CONTENTFORMAT
  1
CONTENTFORMAT_BEGIN
 90
        0
 91
        0
 92
        4
 93
        0
300

 40
0.0
140
1.0
 94
        2
 62
     0
340
11
144
0.18
309
CONTENTFORMAT_END
171
     1
301
MARGIN
  1
CELLMARGIN_BEGIN
 40
0.06
 40
0.06
 40
0.06
 40
0.06
 40
0.06
 40
0.06
309
CELLMARGIN_END
 94
        6
 95
        1
302
GRIDFORMAT
  1
GRIDFORMAT_BEGIN
 90
        0
 91
        1
 62
     0
 92
       -2
340
14
 93
        0
 40
0.045
309
GRIDFORMAT_END
 95
        2
302
GRIDFORMAT
  1
GRIDFORMAT_BEGIN
 90
        0
 91
        1
 62
     0
 92
       -2
340
14
 93
        0
 40
0.045
309
GRIDFORMAT_END
 95
        4
302
GRIDFORMAT
  1
GRIDFORMAT_BEGIN
 90
        0
 91
        1
 62
     0
 92
       -2
340
14
 93
        0
 40
0.045
309
GRIDFORMAT_END
 95
        8
302
GRIDFORMAT
  1
GRIDFORMAT_BEGIN
 90
        0
 91
        1
 62
     0
 92
       -2
340
14
 93
        0
 40
0.045
309
GRIDFORMAT_END
 95
       16
302
GRIDFORMAT
  1
GRIDFORMAT_BEGIN
 90
        0
 91
        1
 62
     0
 92
       -2
340
14
 93
        0
 40
0.045
309
GRIDFORMAT_END
 95
       32
302
GRIDFORMAT
  1
GRIDFORMAT_BEGIN
 90
        0
 91
        1
 62
     0
 92
       -2
340
14
 93
        0
 40
0.045
309
GRIDFORMAT_END
309
TABLEFORMAT_END
  1
CELLSTYLE_BEGIN
 90
        3
 91
        2
300
_DATA
309
CELLSTYLE_END
  0
XRECORD
  5
2A3
102
{ACAD_REACTORS
330
2A2
102
}
330
2A2
100
AcDbXrecord
280
     1
102
RTVSPropertyOp0
 70
     1
102
RTVSPropertyOp1
 70
     1
102
RTVSPropertyOp2
 70
     1
102
RTVSPropertyOp3
 70
     1
102
RTVSPropertyOp4
 70
     1
102
RTVSPropertyOp5
 70
     1
102
RTVSPropertyOp6
 70
     1
102
RTVSPropertyOp7
 70
     1
102
RTVSPropertyOp8
 70
     1
102
RTVSPropertyOp9
 70
     1
102
RTVSPropertyOp10
 70
     1
102
RTVSPropertyOp11
 70
     1
102
RTVSPropertyOp12
 70
     1
102
RTVSPropertyOp13
 70
     1
102
RTVSPropertyOp14
 70
     1
102
RTVSPropertyOp15
 70
     1
102
RTVSPropertyOp16
 70
     1
102
RTVSPropertyOp17
 70
     1
102
RTVSPropertyOp18
 70
     1
102
RTVSPropertyOp19
 70
     1
102
RTVSPropertyOp20
 70
     1
102
RTVSPropertyOp21
 70
     1
102
RTVSPropertyOp22
 70
     1
102
RTVSPropertyOp23
 70
     1
102
RTVSPropertyOp24
 70
     1
102
RTVSPropertyOp25
 70
     1
102
RTVSPropertyOp26
 70
     1
102
RTVSPropertyOp27
 70
     1
102
RTVSPropertyOp28
 70
     1
102
RTVSPropertyOp29
 70
     1
102
RTVSPropertyOp30
 70
     1
102
RTVSPropertyOp31
 70
     1
102
RTVSPropertyOp32
 70
     1
102
RTVSPropertyOp33
 70
     1
102
RTVSPropertyOp34
 70
     1
102
RTVSPropertyOp35
 70
     1
102
RTVSPropertyOp36
 70
     1
102
RTVSPropertyOp37
 70
     1
102
RTVSPropertyOp38
 70
     1
102
RTVSPropertyOp39
 70
     1
102
RTVSPropertyOp40
 70
     1
102
RTVSPropertyOp41
 70
     1
102
RTVSPropertyOp42
 70
     1
102
RTVSPropertyOp43
 70
     1
102
RTVSPropertyOp44
 70
     1
102
RTVSPropertyOp45
 70
     1
102
RTVSPropertyOp46
 70
     1
102
RTVSPropertyOp47
 70
     1
102
RTVSPropertyOp48
 70
     1
102
RTVSPropertyOp49
 70
     1
102
RTVSPropertyOp50
 70
     1
102
RTVSPropertyOp51
 70
     0
102
RTVSPropertyOp52
 70
     0
102
RTVSPropertyOp53
 70
     1
102
RTVSPropertyOp54
 70
     1
102
RTVSPropertyOp55
 70
     1
102
RTVSPropertyOp56
 70
     1
102
RTVSPropertyOp57
 70
     1
102
RTVSPost2010Prop28
280
     1
102
RTVSPost2010PropOp28
 70
     1
102
RTVSPost2010Prop29
280
     1
102
RTVSPost2010PropOp29
 70
     1
102
RTVSPost2010Prop30
280
     0
102
RTVSPost2010PropOp30
 70
     1
102
RTVSPost2010Prop31
280
     0
102
RTVSPost2010PropOp31
 70
     1
102
RTVSPost2010Prop32
280
     0
102
RTVSPost2010PropOp32
 70
     1
102
RTVSPost2010Prop33
280
     0
102
RTVSPost2010PropOp33
 70
     1
102
RTVSPost2010Prop34
280
     0
102
RTVSPost2010PropOp34
 70
     1
102
RTVSPost2010Prop35
280
     0
102
RTVSPost2010PropOp35
 70
     1
102
RTVSPost2010Prop36
280
     0
102
RTVSPost2010PropOp36
 70
     1
102
RTVSPost2010Prop37
 90
       50
102
RTVSPost2010PropOp37
 70
     1
102
RTVSPost2010Prop38
140
0.0
102
RTVSPost2010PropOp38
 70
     1
102
RTVSPost2010Prop39
140
1.0
102
RTVSPost2010PropOp39
 70
     1
102
RTVSPost2010Prop40
 90
        0
102
RTVSPost2010PropOp40
 70
     1
102
RTVSPost2010Prop41ColorIndex
 90
       18
102
RTVSPost2010Prop41ColorRGB
 90
        0
102
RTVSPost2010PropOp41
 70
     1
102
RTVSPost2010Prop42
 90
       50
102
RTVSPost2010PropOp42
 70
     1
102
RTVSPost2010Prop43
 90
        3
102
RTVSPost2010PropOp43
 70
     1
102
RTVSPost2010Prop44ColorIndex
 90
        5
102
RTVSPost2010Prop44ColorRGB
 90
      255
102
RTVSPost2010PropOp44
 70
     1
102
RTVSPost2010Prop45
280
     0
102
RTVSPost2010PropOp45
 70
     1
102
RTVSPost2010Prop46
 90
       50
102
RTVSPost2010PropOp46
 70
     1
102
RTVSPost2010Prop47
 90
       50
102
RTVSPost2010PropOp47
 70
     1
102
RTVSPost2010Prop48
 90
       50
102
RTVSPost2010PropOp48
 70
     1
102
RTVSPost2010Prop49
280
     0
102
RTVSPost2010PropOp49
 70
     1
102
RTVSPost2010Prop50
 90
       50
102
RTVSPost2010PropOp50
 70
     1
102
RTVSPost2010Prop51ColorIndex
 90
      256
102
RTVSPost2010Prop51ColorRGB
 90
-16777216
102
RTVSPost2010PropOp51
 70
     0
102
RTVSPost2010Prop52
140
1.0
102
RTVSPost2010PropOp52
 70
     0
102
RTVSPost2010Prop53
 90
        2
102
RTVSPost2010PropOp53
 70
     1
102
RTVSPost2010Prop54
  1
strokes_ogs.tif
102
RTVSPost2010PropOp54
 70
     1
102
RTVSPost2010Prop55
280
     0
102
RTVSPost2010PropOp55
 70
     1
102
RTVSPost2010Prop56
140
1.0
102
RTVSPost2010PropOp56
 70
     1
102
RTVSPost2010Prop57
140
1.0
102
RTVSPost2010PropOp57
 70
     1
  0
XRECORD
  5
2A9
102
{ACAD_REACTORS
330
2A8
102
}
330
2A8
100
AcDbXrecord
280
     1
102
RTVSPropertyOp0
 70
     1
102
RTVSPropertyOp1
 70
     1
102
RTVSPropertyOp2
 70
     1
102
RTVSPropertyOp3
 70
     1
102
RTVSPropertyOp4
 70
     1
102
RTVSPropertyOp5
 70
     1
102
RTVSPropertyOp6
 70
     1
102
RTVSPropertyOp7
 70
     1
102
RTVSPropertyOp8
 70
     1
102
RTVSPropertyOp9
 70
     1
102
RTVSPropertyOp10
 70
     1
102
RTVSPropertyOp11
 70
     1
102
RTVSPropertyOp12
 70
     1
102
RTVSPropertyOp13
 70
     1
102
RTVSPropertyOp14
 70
     1
102
RTVSPropertyOp15
 70
     1
102
RTVSPropertyOp16
 70
     1
102
RTVSPropertyOp17
 70
     1
102
RTVSPropertyOp18
 70
     1
102
RTVSPropertyOp19
 70
     1
102
RTVSPropertyOp20
 70
     1
102
RTVSPropertyOp21
 70
     1
102
RTVSPropertyOp22
 70
     1
102
RTVSPropertyOp23
 70
     1
102
RTVSPropertyOp24
 70
     1
102
RTVSPropertyOp25
 70
     1
102
RTVSPropertyOp26
 70
     1
102
RTVSPropertyOp27
 70
     1
102
RTVSPropertyOp28
 70
     1
102
RTVSPropertyOp29
 70
     1
102
RTVSPropertyOp30
 70
     1
102
RTVSPropertyOp31
 70
     1
102
RTVSPropertyOp32
 70
     1
102
RTVSPropertyOp33
 70
     1
102
RTVSPropertyOp34
 70
     1
102
RTVSPropertyOp35
 70
     1
102
RTVSPropertyOp36
 70
     1
102
RTVSPropertyOp37
 70
     1
102
RTVSPropertyOp38
 70
     1
102
RTVSPropertyOp39
 70
     1
102
RTVSPropertyOp40
 70
     1
102
RTVSPropertyOp41
 70
     1
102
RTVSPropertyOp42
 70
     1
102
RTVSPropertyOp43
 70
     1
102
RTVSPropertyOp44
 70
     1
102
RTVSPropertyOp45
 70
     1
102
RTVSPropertyOp46
 70
     1
102
RTVSPropertyOp47
 70
     1
102
RTVSPropertyOp48
 70
     1
102
RTVSPropertyOp49
 70
     1
102
RTVSPropertyOp50
 70
     1
102
RTVSPropertyOp51
 70
     0
102
RTVSPropertyOp52
 70
     0
102
RTVSPropertyOp53
 70
     1
102
RTVSPropertyOp54
 70
     1
102
RTVSPropertyOp55
 70
     1
102
RTVSPropertyOp56
 70
     1
102
RTVSPropertyOp57
 70
     1
102
RTVSPost2010Prop28
280
     0
102
RTVSPost2010PropOp28
 70
     1
102
RTVSPost2010Prop29
280
     1
102
RTVSPost2010PropOp29
 70
     1
102
RTVSPost2010Prop30
280
     1
102
RTVSPost2010PropOp30
 70
     1
102
RTVSPost2010Prop31
280
     0
102
RTVSPost2010PropOp31
 70
     1
102
RTVSPost2010Prop32
280
     0
102
RTVSPost2010PropOp32
 70
     1
102
RTVSPost2010Prop33
280
     0
102
RTVSPost2010PropOp33
 70
     1
102
RTVSPost2010Prop34
280
     0
102
RTVSPost2010PropOp34
 70
     1
102
RTVSPost2010Prop35
280
     0
102
RTVSPost2010PropOp35
 70
     1
102
RTVSPost2010Prop36
280
     0
102
RTVSPost2010PropOp36
 70
     1
102
RTVSPost2010Prop37
 90
       50
102
RTVSPost2010PropOp37
 70
     1
102
RTVSPost2010Prop38
140
0.0
102
RTVSPost2010PropOp38
 70
     1
102
RTVSPost2010Prop39
140
1.0
102
RTVSPost2010PropOp39
 70
     1
102
RTVSPost2010Prop40
 90
        0
102
RTVSPost2010PropOp40
 70
     1
102
RTVSPost2010Prop41ColorIndex
 90
       18
102
RTVSPost2010Prop41ColorRGB
 90
        0
102
RTVSPost2010PropOp41
 70
     1
102
RTVSPost2010Prop42
 90
       50
102
RTVSPost2010PropOp42
 70
     1
102
RTVSPost2010Prop43
 90
        3
102
RTVSPost2010PropOp43
 70
     1
102
RTVSPost2010Prop44ColorIndex
 90
        5
102
RTVSPost2010Prop44ColorRGB
 90
      255
102
RTVSPost2010PropOp44
 70
     1
102
RTVSPost2010Prop45
280
     0
102
RTVSPost2010PropOp45
 70
     1
102
RTVSPost2010Prop46
 90
       50
102
RTVSPost2010PropOp46
 70
     1
102
RTVSPost2010Prop47
 90
       50
102
RTVSPost2010PropOp47
 70
     1
102
RTVSPost2010Prop48
 90
       50
102
RTVSPost2010PropOp48
 70
     1
102
RTVSPost2010Prop49
280
     0
102
RTVSPost2010PropOp49
 70
     1
102
RTVSPost2010Prop50
 90
       50
102
RTVSPost2010PropOp50
 70
     1
102
RTVSPost2010Prop51ColorIndex
 90
      256
102
RTVSPost2010Prop51ColorRGB
 90
-16777216
102
RTVSPost2010PropOp51
 70
     0
102
RTVSPost2010Prop52
140
1.0
102
RTVSPost2010PropOp52
 70
     0
102
RTVSPost2010Prop53
 90
        2
102
RTVSPost2010PropOp53
 70
     1
102
RTVSPost2010Prop54
  1
strokes_ogs.tif
102
RTVSPost2010PropOp54
 70
     1
102
RTVSPost2010Prop55
280
     0
102
RTVSPost2010PropOp55
 70
     1
102
RTVSPost2010Prop56
140
1.0
102
RTVSPost2010PropOp56
 70
     1
102
RTVSPost2010Prop57
140
1.0
102
RTVSPost2010PropOp57
 70
     1
  0
XRECORD
  5
2B1
102
{ACAD_REACTORS
330
2B0
102
}
330
2B0
100
AcDbXrecord
280
     1
102
RTVSPropertyOp0
 70
     1
102
RTVSPropertyOp1
 70
     1
102
RTVSPropertyOp2
 70
     1
102
RTVSPropertyOp3
 70
     1
102
RTVSPropertyOp4
 70
     1
102
RTVSPropertyOp5
 70
     1
102
RTVSPropertyOp6
 70
     1
102
RTVSPropertyOp7
 70
     1
102
RTVSPropertyOp8
 70
     1
102
RTVSPropertyOp9
 70
     1
102
RTVSPropertyOp10
 70
     1
102
RTVSPropertyOp11
 70
     1
102
RTVSPropertyOp12
 70
     1
102
RTVSPropertyOp13
 70
     1
102
RTVSPropertyOp14
 70
     1
102
RTVSPropertyOp15
 70
     1
102
RTVSPropertyOp16
 70
     1
102
RTVSPropertyOp17
 70
     1
102
RTVSPropertyOp18
 70
     1
102
RTVSPropertyOp19
 70
     1
102
RTVSPropertyOp20
 70
     1
102
RTVSPropertyOp21
 70
     1
102
RTVSPropertyOp22
 70
     1
102
RTVSPropertyOp23
 70
     1
102
RTVSPropertyOp24
 70
     1
102
RTVSPropertyOp25
 70
     1
102
RTVSPropertyOp26
 70
     1
102
RTVSPropertyOp27
 70
     1
102
RTVSPropertyOp28
 70
     1
102
RTVSPropertyOp29
 70
     1
102
RTVSPropertyOp30
 70
     1
102
RTVSPropertyOp31
 70
     1
102
RTVSPropertyOp32
 70
     1
102
RTVSPropertyOp33
 70
     1
102
RTVSPropertyOp34
 70
     1
102
RTVSPropertyOp35
 70
     1
102
RTVSPropertyOp36
 70
     1
102
RTVSPropertyOp37
 70
     1
102
RTVSPropertyOp38
 70
     1
102
RTVSPropertyOp39
 70
     1
102
RTVSPropertyOp40
 70
     1
102
RTVSPropertyOp41
 70
     1
102
RTVSPropertyOp42
 70
     1
102
RTVSPropertyOp43
 70
     1
102
RTVSPropertyOp44
 70
     1
102
RTVSPropertyOp45
 70
     1
102
RTVSPropertyOp46
 70
     1
102
RTVSPropertyOp47
 70
     1
102
RTVSPropertyOp48
 70
     1
102
RTVSPropertyOp49
 70
     1
102
RTVSPropertyOp50
 70
     1
102
RTVSPropertyOp51
 70
     0
102
RTVSPropertyOp52
 70
     0
102
RTVSPropertyOp53
 70
     1
102
RTVSPropertyOp54
 70
     1
102
RTVSPropertyOp55
 70
     1
102
RTVSPropertyOp56
 70
     1
102
RTVSPropertyOp57
 70
     1
102
RTVSPost2010Prop28
280
     0
102
RTVSPost2010PropOp28
 70
     1
102
RTVSPost2010Prop29
280
     1
102
RTVSPost2010PropOp29
 70
     1
102
RTVSPost2010Prop30
280
     1
102
RTVSPost2010PropOp30
 70
     1
102
RTVSPost2010Prop31
280
     0
102
RTVSPost2010PropOp31
 70
     1
102
RTVSPost2010Prop32
280
     0
102
RTVSPost2010PropOp32
 70
     1
102
RTVSPost2010Prop33
280
     0
102
RTVSPost2010PropOp33
 70
     1
102
RTVSPost2010Prop34
280
     0
102
RTVSPost2010PropOp34
 70
     1
102
RTVSPost2010Prop35
280
     0
102
RTVSPost2010PropOp35
 70
     1
102
RTVSPost2010Prop36
280
     0
102
RTVSPost2010PropOp36
 70
     1
102
RTVSPost2010Prop37
 90
       50
102
RTVSPost2010PropOp37
 70
     1
102
RTVSPost2010Prop38
140
0.0
102
RTVSPost2010PropOp38
 70
     1
102
RTVSPost2010Prop39
140
1.0
102
RTVSPost2010PropOp39
 70
     1
102
RTVSPost2010Prop40
 90
        0
102
RTVSPost2010PropOp40
 70
     1
102
RTVSPost2010Prop41ColorIndex
 90
       18
102
RTVSPost2010Prop41ColorRGB
 90
        0
102
RTVSPost2010PropOp41
 70
     1
102
RTVSPost2010Prop42
 90
       50
102
RTVSPost2010PropOp42
 70
     1
102
RTVSPost2010Prop43
 90
        3
102
RTVSPost2010PropOp43
 70
     1
102
RTVSPost2010Prop44ColorIndex
 90
        5
102
RTVSPost2010Prop44ColorRGB
 90
      255
102
RTVSPost2010PropOp44
 70
     1
102
RTVSPost2010Prop45
280
     0
102
RTVSPost2010PropOp45
 70
     1
102
RTVSPost2010Prop46
 90
       50
102
RTVSPost2010PropOp46
 70
     1
102
RTVSPost2010Prop47
 90
       50
102
RTVSPost2010PropOp47
 70
     1
102
RTVSPost2010Prop48
 90
       50
102
RTVSPost2010PropOp48
 70
     1
102
RTVSPost2010Prop49
280
     0
102
RTVSPost2010PropOp49
 70
     1
102
RTVSPost2010Prop50
 90
       50
102
RTVSPost2010PropOp50
 70
     1
102
RTVSPost2010Prop51ColorIndex
 90
      256
102
RTVSPost2010Prop51ColorRGB
 90
-16777216
102
RTVSPost2010PropOp51
 70
     0
102
RTVSPost2010Prop52
140
1.0
102
RTVSPost2010PropOp52
 70
     0
102
RTVSPost2010Prop53
 90
        2
102
RTVSPost2010PropOp53
 70
     1
102
RTVSPost2010Prop54
  1
strokes_ogs.tif
102
RTVSPost2010PropOp54
 70
     1
102
RTVSPost2010Prop55
280
     0
102
RTVSPost2010PropOp55
 70
     1
102
RTVSPost2010Prop56
140
1.0
102
RTVSPost2010PropOp56
 70
     1
102
RTVSPost2010Prop57
140
1.0
102
RTVSPost2010PropOp57
 70
     1
  0
XRECORD
  5
2B9
102
{ACAD_REACTORS
330
2B8
102
}
330
2B8
100
AcDbXrecord
280
     1
102
RTVSPropertyOp0
 70
     1
102
RTVSPropertyOp1
 70
     1
102
RTVSPropertyOp2
 70
     1
102
RTVSPropertyOp3
 70
     1
102
RTVSPropertyOp4
 70
     1
102
RTVSPropertyOp5
 70
     1
102
RTVSPropertyOp6
 70
     1
102
RTVSPropertyOp7
 70
     1
102
RTVSPropertyOp8
 70
     1
102
RTVSPropertyOp9
 70
     1
102
RTVSPropertyOp10
 70
     1
102
RTVSPropertyOp11
 70
     1
102
RTVSPropertyOp12
 70
     1
102
RTVSPropertyOp13
 70
     1
102
RTVSPropertyOp14
 70
     1
102
RTVSPropertyOp15
 70
     1
102
RTVSPropertyOp16
 70
     1
102
RTVSPropertyOp17
 70
     1
102
RTVSPropertyOp18
 70
     1
102
RTVSPropertyOp19
 70
     1
102
RTVSPropertyOp20
 70
     1
102
RTVSPropertyOp21
 70
     1
102
RTVSPropertyOp22
 70
     1
102
RTVSPropertyOp23
 70
     1
102
RTVSPropertyOp24
 70
     1
102
RTVSPropertyOp25
 70
     1
102
RTVSPropertyOp26
 70
     1
102
RTVSPropertyOp27
 70
     1
102
RTVSPropertyOp28
 70
     1
102
RTVSPropertyOp29
 70
     1
102
RTVSPropertyOp30
 70
     1
102
RTVSPropertyOp31
 70
     1
102
RTVSPropertyOp32
 70
     1
102
RTVSPropertyOp33
 70
     1
102
RTVSPropertyOp34
 70
     1
102
RTVSPropertyOp35
 70
     1
102
RTVSPropertyOp36
 70
     1
102
RTVSPropertyOp37
 70
     1
102
RTVSPropertyOp38
 70
     1
102
RTVSPropertyOp39
 70
     1
102
RTVSPropertyOp40
 70
     1
102
RTVSPropertyOp41
 70
     1
102
RTVSPropertyOp42
 70
     1
102
RTVSPropertyOp43
 70
     1
102
RTVSPropertyOp44
 70
     1
102
RTVSPropertyOp45
 70
     1
102
RTVSPropertyOp46
 70
     1
102
RTVSPropertyOp47
 70
     1
102
RTVSPropertyOp48
 70
     1
102
RTVSPropertyOp49
 70
     1
102
RTVSPropertyOp50
 70
     1
102
RTVSPropertyOp51
 70
     0
102
RTVSPropertyOp52
 70
     0
102
RTVSPropertyOp53
 70
     1
102
RTVSPropertyOp54
 70
     1
102
RTVSPropertyOp55
 70
     1
102
RTVSPropertyOp56
 70
     1
102
RTVSPropertyOp57
 70
     1
102
RTVSPost2010Prop28
280
     0
102
RTVSPost2010PropOp28
 70
     1
102
RTVSPost2010Prop29
280
     1
102
RTVSPost2010PropOp29
 70
     1
102
RTVSPost2010Prop30
280
     1
102
RTVSPost2010PropOp30
 70
     1
102
RTVSPost2010Prop31
280
     0
102
RTVSPost2010PropOp31
 70
     1
102
RTVSPost2010Prop32
280
     0
102
RTVSPost2010PropOp32
 70
     1
102
RTVSPost2010Prop33
280
     0
102
RTVSPost2010PropOp33
 70
     1
102
RTVSPost2010Prop34
280
     0
102
RTVSPost2010PropOp34
 70
     1
102
RTVSPost2010Prop35
280
     0
102
RTVSPost2010PropOp35
 70
     1
102
RTVSPost2010Prop36
280
     0
102
RTVSPost2010PropOp36
 70
     1
102
RTVSPost2010Prop37
 90
       50
102
RTVSPost2010PropOp37
 70
     1
102
RTVSPost2010Prop38
140
0.0
102
RTVSPost2010PropOp38
 70
     1
102
RTVSPost2010Prop39
140
1.0
102
RTVSPost2010PropOp39
 70
     1
102
RTVSPost2010Prop40
 90
        0
102
RTVSPost2010PropOp40
 70
     1
102
RTVSPost2010Prop41ColorIndex
 90
       18
102
RTVSPost2010Prop41ColorRGB
 90
        0
102
RTVSPost2010PropOp41
 70
     1
102
RTVSPost2010Prop42
 90
       50
102
RTVSPost2010PropOp42
 70
     1
102
RTVSPost2010Prop43
 90
        3
102
RTVSPost2010PropOp43
 70
     1
102
RTVSPost2010Prop44ColorIndex
 90
        5
102
RTVSPost2010Prop44ColorRGB
 90
      255
102
RTVSPost2010PropOp44
 70
     1
102
RTVSPost2010Prop45
280
     0
102
RTVSPost2010PropOp45
 70
     1
102
RTVSPost2010Prop46
 90
       50
102
RTVSPost2010PropOp46
 70
     1
102
RTVSPost2010Prop47
 90
       50
102
RTVSPost2010PropOp47
 70
     1
102
RTVSPost2010Prop48
 90
       50
102
RTVSPost2010PropOp48
 70
     1
102
RTVSPost2010Prop49
280
     0
102
RTVSPost2010PropOp49
 70
     1
102
RTVSPost2010Prop50
 90
       50
102
RTVSPost2010PropOp50
 70
     1
102
RTVSPost2010Prop51ColorIndex
 90
      256
102
RTVSPost2010Prop51ColorRGB
 90
-16777216
102
RTVSPost2010PropOp51
 70
     0
102
RTVSPost2010Prop52
140
1.0
102
RTVSPost2010PropOp52
 70
     0
102
RTVSPost2010Prop53
 90
        2
102
RTVSPost2010PropOp53
 70
     1
102
RTVSPost2010Prop54
  1
strokes_ogs.tif
102
RTVSPost2010PropOp54
 70
     1
102
RTVSPost2010Prop55
280
     0
102
RTVSPost2010PropOp55
 70
     1
102
RTVSPost2010Prop56
140
1.0
102
RTVSPost2010PropOp56
 70
     1
102
RTVSPost2010Prop57
140
1.0
102
RTVSPost2010PropOp57
 70
     1
  0
XRECORD
  5
2AD
102
{ACAD_REACTORS
330
2AC
102
}
330
2AC
100
AcDbXrecord
280
     1
102
RTVSPropertyOp0
 70
     1
102
RTVSPropertyOp1
 70
     1
102
RTVSPropertyOp2
 70
     1
102
RTVSPropertyOp3
 70
     1
102
RTVSPropertyOp4
 70
     1
102
RTVSPropertyOp5
 70
     1
102
RTVSPropertyOp6
 70
     1
102
RTVSPropertyOp7
 70
     1
102
RTVSPropertyOp8
 70
     1
102
RTVSPropertyOp9
 70
     1
102
RTVSPropertyOp10
 70
     1
102
RTVSPropertyOp11
 70
     1
102
RTVSPropertyOp12
 70
     1
102
RTVSPropertyOp13
 70
     1
102
RTVSPropertyOp14
 70
     1
102
RTVSPropertyOp15
 70
     1
102
RTVSPropertyOp16
 70
     1
102
RTVSPropertyOp17
 70
     1
102
RTVSPropertyOp18
 70
     1
102
RTVSPropertyOp19
 70
     1
102
RTVSPropertyOp20
 70
     1
102
RTVSPropertyOp21
 70
     1
102
RTVSPropertyOp22
 70
     1
102
RTVSPropertyOp23
 70
     1
102
RTVSPropertyOp24
 70
     1
102
RTVSPropertyOp25
 70
     1
102
RTVSPropertyOp26
 70
     1
102
RTVSPropertyOp27
 70
     1
102
RTVSPropertyOp28
 70
     1
102
RTVSPropertyOp29
 70
     1
102
RTVSPropertyOp30
 70
     1
102
RTVSPropertyOp31
 70
     1
102
RTVSPropertyOp32
 70
     1
102
RTVSPropertyOp33
 70
     1
102
RTVSPropertyOp34
 70
     1
102
RTVSPropertyOp35
 70
     1
102
RTVSPropertyOp36
 70
     1
102
RTVSPropertyOp37
 70
     1
102
RTVSPropertyOp38
 70
     1
102
RTVSPropertyOp39
 70
     1
102
RTVSPropertyOp40
 70
     1
102
RTVSPropertyOp41
 70
     1
102
RTVSPropertyOp42
 70
     1
102
RTVSPropertyOp43
 70
     1
102
RTVSPropertyOp44
 70
     1
102
RTVSPropertyOp45
 70
     1
102
RTVSPropertyOp46
 70
     1
102
RTVSPropertyOp47
 70
     1
102
RTVSPropertyOp48
 70
     1
102
RTVSPropertyOp49
 70
     1
102
RTVSPropertyOp50
 70
     1
102
RTVSPropertyOp51
 70
     0
102
RTVSPropertyOp52
 70
     0
102
RTVSPropertyOp53
 70
     1
102
RTVSPropertyOp54
 70
     1
102
RTVSPropertyOp55
 70
     1
102
RTVSPropertyOp56
 70
     1
102
RTVSPropertyOp57
 70
     1
102
RTVSPost2010Prop28
280
     0
102
RTVSPost2010PropOp28
 70
     1
102
RTVSPost2010Prop29
280
     1
102
RTVSPost2010PropOp29
 70
     1
102
RTVSPost2010Prop30
280
     1
102
RTVSPost2010PropOp30
 70
     1
102
RTVSPost2010Prop31
280
     0
102
RTVSPost2010PropOp31
 70
     1
102
RTVSPost2010Prop32
280
     0
102
RTVSPost2010PropOp32
 70
     1
102
RTVSPost2010Prop33
280
     0
102
RTVSPost2010PropOp33
 70
     1
102
RTVSPost2010Prop34
280
     0
102
RTVSPost2010PropOp34
 70
     1
102
RTVSPost2010Prop35
280
     0
102
RTVSPost2010PropOp35
 70
     1
102
RTVSPost2010Prop36
280
     0
102
RTVSPost2010PropOp36
 70
     1
102
RTVSPost2010Prop37
 90
       50
102
RTVSPost2010PropOp37
 70
     1
102
RTVSPost2010Prop38
140
0.0
102
RTVSPost2010PropOp38
 70
     1
102
RTVSPost2010Prop39
140
1.0
102
RTVSPost2010PropOp39
 70
     1
102
RTVSPost2010Prop40
 90
        0
102
RTVSPost2010PropOp40
 70
     1
102
RTVSPost2010Prop41ColorIndex
 90
       18
102
RTVSPost2010Prop41ColorRGB
 90
        0
102
RTVSPost2010PropOp41
 70
     1
102
RTVSPost2010Prop42
 90
       50
102
RTVSPost2010PropOp42
 70
     1
102
RTVSPost2010Prop43
 90
        3
102
RTVSPost2010PropOp43
 70
     1
102
RTVSPost2010Prop44ColorIndex
 90
        5
102
RTVSPost2010Prop44ColorRGB
 90
      255
102
RTVSPost2010PropOp44
 70
     1
102
RTVSPost2010Prop45
280
     0
102
RTVSPost2010PropOp45
 70
     1
102
RTVSPost2010Prop46
 90
       50
102
RTVSPost2010PropOp46
 70
     1
102
RTVSPost2010Prop47
 90
       50
102
RTVSPost2010PropOp47
 70
     1
102
RTVSPost2010Prop48
 90
       50
102
RTVSPost2010PropOp48
 70
     1
102
RTVSPost2010Prop49
280
     0
102
RTVSPost2010PropOp49
 70
     1
102
RTVSPost2010Prop50
 90
       50
102
RTVSPost2010PropOp50
 70
     1
102
RTVSPost2010Prop51ColorIndex
 90
      256
102
RTVSPost2010Prop51ColorRGB
 90
-16777216
102
RTVSPost2010PropOp51
 70
     0
102
RTVSPost2010Prop52
140
1.0
102
RTVSPost2010PropOp52
 70
     0
102
RTVSPost2010Prop53
 90
        2
102
RTVSPost2010PropOp53
 70
     1
102
RTVSPost2010Prop54
  1
strokes_ogs.tif
102
RTVSPost2010PropOp54
 70
     1
102
RTVSPost2010Prop55
280
     0
102
RTVSPost2010PropOp55
 70
     1
102
RTVSPost2010Prop56
140
1.0
102
RTVSPost2010PropOp56
 70
     1
102
RTVSPost2010Prop57
140
1.0
102
RTVSPost2010PropOp57
 70
     1
  0
XRECORD
  5
2AF
102
{ACAD_REACTORS
330
2AE
102
}
330
2AE
100
AcDbXrecord
280
     1
102
RTVSPropertyOp0
 70
     1
102
RTVSPropertyOp1
 70
     1
102
RTVSPropertyOp2
 70
     1
102
RTVSPropertyOp3
 70
     1
102
RTVSPropertyOp4
 70
     1
102
RTVSPropertyOp5
 70
     1
102
RTVSPropertyOp6
 70
     1
102
RTVSPropertyOp7
 70
     1
102
RTVSPropertyOp8
 70
     1
102
RTVSPropertyOp9
 70
     1
102
RTVSPropertyOp10
 70
     1
102
RTVSPropertyOp11
 70
     1
102
RTVSPropertyOp12
 70
     1
102
RTVSPropertyOp13
 70
     1
102
RTVSPropertyOp14
 70
     1
102
RTVSPropertyOp15
 70
     1
102
RTVSPropertyOp16
 70
     1
102
RTVSPropertyOp17
 70
     1
102
RTVSPropertyOp18
 70
     1
102
RTVSPropertyOp19
 70
     1
102
RTVSPropertyOp20
 70
     1
102
RTVSPropertyOp21
 70
     1
102
RTVSPropertyOp22
 70
     1
102
RTVSPropertyOp23
 70
     1
102
RTVSPropertyOp24
 70
     1
102
RTVSPropertyOp25
 70
     1
102
RTVSPropertyOp26
 70
     1
102
RTVSPropertyOp27
 70
     1
102
RTVSPropertyOp28
 70
     1
102
RTVSPropertyOp29
 70
     1
102
RTVSPropertyOp30
 70
     1
102
RTVSPropertyOp31
 70
     1
102
RTVSPropertyOp32
 70
     1
102
RTVSPropertyOp33
 70
     1
102
RTVSPropertyOp34
 70
     1
102
RTVSPropertyOp35
 70
     1
102
RTVSPropertyOp36
 70
     1
102
RTVSPropertyOp37
 70
     1
102
RTVSPropertyOp38
 70
     1
102
RTVSPropertyOp39
 70
     1
102
RTVSPropertyOp40
 70
     1
102
RTVSPropertyOp41
 70
     1
102
RTVSPropertyOp42
 70
     1
102
RTVSPropertyOp43
 70
     1
102
RTVSPropertyOp44
 70
     1
102
RTVSPropertyOp45
 70
     1
102
RTVSPropertyOp46
 70
     1
102
RTVSPropertyOp47
 70
     1
102
RTVSPropertyOp48
 70
     1
102
RTVSPropertyOp49
 70
     1
102
RTVSPropertyOp50
 70
     1
102
RTVSPropertyOp51
 70
     0
102
RTVSPropertyOp52
 70
     0
102
RTVSPropertyOp53
 70
     1
102
RTVSPropertyOp54
 70
     1
102
RTVSPropertyOp55
 70
     1
102
RTVSPropertyOp56
 70
     1
102
RTVSPropertyOp57
 70
     1
102
RTVSPost2010Prop28
280
     0
102
RTVSPost2010PropOp28
 70
     1
102
RTVSPost2010Prop29
280
     1
102
RTVSPost2010PropOp29
 70
     1
102
RTVSPost2010Prop30
280
     1
102
RTVSPost2010PropOp30
 70
     1
102
RTVSPost2010Prop31
280
     0
102
RTVSPost2010PropOp31
 70
     1
102
RTVSPost2010Prop32
280
     0
102
RTVSPost2010PropOp32
 70
     1
102
RTVSPost2010Prop33
280
     0
102
RTVSPost2010PropOp33
 70
     1
102
RTVSPost2010Prop34
280
     0
102
RTVSPost2010PropOp34
 70
     1
102
RTVSPost2010Prop35
280
     0
102
RTVSPost2010PropOp35
 70
     1
102
RTVSPost2010Prop36
280
     0
102
RTVSPost2010PropOp36
 70
     1
102
RTVSPost2010Prop37
 90
       50
102
RTVSPost2010PropOp37
 70
     1
102
RTVSPost2010Prop38
140
0.0
102
RTVSPost2010PropOp38
 70
     1
102
RTVSPost2010Prop39
140
1.0
102
RTVSPost2010PropOp39
 70
     1
102
RTVSPost2010Prop40
 90
        0
102
RTVSPost2010PropOp40
 70
     1
102
RTVSPost2010Prop41ColorIndex
 90
       18
102
RTVSPost2010Prop41ColorRGB
 90
        0
102
RTVSPost2010PropOp41
 70
     1
102
RTVSPost2010Prop42
 90
       50
102
RTVSPost2010PropOp42
 70
     1
102
RTVSPost2010Prop43
 90
        3
102
RTVSPost2010PropOp43
 70
     1
102
RTVSPost2010Prop44ColorIndex
 90
        5
102
RTVSPost2010Prop44ColorRGB
 90
      255
102
RTVSPost2010PropOp44
 70
     1
102
RTVSPost2010Prop45
280
     0
102
RTVSPost2010PropOp45
 70
     1
102
RTVSPost2010Prop46
 90
       50
102
RTVSPost2010PropOp46
 70
     1
102
RTVSPost2010Prop47
 90
       50
102
RTVSPost2010PropOp47
 70
     1
102
RTVSPost2010Prop48
 90
       50
102
RTVSPost2010PropOp48
 70
     1
102
RTVSPost2010Prop49
280
     0
102
RTVSPost2010PropOp49
 70
     1
102
RTVSPost2010Prop50
 90
       50
102
RTVSPost2010PropOp50
 70
     1
102
RTVSPost2010Prop51ColorIndex
 90
      256
102
RTVSPost2010Prop51ColorRGB
 90
-16777216
102
RTVSPost2010PropOp51
 70
     0
102
RTVSPost2010Prop52
140
1.0
102
RTVSPost2010PropOp52
 70
     0
102
RTVSPost2010Prop53
 90
        2
102
RTVSPost2010PropOp53
 70
     1
102
RTVSPost2010Prop54
  1
strokes_ogs.tif
102
RTVSPost2010PropOp54
 70
     1
102
RTVSPost2010Prop55
280
     0
102
RTVSPost2010PropOp55
 70
     1
102
RTVSPost2010Prop56
140
1.0
102
RTVSPost2010PropOp56
 70
     1
102
RTVSPost2010Prop57
140
1.0
102
RTVSPost2010PropOp57
 70
     1
  0
XRECORD
  5
2BF
102
{ACAD_REACTORS
330
2BE
102
}
330
2BE
100
AcDbXrecord
280
     1
102
RTVSPropertyOp0
 70
     0
102
RTVSPropertyOp1
 70
     0
102
RTVSPropertyOp2
 70
     0
102
RTVSPropertyOp3
 70
     0
102
RTVSPropertyOp4
 70
     0
102
RTVSPropertyOp5
 70
     0
102
RTVSPropertyOp6
 70
     0
102
RTVSPropertyOp7
 70
     0
102
RTVSPropertyOp8
 70
     0
102
RTVSPropertyOp9
 70
     0
102
RTVSPropertyOp10
 70
     0
102
RTVSPropertyOp11
 70
     0
102
RTVSPropertyOp12
 70
     0
102
RTVSPropertyOp13
 70
     0
102
RTVSPropertyOp14
 70
     2
102
RTVSPropertyOp15
 70
     0
102
RTVSPropertyOp16
 70
     0
102
RTVSPropertyOp17
 70
     0
102
RTVSPropertyOp18
 70
     0
102
RTVSPropertyOp19
 70
     0
102
RTVSPropertyOp20
 70
     0
102
RTVSPropertyOp21
 70
     0
102
RTVSPropertyOp22
 70
     0
102
RTVSPropertyOp23
 70
     0
102
RTVSPropertyOp24
 70
     0
102
RTVSPropertyOp25
 70
     0
102
RTVSPropertyOp26
 70
     0
102
RTVSPropertyOp27
 70
     0
102
RTVSPropertyOp28
 70
     0
102
RTVSPropertyOp29
 70
     0
102
RTVSPropertyOp30
 70
     0
102
RTVSPropertyOp31
 70
     0
102
RTVSPropertyOp32
 70
     0
102
RTVSPropertyOp33
 70
     0
102
RTVSPropertyOp34
 70
     0
102
RTVSPropertyOp35
 70
     0
102
RTVSPropertyOp36
 70
     0
102
RTVSPropertyOp37
 70
     0
102
RTVSPropertyOp38
 70
     0
102
RTVSPropertyOp39
 70
     0
102
RTVSPropertyOp40
 70
     0
102
RTVSPropertyOp41
 70
     0
102
RTVSPropertyOp42
 70
     0
102
RTVSPropertyOp43
 70
     0
102
RTVSPropertyOp44
 70
     0
102
RTVSPropertyOp45
 70
     0
102
RTVSPropertyOp46
 70
     0
102
RTVSPropertyOp47
 70
     0
102
RTVSPropertyOp48
 70
     0
102
RTVSPropertyOp49
 70
     0
102
RTVSPropertyOp50
 70
     0
102
RTVSPropertyOp51
 70
     0
102
RTVSPropertyOp52
 70
     0
102
RTVSPropertyOp53
 70
     0
102
RTVSPropertyOp54
 70
     0
102
RTVSPropertyOp55
 70
     0
102
RTVSPropertyOp56
 70
     0
102
RTVSPropertyOp57
 70
     0
102
RTVSPost2010Prop28
280
     0
102
RTVSPost2010PropOp28
 70
     0
102
RTVSPost2010Prop29
280
     1
102
RTVSPost2010PropOp29
 70
     0
102
RTVSPost2010Prop30
280
     1
102
RTVSPost2010PropOp30
 70
     0
102
RTVSPost2010Prop31
280
     0
102
RTVSPost2010PropOp31
 70
     0
102
RTVSPost2010Prop32
280
     0
102
RTVSPost2010PropOp32
 70
     0
102
RTVSPost2010Prop33
280
     0
102
RTVSPost2010PropOp33
 70
     0
102
RTVSPost2010Prop34
280
     0
102
RTVSPost2010PropOp34
 70
     0
102
RTVSPost2010Prop35
280
     0
102
RTVSPost2010PropOp35
 70
     0
102
RTVSPost2010Prop36
280
     0
102
RTVSPost2010PropOp36
 70
     0
102
RTVSPost2010Prop37
 90
       50
102
RTVSPost2010PropOp37
 70
     0
102
RTVSPost2010Prop38
140
0.0
102
RTVSPost2010PropOp38
 70
     0
102
RTVSPost2010Prop39
140
1.0
102
RTVSPost2010PropOp39
 70
     0
102
RTVSPost2010Prop40
 90
        0
102
RTVSPost2010PropOp40
 70
     0
102
RTVSPost2010Prop41ColorIndex
 90
       18
102
RTVSPost2010Prop41ColorRGB
 90
        0
102
RTVSPost2010PropOp41
 70
     0
102
RTVSPost2010Prop42
 90
       50
102
RTVSPost2010PropOp42
 70
     0
102
RTVSPost2010Prop43
 90
        3
102
RTVSPost2010PropOp43
 70
     0
102
RTVSPost2010Prop44ColorIndex
 90
        5
102
RTVSPost2010Prop44ColorRGB
 90
      255
102
RTVSPost2010PropOp44
 70
     0
102
RTVSPost2010Prop45
280
     0
102
RTVSPost2010PropOp45
 70
     0
102
RTVSPost2010Prop46
 90
       50
102
RTVSPost2010PropOp46
 70
     0
102
RTVSPost2010Prop47
 90
       50
102
RTVSPost2010PropOp47
 70
     0
102
RTVSPost2010Prop48
 90
       50
102
RTVSPost2010PropOp48
 70
     0
102
RTVSPost2010Prop49
280
     0
102
RTVSPost2010PropOp49
 70
     0
102
RTVSPost2010Prop50
 90
       50
102
RTVSPost2010PropOp50
 70
     0
102
RTVSPost2010Prop51ColorIndex
 90
      256
102
RTVSPost2010Prop51ColorRGB
 90
-16777216
102
RTVSPost2010PropOp51
 70
     0
102
RTVSPost2010Prop52
140
1.0
102
RTVSPost2010PropOp52
 70
     0
102
RTVSPost2010Prop53
 90
        2
102
RTVSPost2010PropOp53
 70
     0
102
RTVSPost2010Prop54
  1
strokes_ogs.tif
102
RTVSPost2010PropOp54
 70
     0
102
RTVSPost2010Prop55
280
     0
102
RTVSPost2010PropOp55
 70
     0
102
RTVSPost2010Prop56
140
1.0
102
RTVSPost2010PropOp56
 70
     0
102
RTVSPost2010Prop57
140
1.0
102
RTVSPost2010PropOp57
 70
     0
  0
XRECORD
  5
2B7
102
{ACAD_REACTORS
330
2B6
102
}
330
2B6
100
AcDbXrecord
280
     1
102
RTVSPropertyOp0
 70
     1
102
RTVSPropertyOp1
 70
     1
102
RTVSPropertyOp2
 70
     1
102
RTVSPropertyOp3
 70
     1
102
RTVSPropertyOp4
 70
     1
102
RTVSPropertyOp5
 70
     1
102
RTVSPropertyOp6
 70
     1
102
RTVSPropertyOp7
 70
     1
102
RTVSPropertyOp8
 70
     1
102
RTVSPropertyOp9
 70
     1
102
RTVSPropertyOp10
 70
     1
102
RTVSPropertyOp11
 70
     1
102
RTVSPropertyOp12
 70
     1
102
RTVSPropertyOp13
 70
     1
102
RTVSPropertyOp14
 70
     1
102
RTVSPropertyOp15
 70
     1
102
RTVSPropertyOp16
 70
     1
102
RTVSPropertyOp17
 70
     1
102
RTVSPropertyOp18
 70
     1
102
RTVSPropertyOp19
 70
     1
102
RTVSPropertyOp20
 70
     1
102
RTVSPropertyOp21
 70
     1
102
RTVSPropertyOp22
 70
     1
102
RTVSPropertyOp23
 70
     1
102
RTVSPropertyOp24
 70
     1
102
RTVSPropertyOp25
 70
     1
102
RTVSPropertyOp26
 70
     1
102
RTVSPropertyOp27
 70
     1
102
RTVSPropertyOp28
 70
     1
102
RTVSPropertyOp29
 70
     1
102
RTVSPropertyOp30
 70
     1
102
RTVSPropertyOp31
 70
     1
102
RTVSPropertyOp32
 70
     1
102
RTVSPropertyOp33
 70
     1
102
RTVSPropertyOp34
 70
     1
102
RTVSPropertyOp35
 70
     1
102
RTVSPropertyOp36
 70
     1
102
RTVSPropertyOp37
 70
     1
102
RTVSPropertyOp38
 70
     1
102
RTVSPropertyOp39
 70
     1
102
RTVSPropertyOp40
 70
     1
102
RTVSPropertyOp41
 70
     1
102
RTVSPropertyOp42
 70
     1
102
RTVSPropertyOp43
 70
     1
102
RTVSPropertyOp44
 70
     1
102
RTVSPropertyOp45
 70
     1
102
RTVSPropertyOp46
 70
     1
102
RTVSPropertyOp47
 70
     1
102
RTVSPropertyOp48
 70
     1
102
RTVSPropertyOp49
 70
     1
102
RTVSPropertyOp50
 70
     1
102
RTVSPropertyOp51
 70
     0
102
RTVSPropertyOp52
 70
     0
102
RTVSPropertyOp53
 70
     1
102
RTVSPropertyOp54
 70
     1
102
RTVSPropertyOp55
 70
     1
102
RTVSPropertyOp56
 70
     1
102
RTVSPropertyOp57
 70
     1
102
RTVSPost2010Prop28
280
     0
102
RTVSPost2010PropOp28
 70
     1
102
RTVSPost2010Prop29
280
     1
102
RTVSPost2010PropOp29
 70
     1
102
RTVSPost2010Prop30
280
     1
102
RTVSPost2010PropOp30
 70
     1
102
RTVSPost2010Prop31
280
     0
102
RTVSPost2010PropOp31
 70
     1
102
RTVSPost2010Prop32
280
     0
102
RTVSPost2010PropOp32
 70
     1
102
RTVSPost2010Prop33
280
     0
102
RTVSPost2010PropOp33
 70
     1
102
RTVSPost2010Prop34
280
     0
102
RTVSPost2010PropOp34
 70
     1
102
RTVSPost2010Prop35
280
     0
102
RTVSPost2010PropOp35
 70
     1
102
RTVSPost2010Prop36
280
     0
102
RTVSPost2010PropOp36
 70
     1
102
RTVSPost2010Prop37
 90
       50
102
RTVSPost2010PropOp37
 70
     1
102
RTVSPost2010Prop38
140
0.0
102
RTVSPost2010PropOp38
 70
     1
102
RTVSPost2010Prop39
140
1.0
102
RTVSPost2010PropOp39
 70
     1
102
RTVSPost2010Prop40
 90
        0
102
RTVSPost2010PropOp40
 70
     1
102
RTVSPost2010Prop41ColorIndex
 90
       18
102
RTVSPost2010Prop41ColorRGB
 90
        0
102
RTVSPost2010PropOp41
 70
     1
102
RTVSPost2010Prop42
 90
       50
102
RTVSPost2010PropOp42
 70
     1
102
RTVSPost2010Prop43
 90
        3
102
RTVSPost2010PropOp43
 70
     1
102
RTVSPost2010Prop44ColorIndex
 90
        5
102
RTVSPost2010Prop44ColorRGB
 90
      255
102
RTVSPost2010PropOp44
 70
     1
102
RTVSPost2010Prop45
280
     0
102
RTVSPost2010PropOp45
 70
     1
102
RTVSPost2010Prop46
 90
       50
102
RTVSPost2010PropOp46
 70
     1
102
RTVSPost2010Prop47
 90
       50
102
RTVSPost2010PropOp47
 70
     1
102
RTVSPost2010Prop48
 90
       50
102
RTVSPost2010PropOp48
 70
     1
102
RTVSPost2010Prop49
280
     0
102
RTVSPost2010PropOp49
 70
     1
102
RTVSPost2010Prop50
 90
       50
102
RTVSPost2010PropOp50
 70
     1
102
RTVSPost2010Prop51ColorIndex
 90
      256
102
RTVSPost2010Prop51ColorRGB
 90
-16777216
102
RTVSPost2010PropOp51
 70
     0
102
RTVSPost2010Prop52
140
1.0
102
RTVSPost2010PropOp52
 70
     0
102
RTVSPost2010Prop53
 90
        2
102
RTVSPost2010PropOp53
 70
     1
102
RTVSPost2010Prop54
  1
strokes_ogs.tif
102
RTVSPost2010PropOp54
 70
     1
102
RTVSPost2010Prop55
280
     0
102
RTVSPost2010PropOp55
 70
     1
102
RTVSPost2010Prop56
140
1.0
102
RTVSPost2010PropOp56
 70
     1
102
RTVSPost2010Prop57
140
1.0
102
RTVSPost2010PropOp57
 70
     1
  0
XRECORD
  5
29B
102
{ACAD_REACTORS
330
29A
102
}
330
29A
100
AcDbXrecord
280
     1
102
RTVSPropertyOp0
 70
     1
102
RTVSPropertyOp1
 70
     1
102
RTVSPropertyOp2
 70
     1
102
RTVSPropertyOp3
 70
     1
102
RTVSPropertyOp4
 70
     1
102
RTVSPropertyOp5
 70
     1
102
RTVSPropertyOp6
 70
     1
102
RTVSPropertyOp7
 70
     1
102
RTVSPropertyOp8
 70
     1
102
RTVSPropertyOp9
 70
     1
102
RTVSPropertyOp10
 70
     1
102
RTVSPropertyOp11
 70
     1
102
RTVSPropertyOp12
 70
     1
102
RTVSPropertyOp13
 70
     1
102
RTVSPropertyOp14
 70
     1
102
RTVSPropertyOp15
 70
     1
102
RTVSPropertyOp16
 70
     1
102
RTVSPropertyOp17
 70
     1
102
RTVSPropertyOp18
 70
     1
102
RTVSPropertyOp19
 70
     1
102
RTVSPropertyOp20
 70
     1
102
RTVSPropertyOp21
 70
     1
102
RTVSPropertyOp22
 70
     1
102
RTVSPropertyOp23
 70
     1
102
RTVSPropertyOp24
 70
     1
102
RTVSPropertyOp25
 70
     1
102
RTVSPropertyOp26
 70
     1
102
RTVSPropertyOp27
 70
     1
102
RTVSPropertyOp28
 70
     1
102
RTVSPropertyOp29
 70
     1
102
RTVSPropertyOp30
 70
     1
102
RTVSPropertyOp31
 70
     1
102
RTVSPropertyOp32
 70
     1
102
RTVSPropertyOp33
 70
     1
102
RTVSPropertyOp34
 70
     1
102
RTVSPropertyOp35
 70
     1
102
RTVSPropertyOp36
 70
     1
102
RTVSPropertyOp37
 70
     1
102
RTVSPropertyOp38
 70
     1
102
RTVSPropertyOp39
 70
     1
102
RTVSPropertyOp40
 70
     1
102
RTVSPropertyOp41
 70
     1
102
RTVSPropertyOp42
 70
     1
102
RTVSPropertyOp43
 70
     1
102
RTVSPropertyOp44
 70
     1
102
RTVSPropertyOp45
 70
     1
102
RTVSPropertyOp46
 70
     1
102
RTVSPropertyOp47
 70
     1
102
RTVSPropertyOp48
 70
     1
102
RTVSPropertyOp49
 70
     1
102
RTVSPropertyOp50
 70
     1
102
RTVSPropertyOp51
 70
     0
102
RTVSPropertyOp52
 70
     0
102
RTVSPropertyOp53
 70
     1
102
RTVSPropertyOp54
 70
     1
102
RTVSPropertyOp55
 70
     1
102
RTVSPropertyOp56
 70
     1
102
RTVSPropertyOp57
 70
     1
102
RTVSPost2010Prop28
280
     0
102
RTVSPost2010PropOp28
 70
     1
102
RTVSPost2010Prop29
280
     1
102
RTVSPost2010PropOp29
 70
     1
102
RTVSPost2010Prop30
280
     1
102
RTVSPost2010PropOp30
 70
     1
102
RTVSPost2010Prop31
280
     0
102
RTVSPost2010PropOp31
 70
     1
102
RTVSPost2010Prop32
280
     0
102
RTVSPost2010PropOp32
 70
     1
102
RTVSPost2010Prop33
280
     0
102
RTVSPost2010PropOp33
 70
     1
102
RTVSPost2010Prop34
280
     0
102
RTVSPost2010PropOp34
 70
     1
102
RTVSPost2010Prop35
280
     0
102
RTVSPost2010PropOp35
 70
     1
102
RTVSPost2010Prop36
280
     0
102
RTVSPost2010PropOp36
 70
     1
102
RTVSPost2010Prop37
 90
       50
102
RTVSPost2010PropOp37
 70
     1
102
RTVSPost2010Prop38
140
0.0
102
RTVSPost2010PropOp38
 70
     1
102
RTVSPost2010Prop39
140
1.0
102
RTVSPost2010PropOp39
 70
     1
102
RTVSPost2010Prop40
 90
        0
102
RTVSPost2010PropOp40
 70
     1
102
RTVSPost2010Prop41ColorIndex
 90
       18
102
RTVSPost2010Prop41ColorRGB
 90
        0
102
RTVSPost2010PropOp41
 70
     1
102
RTVSPost2010Prop42
 90
       50
102
RTVSPost2010PropOp42
 70
     1
102
RTVSPost2010Prop43
 90
        3
102
RTVSPost2010PropOp43
 70
     1
102
RTVSPost2010Prop44ColorIndex
 90
        5
102
RTVSPost2010Prop44ColorRGB
 90
      255
102
RTVSPost2010PropOp44
 70
     1
102
RTVSPost2010Prop45
280
     0
102
RTVSPost2010PropOp45
 70
     1
102
RTVSPost2010Prop46
 90
       50
102
RTVSPost2010PropOp46
 70
     1
102
RTVSPost2010Prop47
 90
       50
102
RTVSPost2010PropOp47
 70
     1
102
RTVSPost2010Prop48
 90
       50
102
RTVSPost2010PropOp48
 70
     1
102
RTVSPost2010Prop49
280
     0
102
RTVSPost2010PropOp49
 70
     1
102
RTVSPost2010Prop50
 90
       50
102
RTVSPost2010PropOp50
 70
     1
102
RTVSPost2010Prop51ColorIndex
 90
      256
102
RTVSPost2010Prop51ColorRGB
 90
-16777216
102
RTVSPost2010PropOp51
 70
     0
102
RTVSPost2010Prop52
140
1.0
102
RTVSPost2010PropOp52
 70
     0
102
RTVSPost2010Prop53
 90
        2
102
RTVSPost2010PropOp53
 70
     1
102
RTVSPost2010Prop54
  1
strokes_ogs.tif
102
RTVSPost2010PropOp54
 70
     1
102
RTVSPost2010Prop55
280
     0
102
RTVSPost2010PropOp55
 70
     1
102
RTVSPost2010Prop56
140
1.0
102
RTVSPost2010PropOp56
 70
     1
102
RTVSPost2010Prop57
140
1.0
102
RTVSPost2010PropOp57
 70
     1
  0
XRECORD
  5
29D
102
{ACAD_REACTORS
330
29C
102
}
330
29C
100
AcDbXrecord
280
     1
102
RTVSPropertyOp0
 70
     1
102
RTVSPropertyOp1
 70
     1
102
RTVSPropertyOp2
 70
     1
102
RTVSPropertyOp3
 70
     1
102
RTVSPropertyOp4
 70
     1
102
RTVSPropertyOp5
 70
     1
102
RTVSPropertyOp6
 70
     1
102
RTVSPropertyOp7
 70
     1
102
RTVSPropertyOp8
 70
     1
102
RTVSPropertyOp9
 70
     1
102
RTVSPropertyOp10
 70
     1
102
RTVSPropertyOp11
 70
     1
102
RTVSPropertyOp12
 70
     1
102
RTVSPropertyOp13
 70
     1
102
RTVSPropertyOp14
 70
     1
102
RTVSPropertyOp15
 70
     1
102
RTVSPropertyOp16
 70
     1
102
RTVSPropertyOp17
 70
     1
102
RTVSPropertyOp18
 70
     1
102
RTVSPropertyOp19
 70
     1
102
RTVSPropertyOp20
 70
     1
102
RTVSPropertyOp21
 70
     1
102
RTVSPropertyOp22
 70
     1
102
RTVSPropertyOp23
 70
     1
102
RTVSPropertyOp24
 70
     1
102
RTVSPropertyOp25
 70
     1
102
RTVSPropertyOp26
 70
     1
102
RTVSPropertyOp27
 70
     1
102
RTVSPropertyOp28
 70
     1
102
RTVSPropertyOp29
 70
     1
102
RTVSPropertyOp30
 70
     1
102
RTVSPropertyOp31
 70
     1
102
RTVSPropertyOp32
 70
     1
102
RTVSPropertyOp33
 70
     1
102
RTVSPropertyOp34
 70
     1
102
RTVSPropertyOp35
 70
     1
102
RTVSPropertyOp36
 70
     1
102
RTVSPropertyOp37
 70
     1
102
RTVSPropertyOp38
 70
     1
102
RTVSPropertyOp39
 70
     1
102
RTVSPropertyOp40
 70
     1
102
RTVSPropertyOp41
 70
     1
102
RTVSPropertyOp42
 70
     1
102
RTVSPropertyOp43
 70
     1
102
RTVSPropertyOp44
 70
     1
102
RTVSPropertyOp45
 70
     1
102
RTVSPropertyOp46
 70
     1
102
RTVSPropertyOp47
 70
     1
102
RTVSPropertyOp48
 70
     1
102
RTVSPropertyOp49
 70
     1
102
RTVSPropertyOp50
 70
     1
102
RTVSPropertyOp51
 70
     0
102
RTVSPropertyOp52
 70
     0
102
RTVSPropertyOp53
 70
     1
102
RTVSPropertyOp54
 70
     1
102
RTVSPropertyOp55
 70
     1
102
RTVSPropertyOp56
 70
     1
102
RTVSPropertyOp57
 70
     1
102
RTVSPost2010Prop28
280
     0
102
RTVSPost2010PropOp28
 70
     1
102
RTVSPost2010Prop29
280
     1
102
RTVSPost2010PropOp29
 70
     1
102
RTVSPost2010Prop30
280
     1
102
RTVSPost2010PropOp30
 70
     1
102
RTVSPost2010Prop31
280
     0
102
RTVSPost2010PropOp31
 70
     1
102
RTVSPost2010Prop32
280
     0
102
RTVSPost2010PropOp32
 70
     1
102
RTVSPost2010Prop33
280
     0
102
RTVSPost2010PropOp33
 70
     1
102
RTVSPost2010Prop34
280
     0
102
RTVSPost2010PropOp34
 70
     1
102
RTVSPost2010Prop35
280
     0
102
RTVSPost2010PropOp35
 70
     1
102
RTVSPost2010Prop36
280
     0
102
RTVSPost2010PropOp36
 70
     1
102
RTVSPost2010Prop37
 90
       50
102
RTVSPost2010PropOp37
 70
     1
102
RTVSPost2010Prop38
140
0.0
102
RTVSPost2010PropOp38
 70
     1
102
RTVSPost2010Prop39
140
1.0
102
RTVSPost2010PropOp39
 70
     1
102
RTVSPost2010Prop40
 90
        0
102
RTVSPost2010PropOp40
 70
     1
102
RTVSPost2010Prop41ColorIndex
 90
       18
102
RTVSPost2010Prop41ColorRGB
 90
        0
102
RTVSPost2010PropOp41
 70
     1
102
RTVSPost2010Prop42
 90
       50
102
RTVSPost2010PropOp42
 70
     1
102
RTVSPost2010Prop43
 90
        3
102
RTVSPost2010PropOp43
 70
     1
102
RTVSPost2010Prop44ColorIndex
 90
        5
102
RTVSPost2010Prop44ColorRGB
 90
      255
102
RTVSPost2010PropOp44
 70
     1
102
RTVSPost2010Prop45
280
     0
102
RTVSPost2010PropOp45
 70
     1
102
RTVSPost2010Prop46
 90
       50
102
RTVSPost2010PropOp46
 70
     1
102
RTVSPost2010Prop47
 90
       50
102
RTVSPost2010PropOp47
 70
     1
102
RTVSPost2010Prop48
 90
       50
102
RTVSPost2010PropOp48
 70
     1
102
RTVSPost2010Prop49
280
     0
102
RTVSPost2010PropOp49
 70
     1
102
RTVSPost2010Prop50
 90
       50
102
RTVSPost2010PropOp50
 70
     1
102
RTVSPost2010Prop51ColorIndex
 90
      256
102
RTVSPost2010Prop51ColorRGB
 90
-16777216
102
RTVSPost2010PropOp51
 70
     0
102
RTVSPost2010Prop52
140
1.0
102
RTVSPost2010PropOp52
 70
     0
102
RTVSPost2010Prop53
 90
        2
102
RTVSPost2010PropOp53
 70
     1
102
RTVSPost2010Prop54
  1
strokes_ogs.tif
102
RTVSPost2010PropOp54
 70
     1
102
RTVSPost2010Prop55
280
     0
102
RTVSPost2010PropOp55
 70
     1
102
RTVSPost2010Prop56
140
1.0
102
RTVSPost2010PropOp56
 70
     1
102
RTVSPost2010Prop57
140
1.0
102
RTVSPost2010PropOp57
 70
     1
  0
XRECORD
  5
29F
102
{ACAD_REACTORS
330
29E
102
}
330
29E
100
AcDbXrecord
280
     1
102
RTVSPropertyOp0
 70
     1
102
RTVSPropertyOp1
 70
     1
102
RTVSPropertyOp2
 70
     1
102
RTVSPropertyOp3
 70
     1
102
RTVSPropertyOp4
 70
     1
102
RTVSPropertyOp5
 70
     1
102
RTVSPropertyOp6
 70
     1
102
RTVSPropertyOp7
 70
     1
102
RTVSPropertyOp8
 70
     1
102
RTVSPropertyOp9
 70
     1
102
RTVSPropertyOp10
 70
     1
102
RTVSPropertyOp11
 70
     1
102
RTVSPropertyOp12
 70
     1
102
RTVSPropertyOp13
 70
     1
102
RTVSPropertyOp14
 70
     1
102
RTVSPropertyOp15
 70
     1
102
RTVSPropertyOp16
 70
     1
102
RTVSPropertyOp17
 70
     1
102
RTVSPropertyOp18
 70
     1
102
RTVSPropertyOp19
 70
     1
102
RTVSPropertyOp20
 70
     1
102
RTVSPropertyOp21
 70
     1
102
RTVSPropertyOp22
 70
     1
102
RTVSPropertyOp23
 70
     1
102
RTVSPropertyOp24
 70
     1
102
RTVSPropertyOp25
 70
     1
102
RTVSPropertyOp26
 70
     1
102
RTVSPropertyOp27
 70
     1
102
RTVSPropertyOp28
 70
     1
102
RTVSPropertyOp29
 70
     1
102
RTVSPropertyOp30
 70
     1
102
RTVSPropertyOp31
 70
     1
102
RTVSPropertyOp32
 70
     1
102
RTVSPropertyOp33
 70
     1
102
RTVSPropertyOp34
 70
     1
102
RTVSPropertyOp35
 70
     1
102
RTVSPropertyOp36
 70
     1
102
RTVSPropertyOp37
 70
     1
102
RTVSPropertyOp38
 70
     1
102
RTVSPropertyOp39
 70
     1
102
RTVSPropertyOp40
 70
     1
102
RTVSPropertyOp41
 70
     1
102
RTVSPropertyOp42
 70
     1
102
RTVSPropertyOp43
 70
     1
102
RTVSPropertyOp44
 70
     1
102
RTVSPropertyOp45
 70
     1
102
RTVSPropertyOp46
 70
     1
102
RTVSPropertyOp47
 70
     1
102
RTVSPropertyOp48
 70
     1
102
RTVSPropertyOp49
 70
     1
102
RTVSPropertyOp50
 70
     1
102
RTVSPropertyOp51
 70
     0
102
RTVSPropertyOp52
 70
     0
102
RTVSPropertyOp53
 70
     1
102
RTVSPropertyOp54
 70
     1
102
RTVSPropertyOp55
 70
     1
102
RTVSPropertyOp56
 70
     1
102
RTVSPropertyOp57
 70
     1
102
RTVSPost2010Prop28
280
     0
102
RTVSPost2010PropOp28
 70
     1
102
RTVSPost2010Prop29
280
     1
102
RTVSPost2010PropOp29
 70
     1
102
RTVSPost2010Prop30
280
     1
102
RTVSPost2010PropOp30
 70
     1
102
RTVSPost2010Prop31
280
     0
102
RTVSPost2010PropOp31
 70
     1
102
RTVSPost2010Prop32
280
     0
102
RTVSPost2010PropOp32
 70
     1
102
RTVSPost2010Prop33
280
     0
102
RTVSPost2010PropOp33
 70
     1
102
RTVSPost2010Prop34
280
     0
102
RTVSPost2010PropOp34
 70
     1
102
RTVSPost2010Prop35
280
     0
102
RTVSPost2010PropOp35
 70
     1
102
RTVSPost2010Prop36
280
     0
102
RTVSPost2010PropOp36
 70
     1
102
RTVSPost2010Prop37
 90
       50
102
RTVSPost2010PropOp37
 70
     1
102
RTVSPost2010Prop38
140
0.0
102
RTVSPost2010PropOp38
 70
     1
102
RTVSPost2010Prop39
140
1.0
102
RTVSPost2010PropOp39
 70
     1
102
RTVSPost2010Prop40
 90
        0
102
RTVSPost2010PropOp40
 70
     1
102
RTVSPost2010Prop41ColorIndex
 90
       18
102
RTVSPost2010Prop41ColorRGB
 90
        0
102
RTVSPost2010PropOp41
 70
     1
102
RTVSPost2010Prop42
 90
       50
102
RTVSPost2010PropOp42
 70
     1
102
RTVSPost2010Prop43
 90
        3
102
RTVSPost2010PropOp43
 70
     1
102
RTVSPost2010Prop44ColorIndex
 90
        5
102
RTVSPost2010Prop44ColorRGB
 90
      255
102
RTVSPost2010PropOp44
 70
     1
102
RTVSPost2010Prop45
280
     0
102
RTVSPost2010PropOp45
 70
     1
102
RTVSPost2010Prop46
 90
       50
102
RTVSPost2010PropOp46
 70
     1
102
RTVSPost2010Prop47
 90
       50
102
RTVSPost2010PropOp47
 70
     1
102
RTVSPost2010Prop48
 90
       50
102
RTVSPost2010PropOp48
 70
     1
102
RTVSPost2010Prop49
280
     0
102
RTVSPost2010PropOp49
 70
     1
102
RTVSPost2010Prop50
 90
       50
102
RTVSPost2010PropOp50
 70
     1
102
RTVSPost2010Prop51ColorIndex
 90
      256
102
RTVSPost2010Prop51ColorRGB
 90
-16777216
102
RTVSPost2010PropOp51
 70
     0
102
RTVSPost2010Prop52
140
1.0
102
RTVSPost2010PropOp52
 70
     0
102
RTVSPost2010Prop53
 90
        2
102
RTVSPost2010PropOp53
 70
     1
102
RTVSPost2010Prop54
  1
strokes_ogs.tif
102
RTVSPost2010PropOp54
 70
     1
102
RTVSPost2010Prop55
280
     0
102
RTVSPost2010PropOp55
 70
     1
102
RTVSPost2010Prop56
140
1.0
102
RTVSPost2010PropOp56
 70
     1
102
RTVSPost2010Prop57
140
1.0
102
RTVSPost2010PropOp57
 70
     1
  0
XRECORD
  5
2A1
102
{ACAD_REACTORS
330
2A0
102
}
330
2A0
100
AcDbXrecord
280
     1
102
RTVSPropertyOp0
 70
     1
102
RTVSPropertyOp1
 70
     1
102
RTVSPropertyOp2
 70
     1
102
RTVSPropertyOp3
 70
     1
102
RTVSPropertyOp4
 70
     1
102
RTVSPropertyOp5
 70
     1
102
RTVSPropertyOp6
 70
     1
102
RTVSPropertyOp7
 70
     1
102
RTVSPropertyOp8
 70
     1
102
RTVSPropertyOp9
 70
     1
102
RTVSPropertyOp10
 70
     1
102
RTVSPropertyOp11
 70
     1
102
RTVSPropertyOp12
 70
     1
102
RTVSPropertyOp13
 70
     1
102
RTVSPropertyOp14
 70
     1
102
RTVSPropertyOp15
 70
     1
102
RTVSPropertyOp16
 70
     1
102
RTVSPropertyOp17
 70
     1
102
RTVSPropertyOp18
 70
     1
102
RTVSPropertyOp19
 70
     1
102
RTVSPropertyOp20
 70
     1
102
RTVSPropertyOp21
 70
     1
102
RTVSPropertyOp22
 70
     1
102
RTVSPropertyOp23
 70
     1
102
RTVSPropertyOp24
 70
     1
102
RTVSPropertyOp25
 70
     1
102
RTVSPropertyOp26
 70
     1
102
RTVSPropertyOp27
 70
     1
102
RTVSPropertyOp28
 70
     1
102
RTVSPropertyOp29
 70
     1
102
RTVSPropertyOp30
 70
     1
102
RTVSPropertyOp31
 70
     1
102
RTVSPropertyOp32
 70
     1
102
RTVSPropertyOp33
 70
     1
102
RTVSPropertyOp34
 70
     1
102
RTVSPropertyOp35
 70
     1
102
RTVSPropertyOp36
 70
     1
102
RTVSPropertyOp37
 70
     1
102
RTVSPropertyOp38
 70
     1
102
RTVSPropertyOp39
 70
     1
102
RTVSPropertyOp40
 70
     1
102
RTVSPropertyOp41
 70
     1
102
RTVSPropertyOp42
 70
     1
102
RTVSPropertyOp43
 70
     1
102
RTVSPropertyOp44
 70
     1
102
RTVSPropertyOp45
 70
     1
102
RTVSPropertyOp46
 70
     1
102
RTVSPropertyOp47
 70
     1
102
RTVSPropertyOp48
 70
     1
102
RTVSPropertyOp49
 70
     1
102
RTVSPropertyOp50
 70
     1
102
RTVSPropertyOp51
 70
     0
102
RTVSPropertyOp52
 70
     0
102
RTVSPropertyOp53
 70
     1
102
RTVSPropertyOp54
 70
     1
102
RTVSPropertyOp55
 70
     1
102
RTVSPropertyOp56
 70
     1
102
RTVSPropertyOp57
 70
     1
102
RTVSPost2010Prop28
280
     0
102
RTVSPost2010PropOp28
 70
     1
102
RTVSPost2010Prop29
280
     1
102
RTVSPost2010PropOp29
 70
     1
102
RTVSPost2010Prop30
280
     1
102
RTVSPost2010PropOp30
 70
     1
102
RTVSPost2010Prop31
280
     0
102
RTVSPost2010PropOp31
 70
     1
102
RTVSPost2010Prop32
280
     0
102
RTVSPost2010PropOp32
 70
     1
102
RTVSPost2010Prop33
280
     0
102
RTVSPost2010PropOp33
 70
     1
102
RTVSPost2010Prop34
280
     0
102
RTVSPost2010PropOp34
 70
     1
102
RTVSPost2010Prop35
280
     0
102
RTVSPost2010PropOp35
 70
     1
102
RTVSPost2010Prop36
280
     0
102
RTVSPost2010PropOp36
 70
     1
102
RTVSPost2010Prop37
 90
       50
102
RTVSPost2010PropOp37
 70
     1
102
RTVSPost2010Prop38
140
0.0
102
RTVSPost2010PropOp38
 70
     1
102
RTVSPost2010Prop39
140
1.0
102
RTVSPost2010PropOp39
 70
     1
102
RTVSPost2010Prop40
 90
        0
102
RTVSPost2010PropOp40
 70
     1
102
RTVSPost2010Prop41ColorIndex
 90
       18
102
RTVSPost2010Prop41ColorRGB
 90
        0
102
RTVSPost2010PropOp41
 70
     1
102
RTVSPost2010Prop42
 90
       50
102
RTVSPost2010PropOp42
 70
     1
102
RTVSPost2010Prop43
 90
        3
102
RTVSPost2010PropOp43
 70
     1
102
RTVSPost2010Prop44ColorIndex
 90
        5
102
RTVSPost2010Prop44ColorRGB
 90
      255
102
RTVSPost2010PropOp44
 70
     1
102
RTVSPost2010Prop45
280
     0
102
RTVSPost2010PropOp45
 70
     1
102
RTVSPost2010Prop46
 90
       50
102
RTVSPost2010PropOp46
 70
     1
102
RTVSPost2010Prop47
 90
       50
102
RTVSPost2010PropOp47
 70
     1
102
RTVSPost2010Prop48
 90
       50
102
RTVSPost2010PropOp48
 70
     1
102
RTVSPost2010Prop49
280
     0
102
RTVSPost2010PropOp49
 70
     1
102
RTVSPost2010Prop50
 90
       50
102
RTVSPost2010PropOp50
 70
     1
102
RTVSPost2010Prop51ColorIndex
 90
      256
102
RTVSPost2010Prop51ColorRGB
 90
-16777216
102
RTVSPost2010PropOp51
 70
     0
102
RTVSPost2010Prop52
140
1.0
102
RTVSPost2010PropOp52
 70
     0
102
RTVSPost2010Prop53
 90
        2
102
RTVSPost2010PropOp53
 70
     1
102
RTVSPost2010Prop54
  1
strokes_ogs.tif
102
RTVSPost2010PropOp54
 70
     1
102
RTVSPost2010Prop55
280
     0
102
RTVSPost2010PropOp55
 70
     1
102
RTVSPost2010Prop56
140
1.0
102
RTVSPost2010PropOp56
 70
     1
102
RTVSPost2010Prop57
140
1.0
102
RTVSPost2010PropOp57
 70
     1
  0
XRECORD
  5
2A7
102
{ACAD_REACTORS
330
2A6
102
}
330
2A6
100
AcDbXrecord
280
     1
102
RTVSPropertyOp0
 70
     1
102
RTVSPropertyOp1
 70
     1
102
RTVSPropertyOp2
 70
     1
102
RTVSPropertyOp3
 70
     1
102
RTVSPropertyOp4
 70
     1
102
RTVSPropertyOp5
 70
     1
102
RTVSPropertyOp6
 70
     1
102
RTVSPropertyOp7
 70
     1
102
RTVSPropertyOp8
 70
     1
102
RTVSPropertyOp9
 70
     1
102
RTVSPropertyOp10
 70
     1
102
RTVSPropertyOp11
 70
     1
102
RTVSPropertyOp12
 70
     1
102
RTVSPropertyOp13
 70
     1
102
RTVSPropertyOp14
 70
     1
102
RTVSPropertyOp15
 70
     1
102
RTVSPropertyOp16
 70
     1
102
RTVSPropertyOp17
 70
     1
102
RTVSPropertyOp18
 70
     1
102
RTVSPropertyOp19
 70
     1
102
RTVSPropertyOp20
 70
     1
102
RTVSPropertyOp21
 70
     1
102
RTVSPropertyOp22
 70
     1
102
RTVSPropertyOp23
 70
     1
102
RTVSPropertyOp24
 70
     1
102
RTVSPropertyOp25
 70
     1
102
RTVSPropertyOp26
 70
     1
102
RTVSPropertyOp27
 70
     1
102
RTVSPropertyOp28
 70
     1
102
RTVSPropertyOp29
 70
     1
102
RTVSPropertyOp30
 70
     1
102
RTVSPropertyOp31
 70
     1
102
RTVSPropertyOp32
 70
     1
102
RTVSPropertyOp33
 70
     1
102
RTVSPropertyOp34
 70
     1
102
RTVSPropertyOp35
 70
     1
102
RTVSPropertyOp36
 70
     1
102
RTVSPropertyOp37
 70
     1
102
RTVSPropertyOp38
 70
     1
102
RTVSPropertyOp39
 70
     1
102
RTVSPropertyOp40
 70
     1
102
RTVSPropertyOp41
 70
     1
102
RTVSPropertyOp42
 70
     1
102
RTVSPropertyOp43
 70
     1
102
RTVSPropertyOp44
 70
     1
102
RTVSPropertyOp45
 70
     1
102
RTVSPropertyOp46
 70
     1
102
RTVSPropertyOp47
 70
     1
102
RTVSPropertyOp48
 70
     1
102
RTVSPropertyOp49
 70
     1
102
RTVSPropertyOp50
 70
     1
102
RTVSPropertyOp51
 70
     0
102
RTVSPropertyOp52
 70
     0
102
RTVSPropertyOp53
 70
     1
102
RTVSPropertyOp54
 70
     1
102
RTVSPropertyOp55
 70
     1
102
RTVSPropertyOp56
 70
     1
102
RTVSPropertyOp57
 70
     1
102
RTVSPost2010Prop28
280
     0
102
RTVSPost2010PropOp28
 70
     1
102
RTVSPost2010Prop29
280
     1
102
RTVSPost2010PropOp29
 70
     1
102
RTVSPost2010Prop30
280
     1
102
RTVSPost2010PropOp30
 70
     1
102
RTVSPost2010Prop31
280
     0
102
RTVSPost2010PropOp31
 70
     1
102
RTVSPost2010Prop32
280
     0
102
RTVSPost2010PropOp32
 70
     1
102
RTVSPost2010Prop33
280
     0
102
RTVSPost2010PropOp33
 70
     1
102
RTVSPost2010Prop34
280
     0
102
RTVSPost2010PropOp34
 70
     1
102
RTVSPost2010Prop35
280
     0
102
RTVSPost2010PropOp35
 70
     1
102
RTVSPost2010Prop36
280
     0
102
RTVSPost2010PropOp36
 70
     1
102
RTVSPost2010Prop37
 90
       50
102
RTVSPost2010PropOp37
 70
     1
102
RTVSPost2010Prop38
140
0.0
102
RTVSPost2010PropOp38
 70
     1
102
RTVSPost2010Prop39
140
1.0
102
RTVSPost2010PropOp39
 70
     1
102
RTVSPost2010Prop40
 90
        0
102
RTVSPost2010PropOp40
 70
     1
102
RTVSPost2010Prop41ColorIndex
 90
       18
102
RTVSPost2010Prop41ColorRGB
 90
        0
102
RTVSPost2010PropOp41
 70
     1
102
RTVSPost2010Prop42
 90
       50
102
RTVSPost2010PropOp42
 70
     1
102
RTVSPost2010Prop43
 90
        3
102
RTVSPost2010PropOp43
 70
     1
102
RTVSPost2010Prop44ColorIndex
 90
        5
102
RTVSPost2010Prop44ColorRGB
 90
      255
102
RTVSPost2010PropOp44
 70
     1
102
RTVSPost2010Prop45
280
     0
102
RTVSPost2010PropOp45
 70
     1
102
RTVSPost2010Prop46
 90
       50
102
RTVSPost2010PropOp46
 70
     1
102
RTVSPost2010Prop47
 90
       50
102
RTVSPost2010PropOp47
 70
     1
102
RTVSPost2010Prop48
 90
       50
102
RTVSPost2010PropOp48
 70
     1
102
RTVSPost2010Prop49
280
     0
102
RTVSPost2010PropOp49
 70
     1
102
RTVSPost2010Prop50
 90
       50
102
RTVSPost2010PropOp50
 70
     1
102
RTVSPost2010Prop51ColorIndex
 90
      256
102
RTVSPost2010Prop51ColorRGB
 90
-16777216
102
RTVSPost2010PropOp51
 70
     0
102
RTVSPost2010Prop52
140
1.0
102
RTVSPost2010PropOp52
 70
     0
102
RTVSPost2010Prop53
 90
        2
102
RTVSPost2010PropOp53
 70
     1
102
RTVSPost2010Prop54
  1
strokes_ogs.tif
102
RTVSPost2010PropOp54
 70
     1
102
RTVSPost2010Prop55
280
     0
102
RTVSPost2010PropOp55
 70
     1
102
RTVSPost2010Prop56
140
1.0
102
RTVSPost2010PropOp56
 70
     1
102
RTVSPost2010Prop57
140
1.0
102
RTVSPost2010PropOp57
 70
     1
  0
XRECORD
  5
2BB
102
{ACAD_REACTORS
330
2BA
102
}
330
2BA
100
AcDbXrecord
280
     1
102
RTVSPropertyOp0
 70
     0
102
RTVSPropertyOp1
 70
     0
102
RTVSPropertyOp2
 70
     0
102
RTVSPropertyOp3
 70
     0
102
RTVSPropertyOp4
 70
     0
102
RTVSPropertyOp5
 70
     0
102
RTVSPropertyOp6
 70
     0
102
RTVSPropertyOp7
 70
     0
102
RTVSPropertyOp8
 70
     0
102
RTVSPropertyOp9
 70
     0
102
RTVSPropertyOp10
 70
     0
102
RTVSPropertyOp11
 70
     0
102
RTVSPropertyOp12
 70
     0
102
RTVSPropertyOp13
 70
     0
102
RTVSPropertyOp14
 70
     2
102
RTVSPropertyOp15
 70
     0
102
RTVSPropertyOp16
 70
     0
102
RTVSPropertyOp17
 70
     0
102
RTVSPropertyOp18
 70
     0
102
RTVSPropertyOp19
 70
     0
102
RTVSPropertyOp20
 70
     0
102
RTVSPropertyOp21
 70
     0
102
RTVSPropertyOp22
 70
     0
102
RTVSPropertyOp23
 70
     0
102
RTVSPropertyOp24
 70
     0
102
RTVSPropertyOp25
 70
     0
102
RTVSPropertyOp26
 70
     0
102
RTVSPropertyOp27
 70
     0
102
RTVSPropertyOp28
 70
     0
102
RTVSPropertyOp29
 70
     0
102
RTVSPropertyOp30
 70
     0
102
RTVSPropertyOp31
 70
     0
102
RTVSPropertyOp32
 70
     0
102
RTVSPropertyOp33
 70
     0
102
RTVSPropertyOp34
 70
     0
102
RTVSPropertyOp35
 70
     0
102
RTVSPropertyOp36
 70
     0
102
RTVSPropertyOp37
 70
     0
102
RTVSPropertyOp38
 70
     0
102
RTVSPropertyOp39
 70
     0
102
RTVSPropertyOp40
 70
     0
102
RTVSPropertyOp41
 70
     0
102
RTVSPropertyOp42
 70
     0
102
RTVSPropertyOp43
 70
     0
102
RTVSPropertyOp44
 70
     0
102
RTVSPropertyOp45
 70
     0
102
RTVSPropertyOp46
 70
     0
102
RTVSPropertyOp47
 70
     0
102
RTVSPropertyOp48
 70
     0
102
RTVSPropertyOp49
 70
     0
102
RTVSPropertyOp50
 70
     0
102
RTVSPropertyOp51
 70
     0
102
RTVSPropertyOp52
 70
     0
102
RTVSPropertyOp53
 70
     0
102
RTVSPropertyOp54
 70
     0
102
RTVSPropertyOp55
 70
     0
102
RTVSPropertyOp56
 70
     0
102
RTVSPropertyOp57
 70
     0
102
RTVSPost2010Prop28
280
     0
102
RTVSPost2010PropOp28
 70
     0
102
RTVSPost2010Prop29
280
     1
102
RTVSPost2010PropOp29
 70
     0
102
RTVSPost2010Prop30
280
     1
102
RTVSPost2010PropOp30
 70
     0
102
RTVSPost2010Prop31
280
     0
102
RTVSPost2010PropOp31
 70
     0
102
RTVSPost2010Prop32
280
     0
102
RTVSPost2010PropOp32
 70
     0
102
RTVSPost2010Prop33
280
     0
102
RTVSPost2010PropOp33
 70
     0
102
RTVSPost2010Prop34
280
     0
102
RTVSPost2010PropOp34
 70
     0
102
RTVSPost2010Prop35
280
     0
102
RTVSPost2010PropOp35
 70
     0
102
RTVSPost2010Prop36
280
     0
102
RTVSPost2010PropOp36
 70
     0
102
RTVSPost2010Prop37
 90
       50
102
RTVSPost2010PropOp37
 70
     0
102
RTVSPost2010Prop38
140
0.0
102
RTVSPost2010PropOp38
 70
     0
102
RTVSPost2010Prop39
140
1.0
102
RTVSPost2010PropOp39
 70
     0
102
RTVSPost2010Prop40
 90
        0
102
RTVSPost2010PropOp40
 70
     0
102
RTVSPost2010Prop41ColorIndex
 90
       18
102
RTVSPost2010Prop41ColorRGB
 90
        0
102
RTVSPost2010PropOp41
 70
     0
102
RTVSPost2010Prop42
 90
       50
102
RTVSPost2010PropOp42
 70
     0
102
RTVSPost2010Prop43
 90
        3
102
RTVSPost2010PropOp43
 70
     0
102
RTVSPost2010Prop44ColorIndex
 90
        5
102
RTVSPost2010Prop44ColorRGB
 90
      255
102
RTVSPost2010PropOp44
 70
     0
102
RTVSPost2010Prop45
280
     0
102
RTVSPost2010PropOp45
 70
     0
102
RTVSPost2010Prop46
 90
       50
102
RTVSPost2010PropOp46
 70
     0
102
RTVSPost2010Prop47
 90
       50
102
RTVSPost2010PropOp47
 70
     0
102
RTVSPost2010Prop48
 90
       50
102
RTVSPost2010PropOp48
 70
     0
102
RTVSPost2010Prop49
280
     0
102
RTVSPost2010PropOp49
 70
     0
102
RTVSPost2010Prop50
 90
       50
102
RTVSPost2010PropOp50
 70
     0
102
RTVSPost2010Prop51ColorIndex
 90
      256
102
RTVSPost2010Prop51ColorRGB
 90
-16777216
102
RTVSPost2010PropOp51
 70
     0
102
RTVSPost2010Prop52
140
1.0
102
RTVSPost2010PropOp52
 70
     0
102
RTVSPost2010Prop53
 90
        2
102
RTVSPost2010PropOp53
 70
     0
102
RTVSPost2010Prop54
  1
strokes_ogs.tif
102
RTVSPost2010PropOp54
 70
     0
102
RTVSPost2010Prop55
280
     0
102
RTVSPost2010PropOp55
 70
     0
102
RTVSPost2010Prop56
140
1.0
102
RTVSPost2010PropOp56
 70
     0
102
RTVSPost2010Prop57
140
1.0
102
RTVSPost2010PropOp57
 70
     0
  0
XRECORD
  5
2B5
102
{ACAD_REACTORS
330
2B4
102
}
330
2B4
100
AcDbXrecord
280
     1
102
RTVSPropertyOp0
 70
     1
102
RTVSPropertyOp1
 70
     1
102
RTVSPropertyOp2
 70
     1
102
RTVSPropertyOp3
 70
     1
102
RTVSPropertyOp4
 70
     1
102
RTVSPropertyOp5
 70
     1
102
RTVSPropertyOp6
 70
     1
102
RTVSPropertyOp7
 70
     1
102
RTVSPropertyOp8
 70
     1
102
RTVSPropertyOp9
 70
     1
102
RTVSPropertyOp10
 70
     1
102
RTVSPropertyOp11
 70
     1
102
RTVSPropertyOp12
 70
     1
102
RTVSPropertyOp13
 70
     1
102
RTVSPropertyOp14
 70
     1
102
RTVSPropertyOp15
 70
     1
102
RTVSPropertyOp16
 70
     1
102
RTVSPropertyOp17
 70
     1
102
RTVSPropertyOp18
 70
     1
102
RTVSPropertyOp19
 70
     1
102
RTVSPropertyOp20
 70
     1
102
RTVSPropertyOp21
 70
     1
102
RTVSPropertyOp22
 70
     1
102
RTVSPropertyOp23
 70
     1
102
RTVSPropertyOp24
 70
     1
102
RTVSPropertyOp25
 70
     1
102
RTVSPropertyOp26
 70
     1
102
RTVSPropertyOp27
 70
     1
102
RTVSPropertyOp28
 70
     1
102
RTVSPropertyOp29
 70
     1
102
RTVSPropertyOp30
 70
     1
102
RTVSPropertyOp31
 70
     1
102
RTVSPropertyOp32
 70
     1
102
RTVSPropertyOp33
 70
     1
102
RTVSPropertyOp34
 70
     1
102
RTVSPropertyOp35
 70
     1
102
RTVSPropertyOp36
 70
     1
102
RTVSPropertyOp37
 70
     1
102
RTVSPropertyOp38
 70
     1
102
RTVSPropertyOp39
 70
     1
102
RTVSPropertyOp40
 70
     1
102
RTVSPropertyOp41
 70
     1
102
RTVSPropertyOp42
 70
     1
102
RTVSPropertyOp43
 70
     1
102
RTVSPropertyOp44
 70
     1
102
RTVSPropertyOp45
 70
     1
102
RTVSPropertyOp46
 70
     1
102
RTVSPropertyOp47
 70
     1
102
RTVSPropertyOp48
 70
     1
102
RTVSPropertyOp49
 70
     1
102
RTVSPropertyOp50
 70
     1
102
RTVSPropertyOp51
 70
     0
102
RTVSPropertyOp52
 70
     0
102
RTVSPropertyOp53
 70
     1
102
RTVSPropertyOp54
 70
     1
102
RTVSPropertyOp55
 70
     1
102
RTVSPropertyOp56
 70
     1
102
RTVSPropertyOp57
 70
     1
102
RTVSPost2010Prop28
280
     0
102
RTVSPost2010PropOp28
 70
     1
102
RTVSPost2010Prop29
280
     1
102
RTVSPost2010PropOp29
 70
     1
102
RTVSPost2010Prop30
280
     1
102
RTVSPost2010PropOp30
 70
     1
102
RTVSPost2010Prop31
280
     0
102
RTVSPost2010PropOp31
 70
     1
102
RTVSPost2010Prop32
280
     0
102
RTVSPost2010PropOp32
 70
     1
102
RTVSPost2010Prop33
280
     0
102
RTVSPost2010PropOp33
 70
     1
102
RTVSPost2010Prop34
280
     0
102
RTVSPost2010PropOp34
 70
     1
102
RTVSPost2010Prop35
280
     0
102
RTVSPost2010PropOp35
 70
     1
102
RTVSPost2010Prop36
280
     0
102
RTVSPost2010PropOp36
 70
     1
102
RTVSPost2010Prop37
 90
       50
102
RTVSPost2010PropOp37
 70
     1
102
RTVSPost2010Prop38
140
0.0
102
RTVSPost2010PropOp38
 70
     1
102
RTVSPost2010Prop39
140
1.0
102
RTVSPost2010PropOp39
 70
     1
102
RTVSPost2010Prop40
 90
        0
102
RTVSPost2010PropOp40
 70
     1
102
RTVSPost2010Prop41ColorIndex
 90
       18
102
RTVSPost2010Prop41ColorRGB
 90
        0
102
RTVSPost2010PropOp41
 70
     1
102
RTVSPost2010Prop42
 90
       50
102
RTVSPost2010PropOp42
 70
     1
102
RTVSPost2010Prop43
 90
        3
102
RTVSPost2010PropOp43
 70
     1
102
RTVSPost2010Prop44ColorIndex
 90
        5
102
RTVSPost2010Prop44ColorRGB
 90
      255
102
RTVSPost2010PropOp44
 70
     1
102
RTVSPost2010Prop45
280
     0
102
RTVSPost2010PropOp45
 70
     1
102
RTVSPost2010Prop46
 90
       50
102
RTVSPost2010PropOp46
 70
     1
102
RTVSPost2010Prop47
 90
       50
102
RTVSPost2010PropOp47
 70
     1
102
RTVSPost2010Prop48
 90
       50
102
RTVSPost2010PropOp48
 70
     1
102
RTVSPost2010Prop49
280
     0
102
RTVSPost2010PropOp49
 70
     1
102
RTVSPost2010Prop50
 90
       50
102
RTVSPost2010PropOp50
 70
     1
102
RTVSPost2010Prop51ColorIndex
 90
      256
102
RTVSPost2010Prop51ColorRGB
 90
-16777216
102
RTVSPost2010PropOp51
 70
     0
102
RTVSPost2010Prop52
140
1.0
102
RTVSPost2010PropOp52
 70
     0
102
RTVSPost2010Prop53
 90
        2
102
RTVSPost2010PropOp53
 70
     1
102
RTVSPost2010Prop54
  1
strokes_ogs.tif
102
RTVSPost2010PropOp54
 70
     1
102
RTVSPost2010Prop55
280
     0
102
RTVSPost2010PropOp55
 70
     1
102
RTVSPost2010Prop56
140
1.0
102
RTVSPost2010PropOp56
 70
     1
102
RTVSPost2010Prop57
140
1.0
102
RTVSPost2010PropOp57
 70
     1
  0
XRECORD
  5
2BD
102
{ACAD_REACTORS
330
2BC
102
}
330
2BC
100
AcDbXrecord
280
     1
102
RTVSPropertyOp0
 70
     0
102
RTVSPropertyOp1
 70
     0
102
RTVSPropertyOp2
 70
     0
102
RTVSPropertyOp3
 70
     0
102
RTVSPropertyOp4
 70
     0
102
RTVSPropertyOp5
 70
     0
102
RTVSPropertyOp6
 70
     0
102
RTVSPropertyOp7
 70
     0
102
RTVSPropertyOp8
 70
     0
102
RTVSPropertyOp9
 70
     0
102
RTVSPropertyOp10
 70
     0
102
RTVSPropertyOp11
 70
     0
102
RTVSPropertyOp12
 70
     0
102
RTVSPropertyOp13
 70
     0
102
RTVSPropertyOp14
 70
     2
102
RTVSPropertyOp15
 70
     0
102
RTVSPropertyOp16
 70
     0
102
RTVSPropertyOp17
 70
     0
102
RTVSPropertyOp18
 70
     0
102
RTVSPropertyOp19
 70
     0
102
RTVSPropertyOp20
 70
     0
102
RTVSPropertyOp21
 70
     0
102
RTVSPropertyOp22
 70
     0
102
RTVSPropertyOp23
 70
     0
102
RTVSPropertyOp24
 70
     0
102
RTVSPropertyOp25
 70
     0
102
RTVSPropertyOp26
 70
     0
102
RTVSPropertyOp27
 70
     0
102
RTVSPropertyOp28
 70
     0
102
RTVSPropertyOp29
 70
     0
102
RTVSPropertyOp30
 70
     0
102
RTVSPropertyOp31
 70
     0
102
RTVSPropertyOp32
 70
     0
102
RTVSPropertyOp33
 70
     0
102
RTVSPropertyOp34
 70
     0
102
RTVSPropertyOp35
 70
     0
102
RTVSPropertyOp36
 70
     0
102
RTVSPropertyOp37
 70
     0
102
RTVSPropertyOp38
 70
     0
102
RTVSPropertyOp39
 70
     0
102
RTVSPropertyOp40
 70
     0
102
RTVSPropertyOp41
 70
     0
102
RTVSPropertyOp42
 70
     0
102
RTVSPropertyOp43
 70
     0
102
RTVSPropertyOp44
 70
     0
102
RTVSPropertyOp45
 70
     0
102
RTVSPropertyOp46
 70
     0
102
RTVSPropertyOp47
 70
     0
102
RTVSPropertyOp48
 70
     0
102
RTVSPropertyOp49
 70
     0
102
RTVSPropertyOp50
 70
     0
102
RTVSPropertyOp51
 70
     0
102
RTVSPropertyOp52
 70
     0
102
RTVSPropertyOp53
 70
     0
102
RTVSPropertyOp54
 70
     0
102
RTVSPropertyOp55
 70
     0
102
RTVSPropertyOp56
 70
     0
102
RTVSPropertyOp57
 70
     0
102
RTVSPost2010Prop28
280
     0
102
RTVSPost2010PropOp28
 70
     0
102
RTVSPost2010Prop29
280
     1
102
RTVSPost2010PropOp29
 70
     0
102
RTVSPost2010Prop30
280
     1
102
RTVSPost2010PropOp30
 70
     0
102
RTVSPost2010Prop31
280
     0
102
RTVSPost2010PropOp31
 70
     0
102
RTVSPost2010Prop32
280
     0
102
RTVSPost2010PropOp32
 70
     0
102
RTVSPost2010Prop33
280
     0
102
RTVSPost2010PropOp33
 70
     0
102
RTVSPost2010Prop34
280
     0
102
RTVSPost2010PropOp34
 70
     0
102
RTVSPost2010Prop35
280
     0
102
RTVSPost2010PropOp35
 70
     0
102
RTVSPost2010Prop36
280
     0
102
RTVSPost2010PropOp36
 70
     0
102
RTVSPost2010Prop37
 90
       50
102
RTVSPost2010PropOp37
 70
     0
102
RTVSPost2010Prop38
140
0.0
102
RTVSPost2010PropOp38
 70
     0
102
RTVSPost2010Prop39
140
1.0
102
RTVSPost2010PropOp39
 70
     0
102
RTVSPost2010Prop40
 90
        0
102
RTVSPost2010PropOp40
 70
     0
102
RTVSPost2010Prop41ColorIndex
 90
       18
102
RTVSPost2010Prop41ColorRGB
 90
        0
102
RTVSPost2010PropOp41
 70
     0
102
RTVSPost2010Prop42
 90
       50
102
RTVSPost2010PropOp42
 70
     0
102
RTVSPost2010Prop43
 90
        3
102
RTVSPost2010PropOp43
 70
     0
102
RTVSPost2010Prop44ColorIndex
 90
        5
102
RTVSPost2010Prop44ColorRGB
 90
      255
102
RTVSPost2010PropOp44
 70
     0
102
RTVSPost2010Prop45
280
     0
102
RTVSPost2010PropOp45
 70
     0
102
RTVSPost2010Prop46
 90
       50
102
RTVSPost2010PropOp46
 70
     0
102
RTVSPost2010Prop47
 90
       50
102
RTVSPost2010PropOp47
 70
     0
102
RTVSPost2010Prop48
 90
       50
102
RTVSPost2010PropOp48
 70
     0
102
RTVSPost2010Prop49
280
     0
102
RTVSPost2010PropOp49
 70
     0
102
RTVSPost2010Prop50
 90
       50
102
RTVSPost2010PropOp50
 70
     0
102
RTVSPost2010Prop51ColorIndex
 90
      256
102
RTVSPost2010Prop51ColorRGB
 90
-16777216
102
RTVSPost2010PropOp51
 70
     0
102
RTVSPost2010Prop52
140
1.0
102
RTVSPost2010PropOp52
 70
     0
102
RTVSPost2010Prop53
 90
        2
102
RTVSPost2010PropOp53
 70
     0
102
RTVSPost2010Prop54
  1
strokes_ogs.tif
102
RTVSPost2010PropOp54
 70
     0
102
RTVSPost2010Prop55
280
     0
102
RTVSPost2010PropOp55
 70
     0
102
RTVSPost2010Prop56
140
1.0
102
RTVSPost2010PropOp56
 70
     0
102
RTVSPost2010Prop57
140
1.0
102
RTVSPost2010PropOp57
 70
     0
  0
XRECORD
  5
2AB
102
{ACAD_REACTORS
330
2AA
102
}
330
2AA
100
AcDbXrecord
280
     1
102
RTVSPropertyOp0
 70
     1
102
RTVSPropertyOp1
 70
     1
102
RTVSPropertyOp2
 70
     1
102
RTVSPropertyOp3
 70
     1
102
RTVSPropertyOp4
 70
     1
102
RTVSPropertyOp5
 70
     1
102
RTVSPropertyOp6
 70
     1
102
RTVSPropertyOp7
 70
     1
102
RTVSPropertyOp8
 70
     1
102
RTVSPropertyOp9
 70
     1
102
RTVSPropertyOp10
 70
     1
102
RTVSPropertyOp11
 70
     1
102
RTVSPropertyOp12
 70
     1
102
RTVSPropertyOp13
 70
     1
102
RTVSPropertyOp14
 70
     1
102
RTVSPropertyOp15
 70
     1
102
RTVSPropertyOp16
 70
     1
102
RTVSPropertyOp17
 70
     1
102
RTVSPropertyOp18
 70
     1
102
RTVSPropertyOp19
 70
     1
102
RTVSPropertyOp20
 70
     1
102
RTVSPropertyOp21
 70
     1
102
RTVSPropertyOp22
 70
     1
102
RTVSPropertyOp23
 70
     1
102
RTVSPropertyOp24
 70
     1
102
RTVSPropertyOp25
 70
     1
102
RTVSPropertyOp26
 70
     1
102
RTVSPropertyOp27
 70
     1
102
RTVSPropertyOp28
 70
     1
102
RTVSPropertyOp29
 70
     1
102
RTVSPropertyOp30
 70
     1
102
RTVSPropertyOp31
 70
     1
102
RTVSPropertyOp32
 70
     1
102
RTVSPropertyOp33
 70
     1
102
RTVSPropertyOp34
 70
     1
102
RTVSPropertyOp35
 70
     1
102
RTVSPropertyOp36
 70
     1
102
RTVSPropertyOp37
 70
     1
102
RTVSPropertyOp38
 70
     1
102
RTVSPropertyOp39
 70
     1
102
RTVSPropertyOp40
 70
     1
102
RTVSPropertyOp41
 70
     1
102
RTVSPropertyOp42
 70
     1
102
RTVSPropertyOp43
 70
     1
102
RTVSPropertyOp44
 70
     1
102
RTVSPropertyOp45
 70
     1
102
RTVSPropertyOp46
 70
     1
102
RTVSPropertyOp47
 70
     1
102
RTVSPropertyOp48
 70
     1
102
RTVSPropertyOp49
 70
     1
102
RTVSPropertyOp50
 70
     1
102
RTVSPropertyOp51
 70
     0
102
RTVSPropertyOp52
 70
     0
102
RTVSPropertyOp53
 70
     1
102
RTVSPropertyOp54
 70
     1
102
RTVSPropertyOp55
 70
     1
102
RTVSPropertyOp56
 70
     1
102
RTVSPropertyOp57
 70
     1
102
RTVSPost2010Prop28
280
     0
102
RTVSPost2010PropOp28
 70
     1
102
RTVSPost2010Prop29
280
     1
102
RTVSPost2010PropOp29
 70
     1
102
RTVSPost2010Prop30
280
     1
102
RTVSPost2010PropOp30
 70
     1
102
RTVSPost2010Prop31
280
     0
102
RTVSPost2010PropOp31
 70
     1
102
RTVSPost2010Prop32
280
     0
102
RTVSPost2010PropOp32
 70
     1
102
RTVSPost2010Prop33
280
     0
102
RTVSPost2010PropOp33
 70
     1
102
RTVSPost2010Prop34
280
     0
102
RTVSPost2010PropOp34
 70
     1
102
RTVSPost2010Prop35
280
     0
102
RTVSPost2010PropOp35
 70
     1
102
RTVSPost2010Prop36
280
     0
102
RTVSPost2010PropOp36
 70
     1
102
RTVSPost2010Prop37
 90
       50
102
RTVSPost2010PropOp37
 70
     1
102
RTVSPost2010Prop38
140
0.0
102
RTVSPost2010PropOp38
 70
     1
102
RTVSPost2010Prop39
140
1.0
102
RTVSPost2010PropOp39
 70
     1
102
RTVSPost2010Prop40
 90
        0
102
RTVSPost2010PropOp40
 70
     1
102
RTVSPost2010Prop41ColorIndex
 90
       18
102
RTVSPost2010Prop41ColorRGB
 90
        0
102
RTVSPost2010PropOp41
 70
     1
102
RTVSPost2010Prop42
 90
       50
102
RTVSPost2010PropOp42
 70
     1
102
RTVSPost2010Prop43
 90
        3
102
RTVSPost2010PropOp43
 70
     1
102
RTVSPost2010Prop44ColorIndex
 90
        5
102
RTVSPost2010Prop44ColorRGB
 90
      255
102
RTVSPost2010PropOp44
 70
     1
102
RTVSPost2010Prop45
280
     0
102
RTVSPost2010PropOp45
 70
     1
102
RTVSPost2010Prop46
 90
       50
102
RTVSPost2010PropOp46
 70
     1
102
RTVSPost2010Prop47
 90
       50
102
RTVSPost2010PropOp47
 70
     1
102
RTVSPost2010Prop48
 90
       50
102
RTVSPost2010PropOp48
 70
     1
102
RTVSPost2010Prop49
280
     0
102
RTVSPost2010PropOp49
 70
     1
102
RTVSPost2010Prop50
 90
       50
102
RTVSPost2010PropOp50
 70
     1
102
RTVSPost2010Prop51ColorIndex
 90
      256
102
RTVSPost2010Prop51ColorRGB
 90
-16777216
102
RTVSPost2010PropOp51
 70
     0
102
RTVSPost2010Prop52
140
1.0
102
RTVSPost2010PropOp52
 70
     0
102
RTVSPost2010Prop53
 90
        2
102
RTVSPost2010PropOp53
 70
     1
102
RTVSPost2010Prop54
  1
strokes_ogs.tif
102
RTVSPost2010PropOp54
 70
     1
102
RTVSPost2010Prop55
280
     0
102
RTVSPost2010PropOp55
 70
     1
102
RTVSPost2010Prop56
140
1.0
102
RTVSPost2010PropOp56
 70
     1
102
RTVSPost2010Prop57
140
1.0
102
RTVSPost2010PropOp57
 70
     1
  0
XRECORD
  5
2C9
102
{ACAD_REACTORS
330
2C8
102
}
330
2C8
100
AcDbXrecord
280
     1
102
RTVSPropertyOp0
 70
     1
102
RTVSPropertyOp1
 70
     1
102
RTVSPropertyOp2
 70
     1
102
RTVSPropertyOp3
 70
     1
102
RTVSPropertyOp4
 70
     1
102
RTVSPropertyOp5
 70
     1
102
RTVSPropertyOp6
 70
     1
102
RTVSPropertyOp7
 70
     1
102
RTVSPropertyOp8
 70
     1
102
RTVSPropertyOp9
 70
     1
102
RTVSPropertyOp10
 70
     1
102
RTVSPropertyOp11
 70
     1
102
RTVSPropertyOp12
 70
     1
102
RTVSPropertyOp13
 70
     1
102
RTVSPropertyOp14
 70
     1
102
RTVSPropertyOp15
 70
     1
102
RTVSPropertyOp16
 70
     1
102
RTVSPropertyOp17
 70
     1
102
RTVSPropertyOp18
 70
     1
102
RTVSPropertyOp19
 70
     1
102
RTVSPropertyOp20
 70
     1
102
RTVSPropertyOp21
 70
     1
102
RTVSPropertyOp22
 70
     1
102
RTVSPropertyOp23
 70
     1
102
RTVSPropertyOp24
 70
     1
102
RTVSPropertyOp25
 70
     1
102
RTVSPropertyOp26
 70
     1
102
RTVSPropertyOp27
 70
     1
102
RTVSPropertyOp28
 70
     1
102
RTVSPropertyOp29
 70
     1
102
RTVSPropertyOp30
 70
     1
102
RTVSPropertyOp31
 70
     1
102
RTVSPropertyOp32
 70
     1
102
RTVSPropertyOp33
 70
     1
102
RTVSPropertyOp34
 70
     1
102
RTVSPropertyOp35
 70
     1
102
RTVSPropertyOp36
 70
     1
102
RTVSPropertyOp37
 70
     1
102
RTVSPropertyOp38
 70
     1
102
RTVSPropertyOp39
 70
     1
102
RTVSPropertyOp40
 70
     1
102
RTVSPropertyOp41
 70
     1
102
RTVSPropertyOp42
 70
     1
102
RTVSPropertyOp43
 70
     1
102
RTVSPropertyOp44
 70
     1
102
RTVSPropertyOp45
 70
     1
102
RTVSPropertyOp46
 70
     1
102
RTVSPropertyOp47
 70
     1
102
RTVSPropertyOp48
 70
     1
102
RTVSPropertyOp49
 70
     1
102
RTVSPropertyOp50
 70
     1
102
RTVSPropertyOp51
 70
     0
102
RTVSPropertyOp52
 70
     0
102
RTVSPropertyOp53
 70
     1
102
RTVSPropertyOp54
 70
     1
102
RTVSPropertyOp55
 70
     1
102
RTVSPropertyOp56
 70
     1
102
RTVSPropertyOp57
 70
     1
102
RTVSPost2010Prop28
280
     0
102
RTVSPost2010PropOp28
 70
     1
102
RTVSPost2010Prop29
280
     1
102
RTVSPost2010PropOp29
 70
     1
102
RTVSPost2010Prop30
280
     1
102
RTVSPost2010PropOp30
 70
     1
102
RTVSPost2010Prop31
280
     0
102
RTVSPost2010PropOp31
 70
     1
102
RTVSPost2010Prop32
280
     0
102
RTVSPost2010PropOp32
 70
     1
102
RTVSPost2010Prop33
280
     0
102
RTVSPost2010PropOp33
 70
     1
102
RTVSPost2010Prop34
280
     0
102
RTVSPost2010PropOp34
 70
     1
102
RTVSPost2010Prop35
280
     0
102
RTVSPost2010PropOp35
 70
     1
102
RTVSPost2010Prop36
280
     0
102
RTVSPost2010PropOp36
 70
     1
102
RTVSPost2010Prop37
 90
       50
102
RTVSPost2010PropOp37
 70
     1
102
RTVSPost2010Prop38
140
0.0
102
RTVSPost2010PropOp38
 70
     1
102
RTVSPost2010Prop39
140
1.0
102
RTVSPost2010PropOp39
 70
     1
102
RTVSPost2010Prop40
 90
        0
102
RTVSPost2010PropOp40
 70
     1
102
RTVSPost2010Prop41ColorIndex
 90
       18
102
RTVSPost2010Prop41ColorRGB
 90
        0
102
RTVSPost2010PropOp41
 70
     1
102
RTVSPost2010Prop42
 90
       50
102
RTVSPost2010PropOp42
 70
     1
102
RTVSPost2010Prop43
 90
        3
102
RTVSPost2010PropOp43
 70
     1
102
RTVSPost2010Prop44ColorIndex
 90
        5
102
RTVSPost2010Prop44ColorRGB
 90
      255
102
RTVSPost2010PropOp44
 70
     1
102
RTVSPost2010Prop45
280
     0
102
RTVSPost2010PropOp45
 70
     1
102
RTVSPost2010Prop46
 90
       50
102
RTVSPost2010PropOp46
 70
     1
102
RTVSPost2010Prop47
 90
       50
102
RTVSPost2010PropOp47
 70
     1
102
RTVSPost2010Prop48
 90
       50
102
RTVSPost2010PropOp48
 70
     1
102
RTVSPost2010Prop49
280
     0
102
RTVSPost2010PropOp49
 70
     1
102
RTVSPost2010Prop50
 90
       50
102
RTVSPost2010PropOp50
 70
     1
102
RTVSPost2010Prop51ColorIndex
 90
      256
102
RTVSPost2010Prop51ColorRGB
 90
-16777216
102
RTVSPost2010PropOp51
 70
     0
102
RTVSPost2010Prop52
140
1.0
102
RTVSPost2010PropOp52
 70
     0
102
RTVSPost2010Prop53
 90
        2
102
RTVSPost2010PropOp53
 70
     1
102
RTVSPost2010Prop54
  1
strokes_ogs.tif
102
RTVSPost2010PropOp54
 70
     1
102
RTVSPost2010Prop55
280
     0
102
RTVSPost2010PropOp55
 70
     1
102
RTVSPost2010Prop56
140
1.0
102
RTVSPost2010PropOp56
 70
     1
102
RTVSPost2010Prop57
140
1.0
102
RTVSPost2010PropOp57
 70
     1
  0
XRECORD
  5
2C7
102
{ACAD_REACTORS
330
2C6
102
}
330
2C6
100
AcDbXrecord
280
     1
102
RTVSPropertyOp0
 70
     1
102
RTVSPropertyOp1
 70
     1
102
RTVSPropertyOp2
 70
     1
102
RTVSPropertyOp3
 70
     1
102
RTVSPropertyOp4
 70
     1
102
RTVSPropertyOp5
 70
     1
102
RTVSPropertyOp6
 70
     1
102
RTVSPropertyOp7
 70
     1
102
RTVSPropertyOp8
 70
     1
102
RTVSPropertyOp9
 70
     1
102
RTVSPropertyOp10
 70
     1
102
RTVSPropertyOp11
 70
     1
102
RTVSPropertyOp12
 70
     1
102
RTVSPropertyOp13
 70
     1
102
RTVSPropertyOp14
 70
     1
102
RTVSPropertyOp15
 70
     1
102
RTVSPropertyOp16
 70
     1
102
RTVSPropertyOp17
 70
     1
102
RTVSPropertyOp18
 70
     1
102
RTVSPropertyOp19
 70
     1
102
RTVSPropertyOp20
 70
     1
102
RTVSPropertyOp21
 70
     1
102
RTVSPropertyOp22
 70
     1
102
RTVSPropertyOp23
 70
     1
102
RTVSPropertyOp24
 70
     1
102
RTVSPropertyOp25
 70
     1
102
RTVSPropertyOp26
 70
     1
102
RTVSPropertyOp27
 70
     1
102
RTVSPropertyOp28
 70
     1
102
RTVSPropertyOp29
 70
     1
102
RTVSPropertyOp30
 70
     1
102
RTVSPropertyOp31
 70
     1
102
RTVSPropertyOp32
 70
     1
102
RTVSPropertyOp33
 70
     1
102
RTVSPropertyOp34
 70
     1
102
RTVSPropertyOp35
 70
     1
102
RTVSPropertyOp36
 70
     1
102
RTVSPropertyOp37
 70
     1
102
RTVSPropertyOp38
 70
     1
102
RTVSPropertyOp39
 70
     1
102
RTVSPropertyOp40
 70
     1
102
RTVSPropertyOp41
 70
     1
102
RTVSPropertyOp42
 70
     1
102
RTVSPropertyOp43
 70
     1
102
RTVSPropertyOp44
 70
     1
102
RTVSPropertyOp45
 70
     1
102
RTVSPropertyOp46
 70
     1
102
RTVSPropertyOp47
 70
     1
102
RTVSPropertyOp48
 70
     1
102
RTVSPropertyOp49
 70
     1
102
RTVSPropertyOp50
 70
     1
102
RTVSPropertyOp51
 70
     0
102
RTVSPropertyOp52
 70
     0
102
RTVSPropertyOp53
 70
     1
102
RTVSPropertyOp54
 70
     1
102
RTVSPropertyOp55
 70
     1
102
RTVSPropertyOp56
 70
     1
102
RTVSPropertyOp57
 70
     1
102
RTVSPost2010Prop28
280
     0
102
RTVSPost2010PropOp28
 70
     1
102
RTVSPost2010Prop29
280
     1
102
RTVSPost2010PropOp29
 70
     1
102
RTVSPost2010Prop30
280
     1
102
RTVSPost2010PropOp30
 70
     1
102
RTVSPost2010Prop31
280
     0
102
RTVSPost2010PropOp31
 70
     1
102
RTVSPost2010Prop32
280
     0
102
RTVSPost2010PropOp32
 70
     1
102
RTVSPost2010Prop33
280
     0
102
RTVSPost2010PropOp33
 70
     1
102
RTVSPost2010Prop34
280
     0
102
RTVSPost2010PropOp34
 70
     1
102
RTVSPost2010Prop35
280
     0
102
RTVSPost2010PropOp35
 70
     1
102
RTVSPost2010Prop36
280
     0
102
RTVSPost2010PropOp36
 70
     1
102
RTVSPost2010Prop37
 90
       50
102
RTVSPost2010PropOp37
 70
     1
102
RTVSPost2010Prop38
140
0.0
102
RTVSPost2010PropOp38
 70
     1
102
RTVSPost2010Prop39
140
1.0
102
RTVSPost2010PropOp39
 70
     1
102
RTVSPost2010Prop40
 90
        0
102
RTVSPost2010PropOp40
 70
     1
102
RTVSPost2010Prop41ColorIndex
 90
       18
102
RTVSPost2010Prop41ColorRGB
 90
        0
102
RTVSPost2010PropOp41
 70
     1
102
RTVSPost2010Prop42
 90
       50
102
RTVSPost2010PropOp42
 70
     1
102
RTVSPost2010Prop43
 90
        3
102
RTVSPost2010PropOp43
 70
     1
102
RTVSPost2010Prop44ColorIndex
 90
        5
102
RTVSPost2010Prop44ColorRGB
 90
      255
102
RTVSPost2010PropOp44
 70
     1
102
RTVSPost2010Prop45
280
     0
102
RTVSPost2010PropOp45
 70
     1
102
RTVSPost2010Prop46
 90
       50
102
RTVSPost2010PropOp46
 70
     1
102
RTVSPost2010Prop47
 90
       50
102
RTVSPost2010PropOp47
 70
     1
102
RTVSPost2010Prop48
 90
       50
102
RTVSPost2010PropOp48
 70
     1
102
RTVSPost2010Prop49
280
     0
102
RTVSPost2010PropOp49
 70
     1
102
RTVSPost2010Prop50
 90
       50
102
RTVSPost2010PropOp50
 70
     1
102
RTVSPost2010Prop51ColorIndex
 90
      256
102
RTVSPost2010Prop51ColorRGB
 90
-16777216
102
RTVSPost2010PropOp51
 70
     0
102
RTVSPost2010Prop52
140
1.0
102
RTVSPost2010PropOp52
 70
     0
102
RTVSPost2010Prop53
 90
        2
102
RTVSPost2010PropOp53
 70
     1
102
RTVSPost2010Prop54
  1
strokes_ogs.tif
102
RTVSPost2010PropOp54
 70
     1
102
RTVSPost2010Prop55
280
     0
102
RTVSPost2010PropOp55
 70
     1
102
RTVSPost2010Prop56
140
1.0
102
RTVSPost2010PropOp56
 70
     1
102
RTVSPost2010Prop57
140
1.0
102
RTVSPost2010PropOp57
 70
     1
  0
XRECORD
  5
2C1
102
{ACAD_REACTORS
330
2C0
102
}
330
2C0
100
AcDbXrecord
280
     1
102
RTVSPropertyOp0
 70
     1
102
RTVSPropertyOp1
 70
     1
102
RTVSPropertyOp2
 70
     1
102
RTVSPropertyOp3
 70
     1
102
RTVSPropertyOp4
 70
     1
102
RTVSPropertyOp5
 70
     1
102
RTVSPropertyOp6
 70
     1
102
RTVSPropertyOp7
 70
     1
102
RTVSPropertyOp8
 70
     1
102
RTVSPropertyOp9
 70
     1
102
RTVSPropertyOp10
 70
     1
102
RTVSPropertyOp11
 70
     1
102
RTVSPropertyOp12
 70
     1
102
RTVSPropertyOp13
 70
     1
102
RTVSPropertyOp14
 70
     1
102
RTVSPropertyOp15
 70
     1
102
RTVSPropertyOp16
 70
     1
102
RTVSPropertyOp17
 70
     1
102
RTVSPropertyOp18
 70
     1
102
RTVSPropertyOp19
 70
     1
102
RTVSPropertyOp20
 70
     1
102
RTVSPropertyOp21
 70
     1
102
RTVSPropertyOp22
 70
     1
102
RTVSPropertyOp23
 70
     1
102
RTVSPropertyOp24
 70
     1
102
RTVSPropertyOp25
 70
     1
102
RTVSPropertyOp26
 70
     1
102
RTVSPropertyOp27
 70
     1
102
RTVSPropertyOp28
 70
     1
102
RTVSPropertyOp29
 70
     1
102
RTVSPropertyOp30
 70
     1
102
RTVSPropertyOp31
 70
     1
102
RTVSPropertyOp32
 70
     1
102
RTVSPropertyOp33
 70
     1
102
RTVSPropertyOp34
 70
     1
102
RTVSPropertyOp35
 70
     1
102
RTVSPropertyOp36
 70
     1
102
RTVSPropertyOp37
 70
     1
102
RTVSPropertyOp38
 70
     1
102
RTVSPropertyOp39
 70
     1
102
RTVSPropertyOp40
 70
     1
102
RTVSPropertyOp41
 70
     1
102
RTVSPropertyOp42
 70
     1
102
RTVSPropertyOp43
 70
     1
102
RTVSPropertyOp44
 70
     1
102
RTVSPropertyOp45
 70
     1
102
RTVSPropertyOp46
 70
     1
102
RTVSPropertyOp47
 70
     1
102
RTVSPropertyOp48
 70
     1
102
RTVSPropertyOp49
 70
     1
102
RTVSPropertyOp50
 70
     1
102
RTVSPropertyOp51
 70
     0
102
RTVSPropertyOp52
 70
     0
102
RTVSPropertyOp53
 70
     1
102
RTVSPropertyOp54
 70
     1
102
RTVSPropertyOp55
 70
     1
102
RTVSPropertyOp56
 70
     1
102
RTVSPropertyOp57
 70
     1
102
RTVSPost2010Prop28
280
     0
102
RTVSPost2010PropOp28
 70
     1
102
RTVSPost2010Prop29
280
     1
102
RTVSPost2010PropOp29
 70
     1
102
RTVSPost2010Prop30
280
     1
102
RTVSPost2010PropOp30
 70
     1
102
RTVSPost2010Prop31
280
     0
102
RTVSPost2010PropOp31
 70
     1
102
RTVSPost2010Prop32
280
     0
102
RTVSPost2010PropOp32
 70
     1
102
RTVSPost2010Prop33
280
     0
102
RTVSPost2010PropOp33
 70
     1
102
RTVSPost2010Prop34
280
     0
102
RTVSPost2010PropOp34
 70
     1
102
RTVSPost2010Prop35
280
     0
102
RTVSPost2010PropOp35
 70
     1
102
RTVSPost2010Prop36
280
     0
102
RTVSPost2010PropOp36
 70
     1
102
RTVSPost2010Prop37
 90
       50
102
RTVSPost2010PropOp37
 70
     1
102
RTVSPost2010Prop38
140
0.0
102
RTVSPost2010PropOp38
 70
     1
102
RTVSPost2010Prop39
140
1.0
102
RTVSPost2010PropOp39
 70
     1
102
RTVSPost2010Prop40
 90
        0
102
RTVSPost2010PropOp40
 70
     1
102
RTVSPost2010Prop41ColorIndex
 90
       18
102
RTVSPost2010Prop41ColorRGB
 90
        0
102
RTVSPost2010PropOp41
 70
     1
102
RTVSPost2010Prop42
 90
       50
102
RTVSPost2010PropOp42
 70
     1
102
RTVSPost2010Prop43
 90
        3
102
RTVSPost2010PropOp43
 70
     1
102
RTVSPost2010Prop44ColorIndex
 90
        5
102
RTVSPost2010Prop44ColorRGB
 90
      255
102
RTVSPost2010PropOp44
 70
     1
102
RTVSPost2010Prop45
280
     0
102
RTVSPost2010PropOp45
 70
     1
102
RTVSPost2010Prop46
 90
       50
102
RTVSPost2010PropOp46
 70
     1
102
RTVSPost2010Prop47
 90
       50
102
RTVSPost2010PropOp47
 70
     1
102
RTVSPost2010Prop48
 90
       50
102
RTVSPost2010PropOp48
 70
     1
102
RTVSPost2010Prop49
280
     0
102
RTVSPost2010PropOp49
 70
     1
102
RTVSPost2010Prop50
 90
       50
102
RTVSPost2010PropOp50
 70
     1
102
RTVSPost2010Prop51ColorIndex
 90
      256
102
RTVSPost2010Prop51ColorRGB
 90
-16777216
102
RTVSPost2010PropOp51
 70
     0
102
RTVSPost2010Prop52
140
1.0
102
RTVSPost2010PropOp52
 70
     0
102
RTVSPost2010Prop53
 90
        2
102
RTVSPost2010PropOp53
 70
     1
102
RTVSPost2010Prop54
  1
strokes_ogs.tif
102
RTVSPost2010PropOp54
 70
     1
102
RTVSPost2010Prop55
280
     0
102
RTVSPost2010PropOp55
 70
     1
102
RTVSPost2010Prop56
140
1.0
102
RTVSPost2010PropOp56
 70
     1
102
RTVSPost2010Prop57
140
1.0
102
RTVSPost2010PropOp57
 70
     1
  0
XRECORD
  5
2C3
102
{ACAD_REACTORS
330
2C2
102
}
330
2C2
100
AcDbXrecord
280
     1
102
RTVSPropertyOp0
 70
     1
102
RTVSPropertyOp1
 70
     1
102
RTVSPropertyOp2
 70
     1
102
RTVSPropertyOp3
 70
     1
102
RTVSPropertyOp4
 70
     1
102
RTVSPropertyOp5
 70
     1
102
RTVSPropertyOp6
 70
     1
102
RTVSPropertyOp7
 70
     1
102
RTVSPropertyOp8
 70
     1
102
RTVSPropertyOp9
 70
     1
102
RTVSPropertyOp10
 70
     1
102
RTVSPropertyOp11
 70
     1
102
RTVSPropertyOp12
 70
     1
102
RTVSPropertyOp13
 70
     1
102
RTVSPropertyOp14
 70
     1
102
RTVSPropertyOp15
 70
     1
102
RTVSPropertyOp16
 70
     1
102
RTVSPropertyOp17
 70
     1
102
RTVSPropertyOp18
 70
     1
102
RTVSPropertyOp19
 70
     1
102
RTVSPropertyOp20
 70
     1
102
RTVSPropertyOp21
 70
     1
102
RTVSPropertyOp22
 70
     1
102
RTVSPropertyOp23
 70
     1
102
RTVSPropertyOp24
 70
     1
102
RTVSPropertyOp25
 70
     1
102
RTVSPropertyOp26
 70
     1
102
RTVSPropertyOp27
 70
     1
102
RTVSPropertyOp28
 70
     1
102
RTVSPropertyOp29
 70
     1
102
RTVSPropertyOp30
 70
     1
102
RTVSPropertyOp31
 70
     1
102
RTVSPropertyOp32
 70
     1
102
RTVSPropertyOp33
 70
     1
102
RTVSPropertyOp34
 70
     1
102
RTVSPropertyOp35
 70
     1
102
RTVSPropertyOp36
 70
     1
102
RTVSPropertyOp37
 70
     1
102
RTVSPropertyOp38
 70
     1
102
RTVSPropertyOp39
 70
     1
102
RTVSPropertyOp40
 70
     1
102
RTVSPropertyOp41
 70
     1
102
RTVSPropertyOp42
 70
     1
102
RTVSPropertyOp43
 70
     1
102
RTVSPropertyOp44
 70
     1
102
RTVSPropertyOp45
 70
     1
102
RTVSPropertyOp46
 70
     1
102
RTVSPropertyOp47
 70
     1
102
RTVSPropertyOp48
 70
     1
102
RTVSPropertyOp49
 70
     1
102
RTVSPropertyOp50
 70
     1
102
RTVSPropertyOp51
 70
     0
102
RTVSPropertyOp52
 70
     0
102
RTVSPropertyOp53
 70
     1
102
RTVSPropertyOp54
 70
     1
102
RTVSPropertyOp55
 70
     1
102
RTVSPropertyOp56
 70
     1
102
RTVSPropertyOp57
 70
     1
102
RTVSPost2010Prop28
280
     0
102
RTVSPost2010PropOp28
 70
     1
102
RTVSPost2010Prop29
280
     1
102
RTVSPost2010PropOp29
 70
     1
102
RTVSPost2010Prop30
280
     1
102
RTVSPost2010PropOp30
 70
     1
102
RTVSPost2010Prop31
280
     0
102
RTVSPost2010PropOp31
 70
     1
102
RTVSPost2010Prop32
280
     0
102
RTVSPost2010PropOp32
 70
     1
102
RTVSPost2010Prop33
280
     0
102
RTVSPost2010PropOp33
 70
     1
102
RTVSPost2010Prop34
280
     0
102
RTVSPost2010PropOp34
 70
     1
102
RTVSPost2010Prop35
280
     0
102
RTVSPost2010PropOp35
 70
     1
102
RTVSPost2010Prop36
280
     0
102
RTVSPost2010PropOp36
 70
     1
102
RTVSPost2010Prop37
 90
       50
102
RTVSPost2010PropOp37
 70
     1
102
RTVSPost2010Prop38
140
0.0
102
RTVSPost2010PropOp38
 70
     1
102
RTVSPost2010Prop39
140
1.0
102
RTVSPost2010PropOp39
 70
     1
102
RTVSPost2010Prop40
 90
        0
102
RTVSPost2010PropOp40
 70
     1
102
RTVSPost2010Prop41ColorIndex
 90
       18
102
RTVSPost2010Prop41ColorRGB
 90
        0
102
RTVSPost2010PropOp41
 70
     1
102
RTVSPost2010Prop42
 90
       50
102
RTVSPost2010PropOp42
 70
     1
102
RTVSPost2010Prop43
 90
        3
102
RTVSPost2010PropOp43
 70
     1
102
RTVSPost2010Prop44ColorIndex
 90
        5
102
RTVSPost2010Prop44ColorRGB
 90
      255
102
RTVSPost2010PropOp44
 70
     1
102
RTVSPost2010Prop45
280
     0
102
RTVSPost2010PropOp45
 70
     1
102
RTVSPost2010Prop46
 90
       50
102
RTVSPost2010PropOp46
 70
     1
102
RTVSPost2010Prop47
 90
       50
102
RTVSPost2010PropOp47
 70
     1
102
RTVSPost2010Prop48
 90
       50
102
RTVSPost2010PropOp48
 70
     1
102
RTVSPost2010Prop49
280
     0
102
RTVSPost2010PropOp49
 70
     1
102
RTVSPost2010Prop50
 90
       50
102
RTVSPost2010PropOp50
 70
     1
102
RTVSPost2010Prop51ColorIndex
 90
      256
102
RTVSPost2010Prop51ColorRGB
 90
-16777216
102
RTVSPost2010PropOp51
 70
     0
102
RTVSPost2010Prop52
140
1.0
102
RTVSPost2010PropOp52
 70
     0
102
RTVSPost2010Prop53
 90
        2
102
RTVSPost2010PropOp53
 70
     1
102
RTVSPost2010Prop54
  1
strokes_ogs.tif
102
RTVSPost2010PropOp54
 70
     1
102
RTVSPost2010Prop55
280
     0
102
RTVSPost2010PropOp55
 70
     1
102
RTVSPost2010Prop56
140
1.0
102
RTVSPost2010PropOp56
 70
     1
102
RTVSPost2010Prop57
140
1.0
102
RTVSPost2010PropOp57
 70
     1
  0
XRECORD
  5
2B3
102
{ACAD_REACTORS
330
2B2
102
}
330
2B2
100
AcDbXrecord
280
     1
102
RTVSPropertyOp0
 70
     1
102
RTVSPropertyOp1
 70
     1
102
RTVSPropertyOp2
 70
     1
102
RTVSPropertyOp3
 70
     1
102
RTVSPropertyOp4
 70
     1
102
RTVSPropertyOp5
 70
     1
102
RTVSPropertyOp6
 70
     1
102
RTVSPropertyOp7
 70
     1
102
RTVSPropertyOp8
 70
     1
102
RTVSPropertyOp9
 70
     1
102
RTVSPropertyOp10
 70
     1
102
RTVSPropertyOp11
 70
     1
102
RTVSPropertyOp12
 70
     1
102
RTVSPropertyOp13
 70
     1
102
RTVSPropertyOp14
 70
     1
102
RTVSPropertyOp15
 70
     1
102
RTVSPropertyOp16
 70
     1
102
RTVSPropertyOp17
 70
     1
102
RTVSPropertyOp18
 70
     1
102
RTVSPropertyOp19
 70
     1
102
RTVSPropertyOp20
 70
     1
102
RTVSPropertyOp21
 70
     1
102
RTVSPropertyOp22
 70
     1
102
RTVSPropertyOp23
 70
     1
102
RTVSPropertyOp24
 70
     1
102
RTVSPropertyOp25
 70
     1
102
RTVSPropertyOp26
 70
     1
102
RTVSPropertyOp27
 70
     1
102
RTVSPropertyOp28
 70
     1
102
RTVSPropertyOp29
 70
     1
102
RTVSPropertyOp30
 70
     1
102
RTVSPropertyOp31
 70
     1
102
RTVSPropertyOp32
 70
     1
102
RTVSPropertyOp33
 70
     1
102
RTVSPropertyOp34
 70
     1
102
RTVSPropertyOp35
 70
     1
102
RTVSPropertyOp36
 70
     1
102
RTVSPropertyOp37
 70
     1
102
RTVSPropertyOp38
 70
     1
102
RTVSPropertyOp39
 70
     1
102
RTVSPropertyOp40
 70
     1
102
RTVSPropertyOp41
 70
     1
102
RTVSPropertyOp42
 70
     1
102
RTVSPropertyOp43
 70
     1
102
RTVSPropertyOp44
 70
     1
102
RTVSPropertyOp45
 70
     1
102
RTVSPropertyOp46
 70
     1
102
RTVSPropertyOp47
 70
     1
102
RTVSPropertyOp48
 70
     1
102
RTVSPropertyOp49
 70
     1
102
RTVSPropertyOp50
 70
     1
102
RTVSPropertyOp51
 70
     0
102
RTVSPropertyOp52
 70
     0
102
RTVSPropertyOp53
 70
     1
102
RTVSPropertyOp54
 70
     1
102
RTVSPropertyOp55
 70
     1
102
RTVSPropertyOp56
 70
     1
102
RTVSPropertyOp57
 70
     1
102
RTVSPost2010Prop28
280
     0
102
RTVSPost2010PropOp28
 70
     1
102
RTVSPost2010Prop29
280
     1
102
RTVSPost2010PropOp29
 70
     1
102
RTVSPost2010Prop30
280
     1
102
RTVSPost2010PropOp30
 70
     1
102
RTVSPost2010Prop31
280
     0
102
RTVSPost2010PropOp31
 70
     1
102
RTVSPost2010Prop32
280
     0
102
RTVSPost2010PropOp32
 70
     1
102
RTVSPost2010Prop33
280
     0
102
RTVSPost2010PropOp33
 70
     1
102
RTVSPost2010Prop34
280
     0
102
RTVSPost2010PropOp34
 70
     1
102
RTVSPost2010Prop35
280
     0
102
RTVSPost2010PropOp35
 70
     1
102
RTVSPost2010Prop36
280
     0
102
RTVSPost2010PropOp36
 70
     1
102
RTVSPost2010Prop37
 90
       50
102
RTVSPost2010PropOp37
 70
     1
102
RTVSPost2010Prop38
140
0.0
102
RTVSPost2010PropOp38
 70
     1
102
RTVSPost2010Prop39
140
1.0
102
RTVSPost2010PropOp39
 70
     1
102
RTVSPost2010Prop40
 90
        0
102
RTVSPost2010PropOp40
 70
     1
102
RTVSPost2010Prop41ColorIndex
 90
       18
102
RTVSPost2010Prop41ColorRGB
 90
        0
102
RTVSPost2010PropOp41
 70
     1
102
RTVSPost2010Prop42
 90
       50
102
RTVSPost2010PropOp42
 70
     1
102
RTVSPost2010Prop43
 90
        3
102
RTVSPost2010PropOp43
 70
     1
102
RTVSPost2010Prop44ColorIndex
 90
        5
102
RTVSPost2010Prop44ColorRGB
 90
      255
102
RTVSPost2010PropOp44
 70
     1
102
RTVSPost2010Prop45
280
     0
102
RTVSPost2010PropOp45
 70
     1
102
RTVSPost2010Prop46
 90
       50
102
RTVSPost2010PropOp46
 70
     1
102
RTVSPost2010Prop47
 90
       50
102
RTVSPost2010PropOp47
 70
     1
102
RTVSPost2010Prop48
 90
       50
102
RTVSPost2010PropOp48
 70
     1
102
RTVSPost2010Prop49
280
     0
102
RTVSPost2010PropOp49
 70
     1
102
RTVSPost2010Prop50
 90
       50
102
RTVSPost2010PropOp50
 70
     1
102
RTVSPost2010Prop51ColorIndex
 90
      256
102
RTVSPost2010Prop51ColorRGB
 90
-16777216
102
RTVSPost2010PropOp51
 70
     0
102
RTVSPost2010Prop52
140
1.0
102
RTVSPost2010PropOp52
 70
     0
102
RTVSPost2010Prop53
 90
        2
102
RTVSPost2010PropOp53
 70
     1
102
RTVSPost2010Prop54
  1
strokes_ogs.tif
102
RTVSPost2010PropOp54
 70
     1
102
RTVSPost2010Prop55
280
     0
102
RTVSPost2010PropOp55
 70
     1
102
RTVSPost2010Prop56
140
1.0
102
RTVSPost2010PropOp56
 70
     1
102
RTVSPost2010Prop57
140
1.0
102
RTVSPost2010PropOp57
 70
     1
  0
XRECORD
  5
2A5
102
{ACAD_REACTORS
330
2A4
102
}
330
2A4
100
AcDbXrecord
280
     1
102
RTVSPropertyOp0
 70
     1
102
RTVSPropertyOp1
 70
     1
102
RTVSPropertyOp2
 70
     1
102
RTVSPropertyOp3
 70
     1
102
RTVSPropertyOp4
 70
     1
102
RTVSPropertyOp5
 70
     1
102
RTVSPropertyOp6
 70
     1
102
RTVSPropertyOp7
 70
     1
102
RTVSPropertyOp8
 70
     1
102
RTVSPropertyOp9
 70
     1
102
RTVSPropertyOp10
 70
     1
102
RTVSPropertyOp11
 70
     1
102
RTVSPropertyOp12
 70
     1
102
RTVSPropertyOp13
 70
     1
102
RTVSPropertyOp14
 70
     1
102
RTVSPropertyOp15
 70
     1
102
RTVSPropertyOp16
 70
     1
102
RTVSPropertyOp17
 70
     1
102
RTVSPropertyOp18
 70
     1
102
RTVSPropertyOp19
 70
     1
102
RTVSPropertyOp20
 70
     1
102
RTVSPropertyOp21
 70
     1
102
RTVSPropertyOp22
 70
     1
102
RTVSPropertyOp23
 70
     1
102
RTVSPropertyOp24
 70
     1
102
RTVSPropertyOp25
 70
     1
102
RTVSPropertyOp26
 70
     1
102
RTVSPropertyOp27
 70
     1
102
RTVSPropertyOp28
 70
     1
102
RTVSPropertyOp29
 70
     1
102
RTVSPropertyOp30
 70
     1
102
RTVSPropertyOp31
 70
     1
102
RTVSPropertyOp32
 70
     1
102
RTVSPropertyOp33
 70
     1
102
RTVSPropertyOp34
 70
     1
102
RTVSPropertyOp35
 70
     1
102
RTVSPropertyOp36
 70
     1
102
RTVSPropertyOp37
 70
     1
102
RTVSPropertyOp38
 70
     1
102
RTVSPropertyOp39
 70
     1
102
RTVSPropertyOp40
 70
     1
102
RTVSPropertyOp41
 70
     1
102
RTVSPropertyOp42
 70
     1
102
RTVSPropertyOp43
 70
     1
102
RTVSPropertyOp44
 70
     1
102
RTVSPropertyOp45
 70
     1
102
RTVSPropertyOp46
 70
     1
102
RTVSPropertyOp47
 70
     1
102
RTVSPropertyOp48
 70
     1
102
RTVSPropertyOp49
 70
     1
102
RTVSPropertyOp50
 70
     1
102
RTVSPropertyOp51
 70
     0
102
RTVSPropertyOp52
 70
     0
102
RTVSPropertyOp53
 70
     1
102
RTVSPropertyOp54
 70
     1
102
RTVSPropertyOp55
 70
     1
102
RTVSPropertyOp56
 70
     1
102
RTVSPropertyOp57
 70
     1
102
RTVSPost2010Prop28
280
     0
102
RTVSPost2010PropOp28
 70
     1
102
RTVSPost2010Prop29
280
     1
102
RTVSPost2010PropOp29
 70
     1
102
RTVSPost2010Prop30
280
     1
102
RTVSPost2010PropOp30
 70
     1
102
RTVSPost2010Prop31
280
     0
102
RTVSPost2010PropOp31
 70
     1
102
RTVSPost2010Prop32
280
     0
102
RTVSPost2010PropOp32
 70
     1
102
RTVSPost2010Prop33
280
     0
102
RTVSPost2010PropOp33
 70
     1
102
RTVSPost2010Prop34
280
     0
102
RTVSPost2010PropOp34
 70
     1
102
RTVSPost2010Prop35
280
     0
102
RTVSPost2010PropOp35
 70
     1
102
RTVSPost2010Prop36
280
     0
102
RTVSPost2010PropOp36
 70
     1
102
RTVSPost2010Prop37
 90
       50
102
RTVSPost2010PropOp37
 70
     1
102
RTVSPost2010Prop38
140
0.0
102
RTVSPost2010PropOp38
 70
     1
102
RTVSPost2010Prop39
140
1.0
102
RTVSPost2010PropOp39
 70
     1
102
RTVSPost2010Prop40
 90
        0
102
RTVSPost2010PropOp40
 70
     1
102
RTVSPost2010Prop41ColorIndex
 90
       18
102
RTVSPost2010Prop41ColorRGB
 90
        0
102
RTVSPost2010PropOp41
 70
     1
102
RTVSPost2010Prop42
 90
       50
102
RTVSPost2010PropOp42
 70
     1
102
RTVSPost2010Prop43
 90
        3
102
RTVSPost2010PropOp43
 70
     1
102
RTVSPost2010Prop44ColorIndex
 90
        5
102
RTVSPost2010Prop44ColorRGB
 90
      255
102
RTVSPost2010PropOp44
 70
     1
102
RTVSPost2010Prop45
280
     0
102
RTVSPost2010PropOp45
 70
     1
102
RTVSPost2010Prop46
 90
       50
102
RTVSPost2010PropOp46
 70
     1
102
RTVSPost2010Prop47
 90
       50
102
RTVSPost2010PropOp47
 70
     1
102
RTVSPost2010Prop48
 90
       50
102
RTVSPost2010PropOp48
 70
     1
102
RTVSPost2010Prop49
280
     0
102
RTVSPost2010PropOp49
 70
     1
102
RTVSPost2010Prop50
 90
       50
102
RTVSPost2010PropOp50
 70
     1
102
RTVSPost2010Prop51ColorIndex
 90
      256
102
RTVSPost2010Prop51ColorRGB
 90
-16777216
102
RTVSPost2010PropOp51
 70
     0
102
RTVSPost2010Prop52
140
1.0
102
RTVSPost2010PropOp52
 70
     0
102
RTVSPost2010Prop53
 90
        2
102
RTVSPost2010PropOp53
 70
     1
102
RTVSPost2010Prop54
  1
strokes_ogs.tif
102
RTVSPost2010PropOp54
 70
     1
102
RTVSPost2010Prop55
280
     0
102
RTVSPost2010PropOp55
 70
     1
102
RTVSPost2010Prop56
140
1.0
102
RTVSPost2010PropOp56
 70
     1
102
RTVSPost2010Prop57
140
1.0
102
RTVSPost2010PropOp57
 70
     1
  0
XRECORD
  5
2C5
102
{ACAD_REACTORS
330
2C4
102
}
330
2C4
100
AcDbXrecord
280
     1
102
RTVSPropertyOp0
 70
     1
102
RTVSPropertyOp1
 70
     1
102
RTVSPropertyOp2
 70
     1
102
RTVSPropertyOp3
 70
     1
102
RTVSPropertyOp4
 70
     1
102
RTVSPropertyOp5
 70
     1
102
RTVSPropertyOp6
 70
     1
102
RTVSPropertyOp7
 70
     1
102
RTVSPropertyOp8
 70
     1
102
RTVSPropertyOp9
 70
     1
102
RTVSPropertyOp10
 70
     1
102
RTVSPropertyOp11
 70
     1
102
RTVSPropertyOp12
 70
     1
102
RTVSPropertyOp13
 70
     1
102
RTVSPropertyOp14
 70
     1
102
RTVSPropertyOp15
 70
     1
102
RTVSPropertyOp16
 70
     1
102
RTVSPropertyOp17
 70
     1
102
RTVSPropertyOp18
 70
     1
102
RTVSPropertyOp19
 70
     1
102
RTVSPropertyOp20
 70
     1
102
RTVSPropertyOp21
 70
     1
102
RTVSPropertyOp22
 70
     1
102
RTVSPropertyOp23
 70
     1
102
RTVSPropertyOp24
 70
     1
102
RTVSPropertyOp25
 70
     1
102
RTVSPropertyOp26
 70
     1
102
RTVSPropertyOp27
 70
     1
102
RTVSPropertyOp28
 70
     1
102
RTVSPropertyOp29
 70
     1
102
RTVSPropertyOp30
 70
     1
102
RTVSPropertyOp31
 70
     1
102
RTVSPropertyOp32
 70
     1
102
RTVSPropertyOp33
 70
     1
102
RTVSPropertyOp34
 70
     1
102
RTVSPropertyOp35
 70
     1
102
RTVSPropertyOp36
 70
     1
102
RTVSPropertyOp37
 70
     1
102
RTVSPropertyOp38
 70
     1
102
RTVSPropertyOp39
 70
     1
102
RTVSPropertyOp40
 70
     1
102
RTVSPropertyOp41
 70
     1
102
RTVSPropertyOp42
 70
     1
102
RTVSPropertyOp43
 70
     1
102
RTVSPropertyOp44
 70
     1
102
RTVSPropertyOp45
 70
     1
102
RTVSPropertyOp46
 70
     1
102
RTVSPropertyOp47
 70
     1
102
RTVSPropertyOp48
 70
     1
102
RTVSPropertyOp49
 70
     1
102
RTVSPropertyOp50
 70
     1
102
RTVSPropertyOp51
 70
     0
102
RTVSPropertyOp52
 70
     0
102
RTVSPropertyOp53
 70
     1
102
RTVSPropertyOp54
 70
     1
102
RTVSPropertyOp55
 70
     1
102
RTVSPropertyOp56
 70
     1
102
RTVSPropertyOp57
 70
     1
102
RTVSPost2010Prop28
280
     0
102
RTVSPost2010PropOp28
 70
     1
102
RTVSPost2010Prop29
280
     1
102
RTVSPost2010PropOp29
 70
     1
102
RTVSPost2010Prop30
280
     1
102
RTVSPost2010PropOp30
 70
     1
102
RTVSPost2010Prop31
280
     0
102
RTVSPost2010PropOp31
 70
     1
102
RTVSPost2010Prop32
280
     0
102
RTVSPost2010PropOp32
 70
     1
102
RTVSPost2010Prop33
280
     0
102
RTVSPost2010PropOp33
 70
     1
102
RTVSPost2010Prop34
280
     0
102
RTVSPost2010PropOp34
 70
     1
102
RTVSPost2010Prop35
280
     0
102
RTVSPost2010PropOp35
 70
     1
102
RTVSPost2010Prop36
280
     0
102
RTVSPost2010PropOp36
 70
     1
102
RTVSPost2010Prop37
 90
       50
102
RTVSPost2010PropOp37
 70
     1
102
RTVSPost2010Prop38
140
0.0
102
RTVSPost2010PropOp38
 70
     1
102
RTVSPost2010Prop39
140
1.0
102
RTVSPost2010PropOp39
 70
     1
102
RTVSPost2010Prop40
 90
        0
102
RTVSPost2010PropOp40
 70
     1
102
RTVSPost2010Prop41ColorIndex
 90
       18
102
RTVSPost2010Prop41ColorRGB
 90
        0
102
RTVSPost2010PropOp41
 70
     1
102
RTVSPost2010Prop42
 90
       50
102
RTVSPost2010PropOp42
 70
     1
102
RTVSPost2010Prop43
 90
        3
102
RTVSPost2010PropOp43
 70
     1
102
RTVSPost2010Prop44ColorIndex
 90
        5
102
RTVSPost2010Prop44ColorRGB
 90
      255
102
RTVSPost2010PropOp44
 70
     1
102
RTVSPost2010Prop45
280
     0
102
RTVSPost2010PropOp45
 70
     1
102
RTVSPost2010Prop46
 90
       50
102
RTVSPost2010PropOp46
 70
     1
102
RTVSPost2010Prop47
 90
       50
102
RTVSPost2010PropOp47
 70
     1
102
RTVSPost2010Prop48
 90
       50
102
RTVSPost2010PropOp48
 70
     1
102
RTVSPost2010Prop49
280
     0
102
RTVSPost2010PropOp49
 70
     1
102
RTVSPost2010Prop50
 90
       50
102
RTVSPost2010PropOp50
 70
     1
102
RTVSPost2010Prop51ColorIndex
 90
      256
102
RTVSPost2010Prop51ColorRGB
 90
-16777216
102
RTVSPost2010PropOp51
 70
     0
102
RTVSPost2010Prop52
140
1.0
102
RTVSPost2010PropOp52
 70
     0
102
RTVSPost2010Prop53
 90
        2
102
RTVSPost2010PropOp53
 70
     1
102
RTVSPost2010Prop54
  1
strokes_ogs.tif
102
RTVSPost2010PropOp54
 70
     1
102
RTVSPost2010Prop55
280
     0
102
RTVSPost2010PropOp55
 70
     1
102
RTVSPost2010Prop56
140
1.0
102
RTVSPost2010PropOp56
 70
     1
102
RTVSPost2010Prop57
140
1.0
102
RTVSPost2010PropOp57
 70
     1
  0
ENDSEC
  0
EOF
