  0
SECTION
  2
HEADER
  9
$ACADVER
  1
AC1021
  9
$ACADMAINTVER
 70
    25
  9
$DWGCODEPAGE
  3
ANSI_1252
  9
$LASTSAVEDBY
  1
yg
  9
$INSBASE
 10
0.0
 20
0.0
 30
0.0
  9
$EXTMIN
 10
-30.9470565936059
 20
-21.13697526075392
 30
0.0
  9
$EXTMAX
 10
-12.81041529461099
 20
2.962686046478554
 30
0.0
  9
$LIMMIN
 10
0.0
 20
0.0
  9
$LIMMAX
 10
12.0
 20
9.0
  9
$ORTHOMODE
 70
     0
  9
$REGENMODE
 70
     1
  9
$FILLMODE
 70
     1
  9
$QTEXTMODE
 70
     0
  9
$MIRRTEXT
 70
     1
  9
$LTSCALE
 40
1.0
  9
$ATTMODE
 70
     1
  9
$TEXTSIZE
 40
0.2
  9
$TRACEWID
 40
0.05
  9
$TEXTSTYLE
  7
Standard
  9
$CLAYER
  8
0
  9
$CELTYPE
  6
ByLayer
  9
$CECOLOR
 62
   256
  9
$CELTSCALE
 40
1.0
  9
$DISPSILH
 70
     0
  9
$DIMSCALE
 40
1.0
  9
$DIMASZ
 40
0.18
  9
$DIMEXO
 40
0.0625
  9
$DIMDLI
 40
0.38
  9
$DIMRND
 40
0.0
  9
$DIMDLE
 40
0.0
  9
$DIMEXE
 40
0.18
  9
$DIMTP
 40
0.0
  9
$DIMTM
 40
0.0
  9
$DIMTXT
 40
0.18
  9
$DIMCEN
 40
0.09
  9
$DIMTSZ
 40
0.0
  9
$DIMTOL
 70
     0
  9
$DIMLIM
 70
     0
  9
$DIMTIH
 70
     1
  9
$DIMTOH
 70
     1
  9
$DIMSE1
 70
     0
  9
$DIMSE2
 70
     0
  9
$DIMTAD
 70
     0
  9
$DIMZIN
 70
     0
  9
$DIMBLK
  1

  9
$DIMASO
 70
     1
  9
$DIMSHO
 70
     1
  9
$DIMPOST
  1

  9
$DIMAPOST
  1

  9
$DIMALT
 70
     0
  9
$DIMALTD
 70
     2
  9
$DIMALTF
 40
25.4
  9
$DIMLFAC
 40
1.0
  9
$DIMTOFL
 70
     0
  9
$DIMTVP
 40
0.0
  9
$DIMTIX
 70
     0
  9
$DIMSOXD
 70
     0
  9
$DIMSAH
 70
     0
  9
$DIMBLK1
  1

  9
$DIMBLK2
  1

  9
$DIMSTYLE
  2
STANDARD_ACAD
  9
$DIMCLRD
 70
     0
  9
$DIMCLRE
 70
     0
  9
$DIMCLRT
 70
     0
  9
$DIMTFAC
 40
1.0
  9
$DIMGAP
 40
0.09
  9
$DIMJUST
 70
     0
  9
$DIMSD1
 70
     0
  9
$DIMSD2
 70
     0
  9
$DIMTOLJ
 70
     1
  9
$DIMTZIN
 70
     0
  9
$DIMALTZ
 70
     0
  9
$DIMALTTZ
 70
     0
  9
$DIMUPT
 70
     0
  9
$DIMDEC
 70
     4
  9
$DIMTDEC
 70
     4
  9
$DIMALTU
 70
     2
  9
$DIMALTTD
 70
     2
  9
$DIMTXSTY
  7
Standard
  9
$DIMAUNIT
 70
     0
  9
$DIMADEC
 70
     0
  9
$DIMALTRND
 40
0.0
  9
$DIMAZIN
 70
     0
  9
$DIMDSEP
 70
    46
  9
$DIMATFIT
 70
     3
  9
$DIMFRAC
 70
     0
  9
$DIMLDRBLK
  1

  9
$DIMLUNIT
 70
     2
  9
$DIMLWD
 70
    -2
  9
$DIMLWE
 70
    -2
  9
$DIMTMOVE
 70
     2
  9
$DIMFXL
 40
1.0
  9
$DIMFXLON
 70
     0
  9
$DIMJOGANG
 40
0.7853981633974483
  9
$DIMTFILL
 70
     0
  9
$DIMTFILLCLR
 70
     0
  9
$DIMARCSYM
 70
     0
  9
$DIMLTYPE
  6

  9
$DIMLTEX1
  6

  9
$DIMLTEX2
  6

  9
$LUNITS
 70
     2
  9
$LUPREC
 70
     3
  9
$SKETCHINC
 40
0.1
  9
$FILLETRAD
 40
0.0
  9
$AUNITS
 70
     0
  9
$AUPREC
 70
     0
  9
$MENU
  1
.
  9
$ELEVATION
 40
0.0
  9
$PELEVATION
 40
0.0
  9
$THICKNESS
 40
0.0
  9
$LIMCHECK
 70
     0
  9
$CHAMFERA
 40
0.0
  9
$CHAMFERB
 40
0.0
  9
$CHAMFERC
 40
0.0
  9
$CHAMFERD
 40
0.0
  9
$SKPOLY
 70
     0
  9
$TDCREATE
 40
2461233.857936193
  9
$TDUCREATE
 40
2461233.524602859
  9
$TDUPDATE
 40
2461233.857946921
  9
$TDUUPDATE
 40
2461233.524613588
  9
$TDINDWG
 40
0.0000000116
  9
$TDUSRTIMER
 40
0.0000000116
  9
$USRTIMER
 70
     1
  9
$ANGBASE
 50
0.0
  9
$ANGDIR
 70
     0
  9
$PDMODE
 70
     0
  9
$PDSIZE
 40
0.0
  9
$PLINEWID
 40
0.0
  9
$SPLFRAME
 70
     0
  9
$SPLINETYPE
 70
     6
  9
$SPLINESEGS
 70
     8
  9
$HANDSEED
  5
37A
  9
$SURFTAB1
 70
     6
  9
$SURFTAB2
 70
     6
  9
$SURFTYPE
 70
     6
  9
$SURFU
 70
     6
  9
$SURFV
 70
     6
  9
$UCSBASE
  2

  9
$UCSNAME
  2

  9
$UCSORG
 10
0.0
 20
0.0
 30
0.0
  9
$UCSXDIR
 10
1.0
 20
0.0
 30
0.0
  9
$UCSYDIR
 10
0.0
 20
1.0
 30
0.0
  9
$UCSORTHOREF
  2

  9
$UCSORTHOVIEW
 70
     0
  9
$UCSORGTOP
 10
0.0
 20
0.0
 30
0.0
  9
$UCSORGBOTTOM
 10
0.0
 20
0.0
 30
0.0
  9
$UCSORGLEFT
 10
0.0
 20
0.0
 30
0.0
  9
$UCSORGRIGHT
 10
0.0
 20
0.0
 30
0.0
  9
$UCSORGFRONT
 10
0.0
 20
0.0
 30
0.0
  9
$UCSORGBACK
 10
0.0
 20
0.0
 30
0.0
  9
$PUCSBASE
  2

  9
$PUCSNAME
  2

  9
$PUCSORG
 10
0.0
 20
0.0
 30
0.0
  9
$PUCSXDIR
 10
1.0
 20
0.0
 30
0.0
  9
$PUCSYDIR
 10
0.0
 20
1.0
 30
0.0
  9
$PUCSORTHOREF
  2

  9
$PUCSORTHOVIEW
 70
     0
  9
$PUCSORGTOP
 10
0.0
 20
0.0
 30
0.0
  9
$PUCSORGBOTTOM
 10
0.0
 20
0.0
 30
0.0
  9
$PUCSORGLEFT
 10
0.0
 20
0.0
 30
0.0
  9
$PUCSORGRIGHT
 10
0.0
 20
0.0
 30
0.0
  9
$PUCSORGFRONT
 10
0.0
 20
0.0
 30
0.0
  9
$PUCSORGBACK
 10
0.0
 20
0.0
 30
0.0
  9
$USERI1
 70
     0
  9
$USERI2
 70
     0
  9
$USERI3
 70
     0
  9
$USERI4
 70
     0
  9
$USERI5
 70
     0
  9
$USERR1
 40
0.0
  9
$USERR2
 40
0.0
  9
$USERR3
 40
0.0
  9
$USERR4
 40
0.0
  9
$USERR5
 40
0.0
  9
$WORLDVIEW
 70
     1
  9
$SHADEDGE
 70
     3
  9
$SHADEDIF
 70
    70
  9
$TILEMODE
 70
     1
  9
$MAXACTVP
 70
    64
  9
$PINSBASE
 10
0.0
 20
0.0
 30
0.0
  9
$PLIMCHECK
 70
     0
  9
$PEXTMIN
 10
1.000000000000000E+20
 20
1.000000000000000E+20
 30
1.000000000000000E+20
  9
$PEXTMAX
 10
-1.000000000000000E+20
 20
-1.000000000000000E+20
 30
-1.000000000000000E+20
  9
$PLIMMIN
 10
0.0
 20
0.0
  9
$PLIMMAX
 10
12.0
 20
9.0
  9
$UNITMODE
 70
     0
  9
$VISRETAIN
 70
     1
  9
$PLINEGEN
 70
     0
  9
$PSLTSCALE
 70
     1
  9
$TREEDEPTH
 70
  3020
  9
$CMLSTYLE
  2
Standard
  9
$CMLJUST
 70
     0
  9
$CMLSCALE
 40
1.0
  9
$PROXYGRAPHICS
 70
     1
  9
$MEASUREMENT
 70
     1
  9
$CELWEIGHT
370
    -1
  9
$ENDCAPS
280
     0
  9
$JOINSTYLE
280
     0
  9
$LWDISPLAY
290
     0
  9
$INSUNITS
 70
     6
  9
$HYPERLINKBASE
  1

  9
$STYLESHEET
  1

  9
$XEDIT
290
     1
  9
$CEPSNTYPE
380
     0
  9
$PSTYLEMODE
290
     1
  9
$FINGERPRINTGUID
  2
{c859996a-5562-4fc0-b69e-ffc603fa5a55}
  9
$VERSIONGUID
  2
{FAEB1C32-E019-11D5-929B-00C0DF256EC4}
  9
$EXTNAMES
290
     1
  9
$PSVPSCALE
 40
0.0
  9
$OLESTARTUP
290
     0
  9
$SORTENTS
280
   127
  9
$INDEXCTL
280
     0
  9
$HIDETEXT
280
     1
  9
$XCLIPFRAME
290
     0
  9
$HALOGAP
280
     0
  9
$OBSCOLOR
 70
   257
  9
$OBSLTYPE
280
     0
  9
$INTERSECTIONDISPLAY
280
     0
  9
$INTERSECTIONCOLOR
 70
   257
  9
$DIMASSOC
280
     2
  9
$PROJECTNAME
  1

  9
$CAMERADISPLAY
290
     0
  9
$LENSLENGTH
 40
50.0
  9
$CAMERAHEIGHT
 40
0.0
  9
$STEPSPERSEC
 40
2.0
  9
$STEPSIZE
 40
6.0
  9
$3DDWFPREC
 40
2.0
  9
$PSOLWIDTH
 40
0.25
  9
$PSOLHEIGHT
 40
4.0
  9
$LOFTANG1
 40
1.570796326794897
  9
$LOFTANG2
 40
1.570796326794897
  9
$LOFTMAG1
 40
0.0
  9
$LOFTMAG2
 40
0.0
  9
$LOFTPARAM
 70
     7
  9
$LOFTNORMALS
280
     1
  9
$LATITUDE
 40
37.795
  9
$LONGITUDE
 40
-122.394
  9
$NORTHDIRECTION
 40
0.0
  9
$TIMEZONE
 70
 -8000
  9
$LIGHTGLYPHDISPLAY
280
     1
  9
$TILEMODELIGHTSYNCH
280
     1
  9
$CMATERIAL
347
44
  9
$SOLIDHIST
280
     0
  9
$SHOWHIST
280
     1
  9
$DWFFRAME
280
     2
  9
$DGNFRAME
280
     2
  9
$REALWORLDSCALE
290
     1
  9
$INTERFERECOLOR
 62
   256
  9
$CSHADOW
280
     0
  9
$SHADOWPLANELOCATION
 40
0.0
  0
ENDSEC
  0
SECTION
  2
CLASSES
  0
CLASS
  1
ACDBDICTIONARYWDFLT
  2
AcDbDictionaryWithDefault
  3
ObjectDBX Classes
 90
        0
 91
        3
280
     0
281
     0
  0
CLASS
  1
VISUALSTYLE
  2
AcDbVisualStyle
  3
ObjectDBX Classes
 90
     4095
 91
        3
280
     0
281
     0
  0
CLASS
  1
MATERIAL
  2
AcDbMaterial
  3
ObjectDBX Classes
 90
     1153
 91
        3
280
     0
281
     0
  0
CLASS
  1
SCALE
  2
AcDbScale
  3
ObjectDBX Classes
 90
     1153
 91
        3
280
     0
281
     0
  0
CLASS
  1
TABLESTYLE
  2
AcDbTableStyle
  3
ObjectDBX Classes
 90
     4095
 91
        3
280
     0
281
     0
  0
CLASS
  1
MLEADERSTYLE
  2
AcDbMLeaderStyle
  3
ACDB_MLEADERSTYLE_CLASS
 90
     4095
 91
        3
280
     0
281
     0
  0
CLASS
  1
SUN
  2
AcDbSun
  3
SCENEOE
 90
     1153
 91
        3
280
     0
281
     0
  0
CLASS
  1
DICTIONARYVAR
  2
AcDbDictionaryVar
  3
ObjectDBX Classes
 90
        0
 91
        3
280
     0
281
     0
  0
CLASS
  1
CELLSTYLEMAP
  2
AcDbCellStyleMap
  3
ObjectDBX Classes
 90
     1152
 91
        3
280
     0
281
     0
  0
ENDSEC
  0
SECTION
  2
TABLES
  0
TABLE
  2
VPORT
  5
8
330
0
100
AcDbSymbolTable
 70
     1
  0
VPORT
  5
29
330
8
100
AcDbSymbolTableRecord
100
AcDbViewportTableRecord
  2
*Active
 70
     0
 10
0.0
 20
0.0
 11
1.0
 21
1.0
 12
10.42990654205607
 22
4.5
 13
0.0
 23
0.0
 14
0.5
 24
0.5
 15
0.5
 25
0.5
 16
0.0
 26
0.0
 36
1.0
 17
0.0
 27
0.0
 37
0.0
 40
9.0
 41
1.972972972850329
 42
50.0
 43
0.0
 44
0.0
 50
0.0
 51
0.0
 71
     0
 72
   100
 73
     1
 74
     3
 75
     0
 76
     0
 77
     0
 78
     0
281
     0
 65
     1
110
0.0
120
0.0
130
0.0
111
1.0
121
0.0
131
0.0
112
0.0
122
1.0
132
0.0
 79
     0
146
0.0
348
2F
 60
     3
 61
     5
292
     1
282
     1
141
0.0
142
0.0
 63
   250
361
5D
  0
ENDTAB
  0
TABLE
  2
LTYPE
  5
5
330
0
100
AcDbSymbolTable
 70
     2
  0
LTYPE
  5
14
330
5
100
AcDbSymbolTableRecord
100
AcDbLinetypeTableRecord
  2
ByBlock
 70
     0
  3

 72
    65
 73
     0
 40
0.0
  0
LTYPE
  5
15
330
5
100
AcDbSymbolTableRecord
100
AcDbLinetypeTableRecord
  2
ByLayer
 70
     0
  3

 72
    65
 73
     0
 40
0.0
  0
LTYPE
  5
16
330
5
100
AcDbSymbolTableRecord
100
AcDbLinetypeTableRecord
  2
Continuous
 70
     0
  3
Solid line
 72
    65
 73
     0
 40
0.0
  0
LTYPE
  5
A8
330
5
100
AcDbSymbolTableRecord
100
AcDbLinetypeTableRecord
  2
Dashed
 70
     0
  3

 72
    65
 73
     2
 40
0.01
 49
0.005
 74
     0
 49
-0.005
 74
     0
  0
ENDTAB
  0
TABLE
  2
LAYER
  5
2
330
0
100
AcDbSymbolTable
 70
     7
  0
LAYER
  5
10
330
2
100
AcDbSymbolTableRecord
100
AcDbLayerTableRecord
  2
0
 70
     0
 62
     7
  6
Continuous
370
    -3
390
F
347
46
  0
LAYER
  5
5F
330
2
100
AcDbSymbolTableRecord
100
AcDbLayerTableRecord
  2
椅子
 70
     0
 62
   160
420
    19711
  6
Continuous
370
    -3
390
F
347
46
  0
LAYER
  5
A9
330
2
100
AcDbSymbolTableRecord
100
AcDbLayerTableRecord
  2
虚线
 70
     0
 62
     7
  6
Dashed
370
    -3
390
F
347
46
  0
LAYER
  5
B0
330
2
100
AcDbSymbolTableRecord
100
AcDbLayerTableRecord
  2
桌子
 70
     0
 62
   100
420
    65330
  6
Continuous
370
    -3
390
F
347
46
  0
LAYER
  5
1C6
330
2
100
AcDbSymbolTableRecord
100
AcDbLayerTableRecord
  2
墙体
 70
     0
 62
     1
420
 16711680
  6
Continuous
370
    -3
390
F
347
46
  0
LAYER
  5
1DF
330
2
100
AcDbSymbolTableRecord
100
AcDbLayerTableRecord
  2
柜子
 70
     0
 62
   220
420
 16711875
  6
Continuous
370
    -3
390
F
347
46
  0
LAYER
  5
28E
330
2
100
AcDbSymbolTableRecord
100
AcDbLayerTableRecord
  2
玻璃
 70
     0
 62
     4
420
    65511
  6
Continuous
370
    -3
390
F
347
46
  0
ENDTAB
  0
TABLE
  2
STYLE
  5
3
330
0
100
AcDbSymbolTable
 70
     1
  0
STYLE
  5
11
330
3
100
AcDbSymbolTableRecord
100
AcDbTextStyleTableRecord
  2
Standard
 70
     0
 40
0.0
 41
1.0
 50
0.0
 71
     0
 42
0.2
  3
txt
  4

  0
ENDTAB
  0
TABLE
  2
VIEW
  5
6
330
0
100
AcDbSymbolTable
 70
     0
  0
ENDTAB
  0
TABLE
  2
UCS
  5
7
330
0
100
AcDbSymbolTable
 70
     0
  0
ENDTAB
  0
TABLE
  2
APPID
  5
9
330
0
100
AcDbSymbolTable
 70
     3
  0
APPID
  5
12
330
9
100
AcDbSymbolTableRecord
100
AcDbRegAppTableRecord
  2
ACAD
 70
     0
  0
APPID
  5
5E
330
9
100
AcDbSymbolTableRecord
100
AcDbRegAppTableRecord
  2
Rhino
 70
     0
  0
APPID
  5
372
330
9
100
AcDbSymbolTableRecord
100
AcDbRegAppTableRecord
  2
ACAD_MLEADERVER
 70
     0
  0
ENDTAB
  0
TABLE
  2
DIMSTYLE
  5
A
330
0
100
AcDbSymbolTable
 70
     1
100
AcDbDimStyleTable
  0
DIMSTYLE
105
27
330
A
100
AcDbSymbolTableRecord
100
AcDbDimStyleTableRecord
  2
STANDARD_ACAD
 70
     0
178
     0
340
11
  0
ENDTAB
  0
TABLE
  2
BLOCK_RECORD
  5
1
330
0
100
AcDbSymbolTable
 70
     1
  0
BLOCK_RECORD
  5
1F
330
1
100
AcDbSymbolTableRecord
100
AcDbBlockTableRecord
  2
*Model_Space
340
22
 70
     0
280
     1
281
     0
  0
BLOCK_RECORD
  5
1B
330
1
100
AcDbSymbolTableRecord
100
AcDbBlockTableRecord
  2
*Paper_Space
340
1E
 70
     0
280
     1
281
     0
  0
BLOCK_RECORD
  5
23
330
1
100
AcDbSymbolTableRecord
100
AcDbBlockTableRecord
  2
*Paper_Space0
340
26
 70
     0
280
     1
281
     0
  0
ENDTAB
  0
ENDSEC
  0
SECTION
  2
BLOCKS
  0
BLOCK
  5
20
330
1F
100
AcDbEntity
  8
0
100
AcDbBlockBegin
  2
*Model_Space
 70
     0
 10
0.0
 20
0.0
 30
0.0
  3
*Model_Space
  1

  0
ENDBLK
  5
21
330
1F
100
AcDbEntity
  8
0
100
AcDbBlockEnd
  0
BLOCK
  5
1C
330
1B
100
AcDbEntity
 67
     1
  8
0
100
AcDbBlockBegin
  2
*Paper_Space
 70
     0
 10
0.0
 20
0.0
 30
0.0
  3
*Paper_Space
  1

  0
ENDBLK
  5
1D
330
1B
100
AcDbEntity
 67
     1
  8
0
100
AcDbBlockEnd
  0
BLOCK
  5
24
330
23
100
AcDbEntity
  8
0
100
AcDbBlockBegin
  2
*Paper_Space0
 70
     0
 10
0.0
 20
0.0
 30
0.0
  3
*Paper_Space0
  1

  0
ENDBLK
  5
25
330
23
100
AcDbEntity
  8
0
100
AcDbBlockEnd
  0
ENDSEC
  0
SECTION
  2
ENTITIES
  0
POLYLINE
  5
60
330
1F
100
AcDbEntity
  8
椅子
100
AcDb2dPolyline
 66
     1
 10
0.0
 20
0.0
 30
0.0
 70
     1
  0
VERTEX
  5
61
330
60
100
AcDbEntity
  8
椅子
100
AcDbVertex
100
AcDb2dVertex
 10
-30.1470565936059
 20
-8.93731395352144
 30
0.0
  0
VERTEX
  5
62
330
60
100
AcDbEntity
  8
椅子
100
AcDbVertex
100
AcDb2dVertex
 10
-29.7470565936059
 20
-8.93731395352144
 30
0.0
  0
VERTEX
  5
63
330
60
100
AcDbEntity
  8
椅子
100
AcDbVertex
100
AcDb2dVertex
 10
-29.7470565936059
 20
-9.337313953521445
 30
0.0
  0
VERTEX
  5
64
330
60
100
AcDbEntity
  8
椅子
100
AcDbVertex
100
AcDb2dVertex
 10
-30.1470565936059
 20
-9.337313953521445
 30
0.0
  0
SEQEND
  5
65
330
60
100
AcDbEntity
  8
椅子
  0
POLYLINE
  5
66
330
1F
100
AcDbEntity
  8
椅子
100
AcDb2dPolyline
 66
     1
 10
0.0
 20
0.0
 30
0.0
 70
     1
  0
VERTEX
  5
67
330
66
100
AcDbEntity
  8
椅子
100
AcDbVertex
100
AcDb2dVertex
 10
-30.1470565936059
 20
-7.637313953521438
 30
0.0
  0
VERTEX
  5
68
330
66
100
AcDbEntity
  8
椅子
100
AcDbVertex
100
AcDb2dVertex
 10
-29.7470565936059
 20
-7.637313953521438
 30
0.0
  0
VERTEX
  5
69
330
66
100
AcDbEntity
  8
椅子
100
AcDbVertex
100
AcDb2dVertex
 10
-29.7470565936059
 20
-8.037313953521444
 30
0.0
  0
VERTEX
  5
6A
330
66
100
AcDbEntity
  8
椅子
100
AcDbVertex
100
AcDb2dVertex
 10
-30.1470565936059
 20
-8.037313953521444
 30
0.0
  0
SEQEND
  5
6B
330
66
100
AcDbEntity
  8
椅子
  0
POLYLINE
  5
6C
330
1F
100
AcDbEntity
  8
椅子
100
AcDb2dPolyline
 66
     1
 10
0.0
 20
0.0
 30
0.0
 70
     1
  0
VERTEX
  5
6D
330
6C
100
AcDbEntity
  8
椅子
100
AcDbVertex
100
AcDb2dVertex
 10
-30.1470565936059
 20
-6.337313953521436
 30
0.0
  0
VERTEX
  5
6E
330
6C
100
AcDbEntity
  8
椅子
100
AcDbVertex
100
AcDb2dVertex
 10
-29.7470565936059
 20
-6.337313953521436
 30
0.0
  0
VERTEX
  5
6F
330
6C
100
AcDbEntity
  8
椅子
100
AcDbVertex
100
AcDb2dVertex
 10
-29.7470565936059
 20
-6.737313953521442
 30
0.0
  0
VERTEX
  5
70
330
6C
100
AcDbEntity
  8
椅子
100
AcDbVertex
100
AcDb2dVertex
 10
-30.1470565936059
 20
-6.737313953521442
 30
0.0
  0
SEQEND
  5
71
330
6C
100
AcDbEntity
  8
椅子
  0
POLYLINE
  5
72
330
1F
100
AcDbEntity
  8
椅子
100
AcDb2dPolyline
 66
     1
 10
0.0
 20
0.0
 30
0.0
 70
     1
  0
VERTEX
  5
73
330
72
100
AcDbEntity
  8
椅子
100
AcDbVertex
100
AcDb2dVertex
 10
-30.1470565936059
 20
-5.037313953521437
 30
0.0
  0
VERTEX
  5
74
330
72
100
AcDbEntity
  8
椅子
100
AcDbVertex
100
AcDb2dVertex
 10
-29.7470565936059
 20
-5.037313953521437
 30
0.0
  0
VERTEX
  5
75
330
72
100
AcDbEntity
  8
椅子
100
AcDbVertex
100
AcDb2dVertex
 10
-29.7470565936059
 20
-5.437313953521443
 30
0.0
  0
VERTEX
  5
76
330
72
100
AcDbEntity
  8
椅子
100
AcDbVertex
100
AcDb2dVertex
 10
-30.1470565936059
 20
-5.437313953521443
 30
0.0
  0
SEQEND
  5
77
330
72
100
AcDbEntity
  8
椅子
  0
POLYLINE
  5
78
330
1F
100
AcDbEntity
  8
椅子
100
AcDb2dPolyline
 66
     1
 10
0.0
 20
0.0
 30
0.0
 70
     1
  0
VERTEX
  5
79
330
78
100
AcDbEntity
  8
椅子
100
AcDbVertex
100
AcDb2dVertex
 10
-30.1470565936059
 20
-3.737313953521438
 30
0.0
  0
VERTEX
  5
7A
330
78
100
AcDbEntity
  8
椅子
100
AcDbVertex
100
AcDb2dVertex
 10
-29.7470565936059
 20
-3.737313953521438
 30
0.0
  0
VERTEX
  5
7B
330
78
100
AcDbEntity
  8
椅子
100
AcDbVertex
100
AcDb2dVertex
 10
-29.7470565936059
 20
-4.137313953521444
 30
0.0
  0
VERTEX
  5
7C
330
78
100
AcDbEntity
  8
椅子
100
AcDbVertex
100
AcDb2dVertex
 10
-30.1470565936059
 20
-4.137313953521444
 30
0.0
  0
SEQEND
  5
7D
330
78
100
AcDbEntity
  8
椅子
  0
POLYLINE
  5
7E
330
1F
100
AcDbEntity
  8
椅子
100
AcDb2dPolyline
 66
     1
 10
0.0
 20
0.0
 30
0.0
 70
     1
  0
VERTEX
  5
7F
330
7E
100
AcDbEntity
  8
椅子
100
AcDbVertex
100
AcDb2dVertex
 10
-30.1470565936059
 20
-2.437313953521437
 30
0.0
  0
VERTEX
  5
80
330
7E
100
AcDbEntity
  8
椅子
100
AcDbVertex
100
AcDb2dVertex
 10
-29.7470565936059
 20
-2.437313953521437
 30
0.0
  0
VERTEX
  5
81
330
7E
100
AcDbEntity
  8
椅子
100
AcDbVertex
100
AcDb2dVertex
 10
-29.7470565936059
 20
-2.837313953521443
 30
0.0
  0
VERTEX
  5
82
330
7E
100
AcDbEntity
  8
椅子
100
AcDbVertex
100
AcDb2dVertex
 10
-30.1470565936059
 20
-2.837313953521443
 30
0.0
  0
SEQEND
  5
83
330
7E
100
AcDbEntity
  8
椅子
  0
POLYLINE
  5
84
330
1F
100
AcDbEntity
  8
椅子
100
AcDb2dPolyline
 66
     1
 10
0.0
 20
0.0
 30
0.0
 70
     1
  0
VERTEX
  5
85
330
84
100
AcDbEntity
  8
椅子
100
AcDbVertex
100
AcDb2dVertex
 10
-30.1470565936059
 20
-17.93731395352144
 30
0.0
  0
VERTEX
  5
86
330
84
100
AcDbEntity
  8
椅子
100
AcDbVertex
100
AcDb2dVertex
 10
-29.7470565936059
 20
-17.93731395352144
 30
0.0
  0
VERTEX
  5
87
330
84
100
AcDbEntity
  8
椅子
100
AcDbVertex
100
AcDb2dVertex
 10
-29.7470565936059
 20
-18.33731395352145
 30
0.0
  0
VERTEX
  5
88
330
84
100
AcDbEntity
  8
椅子
100
AcDbVertex
100
AcDb2dVertex
 10
-30.1470565936059
 20
-18.33731395352145
 30
0.0
  0
SEQEND
  5
89
330
84
100
AcDbEntity
  8
椅子
  0
POLYLINE
  5
8A
330
1F
100
AcDbEntity
  8
椅子
100
AcDb2dPolyline
 66
     1
 10
0.0
 20
0.0
 30
0.0
 70
     1
  0
VERTEX
  5
8B
330
8A
100
AcDbEntity
  8
椅子
100
AcDbVertex
100
AcDb2dVertex
 10
-30.1470565936059
 20
-16.63731395352144
 30
0.0
  0
VERTEX
  5
8C
330
8A
100
AcDbEntity
  8
椅子
100
AcDbVertex
100
AcDb2dVertex
 10
-29.7470565936059
 20
-16.63731395352144
 30
0.0
  0
VERTEX
  5
8D
330
8A
100
AcDbEntity
  8
椅子
100
AcDbVertex
100
AcDb2dVertex
 10
-29.7470565936059
 20
-17.03731395352145
 30
0.0
  0
VERTEX
  5
8E
330
8A
100
AcDbEntity
  8
椅子
100
AcDbVertex
100
AcDb2dVertex
 10
-30.1470565936059
 20
-17.03731395352145
 30
0.0
  0
SEQEND
  5
8F
330
8A
100
AcDbEntity
  8
椅子
  0
POLYLINE
  5
90
330
1F
100
AcDbEntity
  8
椅子
100
AcDb2dPolyline
 66
     1
 10
0.0
 20
0.0
 30
0.0
 70
     1
  0
VERTEX
  5
91
330
90
100
AcDbEntity
  8
椅子
100
AcDbVertex
100
AcDb2dVertex
 10
-30.1470565936059
 20
-15.33731395352144
 30
0.0
  0
VERTEX
  5
92
330
90
100
AcDbEntity
  8
椅子
100
AcDbVertex
100
AcDb2dVertex
 10
-29.7470565936059
 20
-15.33731395352144
 30
0.0
  0
VERTEX
  5
93
330
90
100
AcDbEntity
  8
椅子
100
AcDbVertex
100
AcDb2dVertex
 10
-29.7470565936059
 20
-15.73731395352145
 30
0.0
  0
VERTEX
  5
94
330
90
100
AcDbEntity
  8
椅子
100
AcDbVertex
100
AcDb2dVertex
 10
-30.1470565936059
 20
-15.73731395352145
 30
0.0
  0
SEQEND
  5
95
330
90
100
AcDbEntity
  8
椅子
  0
POLYLINE
  5
96
330
1F
100
AcDbEntity
  8
椅子
100
AcDb2dPolyline
 66
     1
 10
0.0
 20
0.0
 30
0.0
 70
     1
  0
VERTEX
  5
97
330
96
100
AcDbEntity
  8
椅子
100
AcDbVertex
100
AcDb2dVertex
 10
-30.1470565936059
 20
-14.03731395352144
 30
0.0
  0
VERTEX
  5
98
330
96
100
AcDbEntity
  8
椅子
100
AcDbVertex
100
AcDb2dVertex
 10
-29.7470565936059
 20
-14.03731395352144
 30
0.0
  0
VERTEX
  5
99
330
96
100
AcDbEntity
  8
椅子
100
AcDbVertex
100
AcDb2dVertex
 10
-29.7470565936059
 20
-14.43731395352145
 30
0.0
  0
VERTEX
  5
9A
330
96
100
AcDbEntity
  8
椅子
100
AcDbVertex
100
AcDb2dVertex
 10
-30.1470565936059
 20
-14.43731395352145
 30
0.0
  0
SEQEND
  5
9B
330
96
100
AcDbEntity
  8
椅子
  0
POLYLINE
  5
9C
330
1F
100
AcDbEntity
  8
椅子
100
AcDb2dPolyline
 66
     1
 10
0.0
 20
0.0
 30
0.0
 70
     1
  0
VERTEX
  5
9D
330
9C
100
AcDbEntity
  8
椅子
100
AcDbVertex
100
AcDb2dVertex
 10
-30.1470565936059
 20
-12.73731395352144
 30
0.0
  0
VERTEX
  5
9E
330
9C
100
AcDbEntity
  8
椅子
100
AcDbVertex
100
AcDb2dVertex
 10
-29.7470565936059
 20
-12.73731395352144
 30
0.0
  0
VERTEX
  5
9F
330
9C
100
AcDbEntity
  8
椅子
100
AcDbVertex
100
AcDb2dVertex
 10
-29.7470565936059
 20
-13.13731395352145
 30
0.0
  0
VERTEX
  5
A0
330
9C
100
AcDbEntity
  8
椅子
100
AcDbVertex
100
AcDb2dVertex
 10
-30.1470565936059
 20
-13.13731395352145
 30
0.0
  0
SEQEND
  5
A1
330
9C
100
AcDbEntity
  8
椅子
  0
POLYLINE
  5
A2
330
1F
100
AcDbEntity
  8
椅子
100
AcDb2dPolyline
 66
     1
 10
0.0
 20
0.0
 30
0.0
 70
     1
  0
VERTEX
  5
A3
330
A2
100
AcDbEntity
  8
椅子
100
AcDbVertex
100
AcDb2dVertex
 10
-30.1470565936059
 20
-11.43731395352144
 30
0.0
  0
VERTEX
  5
A4
330
A2
100
AcDbEntity
  8
椅子
100
AcDbVertex
100
AcDb2dVertex
 10
-29.7470565936059
 20
-11.43731395352144
 30
0.0
  0
VERTEX
  5
A5
330
A2
100
AcDbEntity
  8
椅子
100
AcDbVertex
100
AcDb2dVertex
 10
-29.7470565936059
 20
-11.83731395352145
 30
0.0
  0
VERTEX
  5
A6
330
A2
100
AcDbEntity
  8
椅子
100
AcDbVertex
100
AcDb2dVertex
 10
-30.1470565936059
 20
-11.83731395352145
 30
0.0
  0
SEQEND
  5
A7
330
A2
100
AcDbEntity
  8
椅子
  0
POLYLINE
  5
AA
330
1F
100
AcDbEntity
  8
虚线
100
AcDb2dPolyline
 66
     1
 10
0.0
 20
0.0
 30
0.0
 70
     1
  0
VERTEX
  5
AB
330
AA
100
AcDbEntity
  8
虚线
100
AcDbVertex
100
AcDb2dVertex
 10
-18.44733724410077
 20
-21.13697526075392
 30
0.0
  0
VERTEX
  5
AC
330
AA
100
AcDbEntity
  8
虚线
100
AcDbVertex
100
AcDb2dVertex
 10
-16.78190868181459
 20
-21.13697526075392
 30
0.0
  0
VERTEX
  5
AD
330
AA
100
AcDbEntity
  8
虚线
100
AcDbVertex
100
AcDb2dVertex
 10
-16.78190868181459
 20
-20.93697526075392
 30
0.0
  0
VERTEX
  5
AE
330
AA
100
AcDbEntity
  8
虚线
100
AcDbVertex
100
AcDb2dVertex
 10
-18.44733724410077
 20
-20.93697526075392
 30
0.0
  0
SEQEND
  5
AF
330
AA
100
AcDbEntity
  8
虚线
  0
POLYLINE
  5
B1
330
1F
100
AcDbEntity
  8
桌子
100
AcDb2dPolyline
 66
     1
 10
0.0
 20
0.0
 30
0.0
 70
     1
  0
VERTEX
  5
B2
330
B1
100
AcDbEntity
  8
桌子
100
AcDbVertex
100
AcDb2dVertex
 10
-18.44733724410077
 20
-21.13697526075392
 30
0.0
  0
VERTEX
  5
B3
330
B1
100
AcDbEntity
  8
桌子
100
AcDbVertex
100
AcDb2dVertex
 10
-18.44733724410077
 20
-19.93697526075392
 30
0.0
  0
VERTEX
  5
B4
330
B1
100
AcDbEntity
  8
桌子
100
AcDbVertex
100
AcDb2dVertex
 10
-20.98190868181459
 20
-19.93697526075392
 30
0.0
  0
VERTEX
  5
B5
330
B1
100
AcDbEntity
  8
桌子
100
AcDbVertex
100
AcDb2dVertex
 10
-20.98190868181459
 20
-21.13697526075392
 30
0.0
  0
SEQEND
  5
B6
330
B1
100
AcDbEntity
  8
桌子
  0
CIRCLE
  5
B7
330
1F
100
AcDbEntity
  8
桌子
100
AcDbCircle
 10
-22.28704081890074
 20
-13.96429335822407
 30
0.0
 40
0.25
  0
CIRCLE
  5
B8
330
1F
100
AcDbEntity
  8
桌子
100
AcDbCircle
 10
-21.25999745339598
 20
-11.60327412717866
 30
0.0
 40
0.25
  0
POLYLINE
  5
B9
330
1F
100
AcDbEntity
  8
桌子
100
AcDb2dPolyline
 66
     1
 10
0.0
 20
0.0
 30
0.0
 70
     1
  0
VERTEX
  5
BA
330
B9
100
AcDbEntity
  8
桌子
100
AcDbVertex
100
AcDb2dVertex
 10
-20.83007817979911
 20
-14.14014514062393
 30
0.0
  0
VERTEX
  5
BB
330
B9
100
AcDbEntity
  8
桌子
100
AcDbVertex
100
AcDb2dVertex
 10
-20.83007817979911
 20
-12.14014514062393
 30
0.0
  0
VERTEX
  5
BC
330
B9
100
AcDbEntity
  8
桌子
100
AcDbVertex
100
AcDb2dVertex
 10
-20.43007817979911
 20
-12.14014514062393
 30
0.0
  0
VERTEX
  5
BD
330
B9
100
AcDbEntity
  8
桌子
100
AcDbVertex
100
AcDb2dVertex
 10
-20.43007817979911
 20
-14.14014514062393
 30
0.0
  0
SEQEND
  5
BE
330
B9
100
AcDbEntity
  8
桌子
  0
POLYLINE
  5
BF
330
1F
100
AcDbEntity
  8
椅子
100
AcDb2dPolyline
 66
     1
 10
0.0
 20
0.0
 30
0.0
 70
     1
  0
VERTEX
  5
C0
330
BF
100
AcDbEntity
  8
椅子
100
AcDbVertex
100
AcDb2dVertex
 10
-21.83007817979911
 20
-13.14014514062393
 30
0.0
  0
VERTEX
  5
C1
330
BF
100
AcDbEntity
  8
椅子
100
AcDbVertex
100
AcDb2dVertex
 10
-20.83007817979911
 20
-13.14014514062393
 30
0.0
  0
VERTEX
  5
C2
330
BF
100
AcDbEntity
  8
椅子
100
AcDbVertex
100
AcDb2dVertex
 10
-20.83007817979911
 20
-14.14014514062393
 30
0.0
  0
VERTEX
  5
C3
330
BF
100
AcDbEntity
  8
椅子
100
AcDbVertex
100
AcDb2dVertex
 10
-21.83007817979911
 20
-14.14014514062393
 30
0.0
  0
SEQEND
  5
C4
330
BF
100
AcDbEntity
  8
椅子
  0
POLYLINE
  5
C5
330
1F
100
AcDbEntity
  8
椅子
100
AcDb2dPolyline
 66
     1
 10
0.0
 20
0.0
 30
0.0
 70
     1
  0
VERTEX
  5
C6
330
C5
100
AcDbEntity
  8
椅子
100
AcDbVertex
100
AcDb2dVertex
 10
-21.83007817979911
 20
-12.14014514062393
 30
0.0
  0
VERTEX
  5
C7
330
C5
100
AcDbEntity
  8
椅子
100
AcDbVertex
100
AcDb2dVertex
 10
-20.83007817979911
 20
-12.14014514062393
 30
0.0
  0
VERTEX
  5
C8
330
C5
100
AcDbEntity
  8
椅子
100
AcDbVertex
100
AcDb2dVertex
 10
-20.83007817979911
 20
-13.14014514062393
 30
0.0
  0
VERTEX
  5
C9
330
C5
100
AcDbEntity
  8
椅子
100
AcDbVertex
100
AcDb2dVertex
 10
-21.83007817979911
 20
-13.14014514062393
 30
0.0
  0
SEQEND
  5
CA
330
C5
100
AcDbEntity
  8
椅子
  0
POLYLINE
  5
CB
330
1F
100
AcDbEntity
  8
椅子
100
AcDb2dPolyline
 66
     1
 10
0.0
 20
0.0
 30
0.0
 70
     1
  0
VERTEX
  5
CC
330
CB
100
AcDbEntity
  8
椅子
100
AcDbVertex
100
AcDb2dVertex
 10
-23.39743309526046
 20
-13.126272117637
 30
0.0
  0
VERTEX
  5
CD
330
CB
100
AcDbEntity
  8
椅子
100
AcDbVertex
100
AcDb2dVertex
 10
-22.90465731292528
 20
-13.75648797616799
 30
0.0
  0
VERTEX
  5
CE
330
CB
100
AcDbEntity
  8
椅子
100
AcDbVertex
100
AcDb2dVertex
 10
-23.53487317145627
 20
-14.24926375850317
 30
0.0
  0
VERTEX
  5
CF
330
CB
100
AcDbEntity
  8
椅子
100
AcDbVertex
100
AcDb2dVertex
 10
-24.02764895379145
 20
-13.61904789997218
 30
0.0
  0
SEQEND
  5
D0
330
CB
100
AcDbEntity
  8
椅子
  0
POLYLINE
  5
D1
330
1F
100
AcDbEntity
  8
椅子
100
AcDb2dPolyline
 66
     1
 10
0.0
 20
0.0
 30
0.0
 70
     1
  0
VERTEX
  5
D2
330
D1
100
AcDbEntity
  8
椅子
100
AcDbVertex
100
AcDb2dVertex
 10
-22.90161905674093
 20
-11.17843125202455
 30
0.0
  0
VERTEX
  5
D3
330
D1
100
AcDbEntity
  8
椅子
100
AcDbVertex
100
AcDb2dVertex
 10
-22.40884327440575
 20
-11.80864711055553
 30
0.0
  0
VERTEX
  5
D4
330
D1
100
AcDbEntity
  8
椅子
100
AcDbVertex
100
AcDb2dVertex
 10
-23.03905913293674
 20
-12.30142289289072
 30
0.0
  0
VERTEX
  5
D5
330
D1
100
AcDbEntity
  8
椅子
100
AcDbVertex
100
AcDb2dVertex
 10
-23.53183491527192
 20
-11.67120703435973
 30
0.0
  0
SEQEND
  5
D6
330
D1
100
AcDbEntity
  8
椅子
  0
CIRCLE
  5
D7
330
1F
100
AcDbEntity
  8
桌子
100
AcDbCircle
 10
-22.59567873387402
 20
-12.87409331101533
 30
0.0
 40
0.473746572254222
  0
CIRCLE
  5
D8
330
1F
100
AcDbEntity
  8
桌子
100
AcDbCircle
 10
-25.45832459288638
 20
-12.78058279592464
 30
0.0
 40
0.25
  0
POLYLINE
  5
D9
330
1F
100
AcDbEntity
  8
椅子
100
AcDb2dPolyline
 66
     1
 10
0.0
 20
0.0
 30
0.0
 70
     1
  0
VERTEX
  5
DA
330
D9
100
AcDbEntity
  8
椅子
100
AcDbVertex
100
AcDb2dVertex
 10
-25.73354445480189
 20
-13.11416262248358
 30
0.0
  0
VERTEX
  5
DB
330
D9
100
AcDbEntity
  8
椅子
100
AcDbVertex
100
AcDb2dVertex
 10
-24.93354445480189
 20
-13.11416262248358
 30
0.0
  0
VERTEX
  5
DC
330
D9
100
AcDbEntity
  8
椅子
100
AcDbVertex
100
AcDb2dVertex
 10
-24.93354445480189
 20
-13.91416262248358
 30
0.0
  0
VERTEX
  5
DD
330
D9
100
AcDbEntity
  8
椅子
100
AcDbVertex
100
AcDb2dVertex
 10
-25.73354445480189
 20
-13.91416262248358
 30
0.0
  0
SEQEND
  5
DE
330
D9
100
AcDbEntity
  8
椅子
  0
POLYLINE
  5
DF
330
1F
100
AcDbEntity
  8
椅子
100
AcDb2dPolyline
 66
     1
 10
0.0
 20
0.0
 30
0.0
 70
     1
  0
VERTEX
  5
E0
330
DF
100
AcDbEntity
  8
椅子
100
AcDbVertex
100
AcDb2dVertex
 10
-25.90843476821266
 20
-11.67046976480399
 30
0.0
  0
VERTEX
  5
E1
330
DF
100
AcDbEntity
  8
椅子
100
AcDbVertex
100
AcDb2dVertex
 10
-25.10843476821266
 20
-11.67046976480399
 30
0.0
  0
VERTEX
  5
E2
330
DF
100
AcDbEntity
  8
椅子
100
AcDbVertex
100
AcDb2dVertex
 10
-25.10843476821266
 20
-12.47046976480399
 30
0.0
  0
VERTEX
  5
E3
330
DF
100
AcDbEntity
  8
椅子
100
AcDbVertex
100
AcDb2dVertex
 10
-25.90843476821266
 20
-12.47046976480399
 30
0.0
  0
SEQEND
  5
E4
330
DF
100
AcDbEntity
  8
椅子
  0
POLYLINE
  5
E5
330
1F
100
AcDbEntity
  8
桌子
100
AcDb2dPolyline
 66
     1
 10
0.0
 20
0.0
 30
0.0
 70
     1
  0
VERTEX
  5
E6
330
E5
100
AcDbEntity
  8
桌子
100
AcDbVertex
100
AcDb2dVertex
 10
-26.3493964616687
 20
-13.33877187134621
 30
0.0
  0
VERTEX
  5
E7
330
E5
100
AcDbEntity
  8
桌子
100
AcDbVertex
100
AcDb2dVertex
 10
-27.1493964616687
 20
-13.33877187134621
 30
0.0
  0
VERTEX
  5
E8
330
E5
100
AcDbEntity
  8
桌子
100
AcDbVertex
100
AcDb2dVertex
 10
-27.1493964616687
 20
-12.13877187134621
 30
0.0
  0
VERTEX
  5
E9
330
E5
100
AcDbEntity
  8
桌子
100
AcDbVertex
100
AcDb2dVertex
 10
-26.3493964616687
 20
-12.13877187134621
 30
0.0
  0
SEQEND
  5
EA
330
E5
100
AcDbEntity
  8
桌子
  0
POLYLINE
  5
EB
330
1F
100
AcDbEntity
  8
椅子
100
AcDb2dPolyline
 66
     1
 10
0.0
 20
0.0
 30
0.0
 70
     1
  0
VERTEX
  5
EC
330
EB
100
AcDbEntity
  8
椅子
100
AcDbVertex
100
AcDb2dVertex
 10
-27.50434934472217
 20
-13.73877187134622
 30
0.0
  0
VERTEX
  5
ED
330
EB
100
AcDbEntity
  8
椅子
100
AcDbVertex
100
AcDb2dVertex
 10
-26.50434934472217
 20
-13.73877187134622
 30
0.0
  0
VERTEX
  5
EE
330
EB
100
AcDbEntity
  8
椅子
100
AcDbVertex
100
AcDb2dVertex
 10
-26.50434934472217
 20
-14.73877187134622
 30
0.0
  0
VERTEX
  5
EF
330
EB
100
AcDbEntity
  8
椅子
100
AcDbVertex
100
AcDb2dVertex
 10
-27.50434934472217
 20
-14.73877187134622
 30
0.0
  0
SEQEND
  5
F0
330
EB
100
AcDbEntity
  8
椅子
  0
POLYLINE
  5
F1
330
1F
100
AcDbEntity
  8
椅子
100
AcDb2dPolyline
 66
     1
 10
0.0
 20
0.0
 30
0.0
 70
     1
  0
VERTEX
  5
F2
330
F1
100
AcDbEntity
  8
椅子
100
AcDbVertex
100
AcDb2dVertex
 10
-28.50434934472217
 20
-13.73877187134622
 30
0.0
  0
VERTEX
  5
F3
330
F1
100
AcDbEntity
  8
椅子
100
AcDbVertex
100
AcDb2dVertex
 10
-27.50434934472217
 20
-13.73877187134622
 30
0.0
  0
VERTEX
  5
F4
330
F1
100
AcDbEntity
  8
椅子
100
AcDbVertex
100
AcDb2dVertex
 10
-27.50434934472217
 20
-14.73877187134622
 30
0.0
  0
VERTEX
  5
F5
330
F1
100
AcDbEntity
  8
椅子
100
AcDbVertex
100
AcDb2dVertex
 10
-28.50434934472217
 20
-14.73877187134622
 30
0.0
  0
SEQEND
  5
F6
330
F1
100
AcDbEntity
  8
椅子
  0
POLYLINE
  5
F7
330
1F
100
AcDbEntity
  8
椅子
100
AcDb2dPolyline
 66
     1
 10
0.0
 20
0.0
 30
0.0
 70
     1
  0
VERTEX
  5
F8
330
F7
100
AcDbEntity
  8
椅子
100
AcDbVertex
100
AcDb2dVertex
 10
-28.50434934472217
 20
-12.73877187134622
 30
0.0
  0
VERTEX
  5
F9
330
F7
100
AcDbEntity
  8
椅子
100
AcDbVertex
100
AcDb2dVertex
 10
-27.50434934472217
 20
-12.73877187134622
 30
0.0
  0
VERTEX
  5
FA
330
F7
100
AcDbEntity
  8
椅子
100
AcDbVertex
100
AcDb2dVertex
 10
-27.50434934472217
 20
-13.73877187134622
 30
0.0
  0
VERTEX
  5
FB
330
F7
100
AcDbEntity
  8
椅子
100
AcDbVertex
100
AcDb2dVertex
 10
-28.50434934472217
 20
-13.73877187134622
 30
0.0
  0
SEQEND
  5
FC
330
F7
100
AcDbEntity
  8
椅子
  0
POLYLINE
  5
FD
330
1F
100
AcDbEntity
  8
椅子
100
AcDb2dPolyline
 66
     1
 10
0.0
 20
0.0
 30
0.0
 70
     1
  0
VERTEX
  5
FE
330
FD
100
AcDbEntity
  8
椅子
100
AcDbVertex
100
AcDb2dVertex
 10
-28.50434934472217
 20
-11.73877187134622
 30
0.0
  0
VERTEX
  5
FF
330
FD
100
AcDbEntity
  8
椅子
100
AcDbVertex
100
AcDb2dVertex
 10
-27.50434934472217
 20
-11.73877187134622
 30
0.0
  0
VERTEX
  5
100
330
FD
100
AcDbEntity
  8
椅子
100
AcDbVertex
100
AcDb2dVertex
 10
-27.50434934472217
 20
-12.73877187134622
 30
0.0
  0
VERTEX
  5
101
330
FD
100
AcDbEntity
  8
椅子
100
AcDbVertex
100
AcDb2dVertex
 10
-28.50434934472217
 20
-12.73877187134622
 30
0.0
  0
SEQEND
  5
102
330
FD
100
AcDbEntity
  8
椅子
  0
POLYLINE
  5
103
330
1F
100
AcDbEntity
  8
椅子
100
AcDb2dPolyline
 66
     1
 10
0.0
 20
0.0
 30
0.0
 70
     1
  0
VERTEX
  5
104
330
103
100
AcDbEntity
  8
椅子
100
AcDbVertex
100
AcDb2dVertex
 10
-28.50434934472217
 20
-10.73877187134622
 30
0.0
  0
VERTEX
  5
105
330
103
100
AcDbEntity
  8
椅子
100
AcDbVertex
100
AcDb2dVertex
 10
-27.50434934472217
 20
-10.73877187134622
 30
0.0
  0
VERTEX
  5
106
330
103
100
AcDbEntity
  8
椅子
100
AcDbVertex
100
AcDb2dVertex
 10
-27.50434934472217
 20
-11.73877187134622
 30
0.0
  0
VERTEX
  5
107
330
103
100
AcDbEntity
  8
椅子
100
AcDbVertex
100
AcDb2dVertex
 10
-28.50434934472217
 20
-11.73877187134622
 30
0.0
  0
SEQEND
  5
108
330
103
100
AcDbEntity
  8
椅子
  0
POLYLINE
  5
109
330
1F
100
AcDbEntity
  8
椅子
100
AcDb2dPolyline
 66
     1
 10
0.0
 20
0.0
 30
0.0
 70
     1
  0
VERTEX
  5
10A
330
109
100
AcDbEntity
  8
椅子
100
AcDbVertex
100
AcDb2dVertex
 10
-27.50434934472217
 20
-10.73877187134622
 30
0.0
  0
VERTEX
  5
10B
330
109
100
AcDbEntity
  8
椅子
100
AcDbVertex
100
AcDb2dVertex
 10
-26.50434934472217
 20
-10.73877187134622
 30
0.0
  0
VERTEX
  5
10C
330
109
100
AcDbEntity
  8
椅子
100
AcDbVertex
100
AcDb2dVertex
 10
-26.50434934472217
 20
-11.73877187134622
 30
0.0
  0
VERTEX
  5
10D
330
109
100
AcDbEntity
  8
椅子
100
AcDbVertex
100
AcDb2dVertex
 10
-27.50434934472217
 20
-11.73877187134622
 30
0.0
  0
SEQEND
  5
10E
330
109
100
AcDbEntity
  8
椅子
  0
POLYLINE
  5
10F
330
1F
100
AcDbEntity
  8
桌子
100
AcDb2dPolyline
 66
     1
 10
0.0
 20
0.0
 30
0.0
 70
     1
  0
VERTEX
  5
110
330
10F
100
AcDbEntity
  8
桌子
100
AcDbVertex
100
AcDb2dVertex
 10
-20.83007817979911
 20
-7.741231397468569
 30
0.0
  0
VERTEX
  5
111
330
10F
100
AcDbEntity
  8
桌子
100
AcDbVertex
100
AcDb2dVertex
 10
-20.83007817979911
 20
-4.900409784168954
 30
0.0
  0
VERTEX
  5
112
330
10F
100
AcDbEntity
  8
桌子
100
AcDbVertex
100
AcDb2dVertex
 10
-20.43007817979911
 20
-4.900409784168954
 30
0.0
  0
VERTEX
  5
113
330
10F
100
AcDbEntity
  8
桌子
100
AcDbVertex
100
AcDb2dVertex
 10
-20.43007817979911
 20
-7.741231397468569
 30
0.0
  0
SEQEND
  5
114
330
10F
100
AcDbEntity
  8
桌子
  0
POLYLINE
  5
115
330
1F
100
AcDbEntity
  8
桌子
100
AcDb2dPolyline
 66
     1
 10
0.0
 20
0.0
 30
0.0
 70
     1
  0
VERTEX
  5
116
330
115
100
AcDbEntity
  8
桌子
100
AcDbVertex
100
AcDb2dVertex
 10
-21.23007817979911
 20
-4.696001250967995
 30
0.0
  0
VERTEX
  5
117
330
115
100
AcDbEntity
  8
桌子
100
AcDbVertex
100
AcDb2dVertex
 10
-21.83007817979911
 20
-4.696001250967995
 30
0.0
  0
VERTEX
  5
118
330
115
100
AcDbEntity
  8
桌子
100
AcDbVertex
100
AcDb2dVertex
 10
-21.83007817979911
 20
-4.096001250967995
 30
0.0
  0
VERTEX
  5
119
330
115
100
AcDbEntity
  8
桌子
100
AcDbVertex
100
AcDb2dVertex
 10
-21.23007817979911
 20
-4.096001250967995
 30
0.0
  0
SEQEND
  5
11A
330
115
100
AcDbEntity
  8
桌子
  0
POLYLINE
  5
11B
330
1F
100
AcDbEntity
  8
椅子
100
AcDb2dPolyline
 66
     1
 10
0.0
 20
0.0
 30
0.0
 70
     1
  0
VERTEX
  5
11C
330
11B
100
AcDbEntity
  8
椅子
100
AcDbVertex
100
AcDb2dVertex
 10
-24.23007817979911
 20
-7.741231397468569
 30
0.0
  0
VERTEX
  5
11D
330
11B
100
AcDbEntity
  8
椅子
100
AcDbVertex
100
AcDb2dVertex
 10
-24.23007817979911
 20
-6.741231397468569
 30
0.0
  0
VERTEX
  5
11E
330
11B
100
AcDbEntity
  8
椅子
100
AcDbVertex
100
AcDb2dVertex
 10
-20.83007817979911
 20
-6.741231397468569
 30
0.0
  0
VERTEX
  5
11F
330
11B
100
AcDbEntity
  8
椅子
100
AcDbVertex
100
AcDb2dVertex
 10
-20.83007817979911
 20
-7.741231397468569
 30
0.0
  0
SEQEND
  5
120
330
11B
100
AcDbEntity
  8
椅子
  0
POLYLINE
  5
121
330
1F
100
AcDbEntity
  8
椅子
100
AcDb2dPolyline
 66
     1
 10
0.0
 20
0.0
 30
0.0
 70
     1
  0
VERTEX
  5
122
330
121
100
AcDbEntity
  8
椅子
100
AcDbVertex
100
AcDb2dVertex
 10
-20.83007817979911
 20
-6.741231397468569
 30
0.0
  0
VERTEX
  5
123
330
121
100
AcDbEntity
  8
椅子
100
AcDbVertex
100
AcDb2dVertex
 10
-21.83007817979911
 20
-6.741231397468569
 30
0.0
  0
VERTEX
  5
124
330
121
100
AcDbEntity
  8
椅子
100
AcDbVertex
100
AcDb2dVertex
 10
-21.83007817979911
 20
-4.900409784168954
 30
0.0
  0
VERTEX
  5
125
330
121
100
AcDbEntity
  8
椅子
100
AcDbVertex
100
AcDb2dVertex
 10
-20.83007817979911
 20
-4.900409784168954
 30
0.0
  0
SEQEND
  5
126
330
121
100
AcDbEntity
  8
椅子
  0
POLYLINE
  5
127
330
1F
100
AcDbEntity
  8
椅子
100
AcDb2dPolyline
 66
     1
 10
0.0
 20
0.0
 30
0.0
 70
     1
  0
VERTEX
  5
128
330
127
100
AcDbEntity
  8
椅子
100
AcDbVertex
100
AcDb2dVertex
 10
-23.10687051036767
 20
-4.374444362311571
 30
0.0
  0
VERTEX
  5
129
330
127
100
AcDbEntity
  8
椅子
100
AcDbVertex
100
AcDb2dVertex
 10
-22.30687051036767
 20
-4.374444362311571
 30
0.0
  0
VERTEX
  5
12A
330
127
100
AcDbEntity
  8
椅子
100
AcDbVertex
100
AcDb2dVertex
 10
-22.30687051036767
 20
-5.174444362311572
 30
0.0
  0
VERTEX
  5
12B
330
127
100
AcDbEntity
  8
椅子
100
AcDbVertex
100
AcDb2dVertex
 10
-23.10687051036767
 20
-5.174444362311572
 30
0.0
  0
SEQEND
  5
12C
330
127
100
AcDbEntity
  8
椅子
  0
CIRCLE
  5
12D
330
1F
100
AcDbEntity
  8
桌子
100
AcDbCircle
 10
-23.43251179587827
 20
-4.764776764597674
 30
0.0
 40
0.25
  0
POLYLINE
  5
12E
330
1F
100
AcDbEntity
  8
椅子
100
AcDb2dPolyline
 66
     1
 10
0.0
 20
0.0
 30
0.0
 70
     1
  0
VERTEX
  5
12F
330
12E
100
AcDbEntity
  8
椅子
100
AcDbVertex
100
AcDb2dVertex
 10
-24.58531457761249
 20
-4.374444362311571
 30
0.0
  0
VERTEX
  5
130
330
12E
100
AcDbEntity
  8
椅子
100
AcDbVertex
100
AcDb2dVertex
 10
-23.7853145776125
 20
-4.374444362311571
 30
0.0
  0
VERTEX
  5
131
330
12E
100
AcDbEntity
  8
椅子
100
AcDbVertex
100
AcDb2dVertex
 10
-23.7853145776125
 20
-5.174444362311572
 30
0.0
  0
VERTEX
  5
132
330
12E
100
AcDbEntity
  8
椅子
100
AcDbVertex
100
AcDb2dVertex
 10
-24.58531457761249
 20
-5.174444362311572
 30
0.0
  0
SEQEND
  5
133
330
12E
100
AcDbEntity
  8
椅子
  0
CIRCLE
  5
134
330
1F
100
AcDbEntity
  8
椅子
100
AcDbCircle
 10
-27.06419348858542
 20
-7.916855943136673
 30
0.0
 40
0.25
  0
CIRCLE
  5
135
330
1F
100
AcDbEntity
  8
椅子
100
AcDbCircle
 10
-26.44936970221408
 20
-7.941950791559996
 30
0.0
 40
0.25
  0
POLYLINE
  5
136
330
1F
100
AcDbEntity
  8
桌子
100
AcDb2dPolyline
 66
     1
 10
0.0
 20
0.0
 30
0.0
 70
     1
  0
VERTEX
  5
137
330
136
100
AcDbEntity
  8
桌子
100
AcDbVertex
100
AcDb2dVertex
 10
-28.50434934472217
 20
-3.822344070231077
 30
0.0
  0
VERTEX
  5
138
330
136
100
AcDbEntity
  8
桌子
100
AcDbVertex
100
AcDb2dVertex
 10
-26.50434934472217
 20
-3.822344070231077
 30
0.0
  0
VERTEX
  5
139
330
136
100
AcDbEntity
  8
桌子
100
AcDbVertex
100
AcDb2dVertex
 10
-26.50434934472217
 20
-3.522344070231077
 30
0.0
  0
VERTEX
  5
13A
330
136
100
AcDbEntity
  8
桌子
100
AcDbVertex
100
AcDb2dVertex
 10
-28.50434934472217
 20
-3.522344070231077
 30
0.0
  0
SEQEND
  5
13B
330
136
100
AcDbEntity
  8
桌子
  0
POLYLINE
  5
13C
330
1F
100
AcDbEntity
  8
椅子
100
AcDb2dPolyline
 66
     1
 10
0.0
 20
0.0
 30
0.0
 70
     1
  0
VERTEX
  5
13D
330
13C
100
AcDbEntity
  8
椅子
100
AcDbVertex
100
AcDb2dVertex
 10
-28.50434934472217
 20
-4.822344070231077
 30
0.0
  0
VERTEX
  5
13E
330
13C
100
AcDbEntity
  8
椅子
100
AcDbVertex
100
AcDb2dVertex
 10
-27.50434934472217
 20
-4.822344070231077
 30
0.0
  0
VERTEX
  5
13F
330
13C
100
AcDbEntity
  8
椅子
100
AcDbVertex
100
AcDb2dVertex
 10
-27.50434934472217
 20
-7.74123139746857
 30
0.0
  0
VERTEX
  5
140
330
13C
100
AcDbEntity
  8
椅子
100
AcDbVertex
100
AcDb2dVertex
 10
-28.50434934472217
 20
-7.74123139746857
 30
0.0
  0
SEQEND
  5
141
330
13C
100
AcDbEntity
  8
椅子
  0
POLYLINE
  5
142
330
1F
100
AcDbEntity
  8
椅子
100
AcDb2dPolyline
 66
     1
 10
0.0
 20
0.0
 30
0.0
 70
     1
  0
VERTEX
  5
143
330
142
100
AcDbEntity
  8
椅子
100
AcDbVertex
100
AcDb2dVertex
 10
-26.01045411770227
 20
-6.941231397468569
 30
0.0
  0
VERTEX
  5
144
330
142
100
AcDbEntity
  8
椅子
100
AcDbVertex
100
AcDb2dVertex
 10
-25.21045411770228
 20
-6.941231397468569
 30
0.0
  0
VERTEX
  5
145
330
142
100
AcDbEntity
  8
椅子
100
AcDbVertex
100
AcDb2dVertex
 10
-25.21045411770228
 20
-7.74123139746857
 30
0.0
  0
VERTEX
  5
146
330
142
100
AcDbEntity
  8
椅子
100
AcDbVertex
100
AcDb2dVertex
 10
-26.01045411770227
 20
-7.74123139746857
 30
0.0
  0
SEQEND
  5
147
330
142
100
AcDbEntity
  8
椅子
  0
POLYLINE
  5
148
330
1F
100
AcDbEntity
  8
桌子
100
AcDb2dPolyline
 66
     1
 10
0.0
 20
0.0
 30
0.0
 70
     1
  0
VERTEX
  5
149
330
148
100
AcDbEntity
  8
桌子
100
AcDbVertex
100
AcDb2dVertex
 10
-25.21045411770228
 20
-6.741231397468569
 30
0.0
  0
VERTEX
  5
14A
330
148
100
AcDbEntity
  8
桌子
100
AcDbVertex
100
AcDb2dVertex
 10
-25.81045411770228
 20
-6.741231397468569
 30
0.0
  0
VERTEX
  5
14B
330
148
100
AcDbEntity
  8
桌子
100
AcDbVertex
100
AcDb2dVertex
 10
-25.81045411770228
 20
-6.141231397468569
 30
0.0
  0
VERTEX
  5
14C
330
148
100
AcDbEntity
  8
桌子
100
AcDbVertex
100
AcDb2dVertex
 10
-25.21045411770228
 20
-6.141231397468569
 30
0.0
  0
SEQEND
  5
14D
330
148
100
AcDbEntity
  8
桌子
  0
POLYLINE
  5
14E
330
1F
100
AcDbEntity
  8
椅子
100
AcDb2dPolyline
 66
     1
 10
0.0
 20
0.0
 30
0.0
 70
     1
  0
VERTEX
  5
14F
330
14E
100
AcDbEntity
  8
椅子
100
AcDbVertex
100
AcDb2dVertex
 10
-26.01045411770227
 20
-5.141231397468569
 30
0.0
  0
VERTEX
  5
150
330
14E
100
AcDbEntity
  8
椅子
100
AcDbVertex
100
AcDb2dVertex
 10
-25.21045411770228
 20
-5.141231397468569
 30
0.0
  0
VERTEX
  5
151
330
14E
100
AcDbEntity
  8
椅子
100
AcDbVertex
100
AcDb2dVertex
 10
-25.21045411770228
 20
-5.94123139746857
 30
0.0
  0
VERTEX
  5
152
330
14E
100
AcDbEntity
  8
椅子
100
AcDbVertex
100
AcDb2dVertex
 10
-26.01045411770227
 20
-5.94123139746857
 30
0.0
  0
SEQEND
  5
153
330
14E
100
AcDbEntity
  8
椅子
  0
POLYLINE
  5
154
330
1F
100
AcDbEntity
  8
椅子
100
AcDb2dPolyline
 66
     1
 10
0.0
 20
0.0
 30
0.0
 70
     1
  0
VERTEX
  5
155
330
154
100
AcDbEntity
  8
椅子
100
AcDbVertex
100
AcDb2dVertex
 10
-25.50434934472217
 20
-3.822344070231077
 30
0.0
  0
VERTEX
  5
156
330
154
100
AcDbEntity
  8
椅子
100
AcDbVertex
100
AcDb2dVertex
 10
-25.50434934472217
 20
-4.822344070231077
 30
0.0
  0
VERTEX
  5
157
330
154
100
AcDbEntity
  8
椅子
100
AcDbVertex
100
AcDb2dVertex
 10
-28.50434934472217
 20
-4.822344070231077
 30
0.0
  0
VERTEX
  5
158
330
154
100
AcDbEntity
  8
椅子
100
AcDbVertex
100
AcDb2dVertex
 10
-28.50434934472217
 20
-3.822344070231077
 30
0.0
  0
SEQEND
  5
159
330
154
100
AcDbEntity
  8
椅子
  0
POLYLINE
  5
15A
330
1F
100
AcDbEntity
  8
桌子
100
AcDb2dPolyline
 66
     1
 10
0.0
 20
0.0
 30
0.0
 70
     1
  0
VERTEX
  5
15B
330
15A
100
AcDbEntity
  8
桌子
100
AcDbVertex
100
AcDb2dVertex
 10
-26.3493964616687
 20
-6.766084965586465
 30
0.0
  0
VERTEX
  5
15C
330
15A
100
AcDbEntity
  8
桌子
100
AcDbVertex
100
AcDb2dVertex
 10
-27.1493964616687
 20
-6.766084965586465
 30
0.0
  0
VERTEX
  5
15D
330
15A
100
AcDbEntity
  8
桌子
100
AcDbVertex
100
AcDb2dVertex
 10
-27.1493964616687
 20
-5.566084965586465
 30
0.0
  0
VERTEX
  5
15E
330
15A
100
AcDbEntity
  8
桌子
100
AcDbVertex
100
AcDb2dVertex
 10
-26.3493964616687
 20
-5.566084965586465
 30
0.0
  0
SEQEND
  5
15F
330
15A
100
AcDbEntity
  8
桌子
  0
POLYLINE
  5
160
330
1F
100
AcDbEntity
  8
桌子
100
AcDb2dPolyline
 66
     1
 10
0.0
 20
0.0
 30
0.0
 70
     1
  0
VERTEX
  5
161
330
160
100
AcDbEntity
  8
桌子
100
AcDbVertex
100
AcDb2dVertex
 10
-30.2470565936059
 20
-11.03731395352144
 30
0.0
  0
VERTEX
  5
162
330
160
100
AcDbEntity
  8
桌子
100
AcDbVertex
100
AcDb2dVertex
 10
-30.7470565936059
 20
-11.03731395352144
 30
0.0
  0
VERTEX
  5
163
330
160
100
AcDbEntity
  8
桌子
100
AcDbVertex
100
AcDb2dVertex
 10
-30.7470565936059
 20
-18.83731395352144
 30
0.0
  0
VERTEX
  5
164
330
160
100
AcDbEntity
  8
桌子
100
AcDbVertex
100
AcDb2dVertex
 10
-30.2470565936059
 20
-18.83731395352144
 30
0.0
  0
SEQEND
  5
165
330
160
100
AcDbEntity
  8
桌子
  0
POLYLINE
  5
166
330
1F
100
AcDbEntity
  8
桌子
100
AcDb2dPolyline
 66
     1
 10
0.0
 20
0.0
 30
0.0
 70
     1
  0
VERTEX
  5
167
330
166
100
AcDbEntity
  8
桌子
100
AcDbVertex
100
AcDb2dVertex
 10
-30.2470565936059
 20
-1.837313953521446
 30
0.0
  0
VERTEX
  5
168
330
166
100
AcDbEntity
  8
桌子
100
AcDbVertex
100
AcDb2dVertex
 10
-30.2470565936059
 20
-9.837313953521445
 30
0.0
  0
VERTEX
  5
169
330
166
100
AcDbEntity
  8
桌子
100
AcDbVertex
100
AcDb2dVertex
 10
-30.7470565936059
 20
-9.837313953521445
 30
0.0
  0
VERTEX
  5
16A
330
166
100
AcDbEntity
  8
桌子
100
AcDbVertex
100
AcDb2dVertex
 10
-30.7470565936059
 20
-1.837313953521446
 30
0.0
  0
SEQEND
  5
16B
330
166
100
AcDbEntity
  8
桌子
  0
POLYLINE
  5
16C
330
1F
100
AcDbEntity
  8
桌子
100
AcDb2dPolyline
 66
     1
 10
0.0
 20
0.0
 30
0.0
 70
     1
  0
VERTEX
  5
16D
330
16C
100
AcDbEntity
  8
桌子
100
AcDbVertex
100
AcDb2dVertex
 10
-22.92124519657121
 20
-17.4723779081854
 30
0.0
  0
VERTEX
  5
16E
330
16C
100
AcDbEntity
  8
桌子
100
AcDbVertex
100
AcDb2dVertex
 10
-22.92124519657121
 20
-16.4723779081854
 30
0.0
  0
VERTEX
  5
16F
330
16C
100
AcDbEntity
  8
桌子
100
AcDbVertex
100
AcDb2dVertex
 10
-21.12124519657121
 20
-16.4723779081854
 30
0.0
  0
VERTEX
  5
170
330
16C
100
AcDbEntity
  8
桌子
100
AcDbVertex
100
AcDb2dVertex
 10
-21.12124519657121
 20
-17.4723779081854
 30
0.0
  0
SEQEND
  5
171
330
16C
100
AcDbEntity
  8
桌子
  0
POLYLINE
  5
172
330
1F
100
AcDbEntity
  8
椅子
100
AcDb2dPolyline
 66
     1
 10
0.0
 20
0.0
 30
0.0
 70
     1
  0
VERTEX
  5
173
330
172
100
AcDbEntity
  8
椅子
100
AcDbVertex
100
AcDb2dVertex
 10
-22.62124519657121
 20
-16.37237790818541
 30
0.0
  0
VERTEX
  5
174
330
172
100
AcDbEntity
  8
椅子
100
AcDbVertex
100
AcDb2dVertex
 10
-22.22124519657121
 20
-16.37237790818541
 30
0.0
  0
VERTEX
  5
175
330
172
100
AcDbEntity
  8
椅子
100
AcDbVertex
100
AcDb2dVertex
 10
-22.22124519657121
 20
-15.9723779081854
 30
0.0
  0
VERTEX
  5
176
330
172
100
AcDbEntity
  8
椅子
100
AcDbVertex
100
AcDb2dVertex
 10
-22.62124519657121
 20
-15.9723779081854
 30
0.0
  0
SEQEND
  5
177
330
172
100
AcDbEntity
  8
椅子
  0
POLYLINE
  5
178
330
1F
100
AcDbEntity
  8
椅子
100
AcDb2dPolyline
 66
     1
 10
0.0
 20
0.0
 30
0.0
 70
     1
  0
VERTEX
  5
179
330
178
100
AcDbEntity
  8
椅子
100
AcDbVertex
100
AcDb2dVertex
 10
-21.8212451965712
 20
-16.37237790818541
 30
0.0
  0
VERTEX
  5
17A
330
178
100
AcDbEntity
  8
椅子
100
AcDbVertex
100
AcDb2dVertex
 10
-21.4212451965712
 20
-16.37237790818541
 30
0.0
  0
VERTEX
  5
17B
330
178
100
AcDbEntity
  8
椅子
100
AcDbVertex
100
AcDb2dVertex
 10
-21.4212451965712
 20
-15.9723779081854
 30
0.0
  0
VERTEX
  5
17C
330
178
100
AcDbEntity
  8
椅子
100
AcDbVertex
100
AcDb2dVertex
 10
-21.8212451965712
 20
-15.9723779081854
 30
0.0
  0
SEQEND
  5
17D
330
178
100
AcDbEntity
  8
椅子
  0
POLYLINE
  5
17E
330
1F
100
AcDbEntity
  8
椅子
100
AcDb2dPolyline
 66
     1
 10
0.0
 20
0.0
 30
0.0
 70
     1
  0
VERTEX
  5
17F
330
17E
100
AcDbEntity
  8
椅子
100
AcDbVertex
100
AcDb2dVertex
 10
-22.62124519657121
 20
-17.57237790818541
 30
0.0
  0
VERTEX
  5
180
330
17E
100
AcDbEntity
  8
椅子
100
AcDbVertex
100
AcDb2dVertex
 10
-22.22124519657121
 20
-17.57237790818541
 30
0.0
  0
VERTEX
  5
181
330
17E
100
AcDbEntity
  8
椅子
100
AcDbVertex
100
AcDb2dVertex
 10
-22.22124519657121
 20
-17.97237790818542
 30
0.0
  0
VERTEX
  5
182
330
17E
100
AcDbEntity
  8
椅子
100
AcDbVertex
100
AcDb2dVertex
 10
-22.62124519657121
 20
-17.97237790818542
 30
0.0
  0
SEQEND
  5
183
330
17E
100
AcDbEntity
  8
椅子
  0
POLYLINE
  5
184
330
1F
100
AcDbEntity
  8
椅子
100
AcDb2dPolyline
 66
     1
 10
0.0
 20
0.0
 30
0.0
 70
     1
  0
VERTEX
  5
185
330
184
100
AcDbEntity
  8
椅子
100
AcDbVertex
100
AcDb2dVertex
 10
-21.82124519657121
 20
-17.57237790818541
 30
0.0
  0
VERTEX
  5
186
330
184
100
AcDbEntity
  8
椅子
100
AcDbVertex
100
AcDb2dVertex
 10
-21.42124519657121
 20
-17.57237790818541
 30
0.0
  0
VERTEX
  5
187
330
184
100
AcDbEntity
  8
椅子
100
AcDbVertex
100
AcDb2dVertex
 10
-21.42124519657121
 20
-17.97237790818542
 30
0.0
  0
VERTEX
  5
188
330
184
100
AcDbEntity
  8
椅子
100
AcDbVertex
100
AcDb2dVertex
 10
-21.82124519657121
 20
-17.97237790818542
 30
0.0
  0
SEQEND
  5
189
330
184
100
AcDbEntity
  8
椅子
  0
POLYLINE
  5
18A
330
1F
100
AcDbEntity
  8
椅子
100
AcDb2dPolyline
 66
     1
 10
0.0
 20
0.0
 30
0.0
 70
     1
  0
VERTEX
  5
18B
330
18A
100
AcDbEntity
  8
椅子
100
AcDbVertex
100
AcDb2dVertex
 10
-24.22124519657121
 20
-17.57237790818541
 30
0.0
  0
VERTEX
  5
18C
330
18A
100
AcDbEntity
  8
椅子
100
AcDbVertex
100
AcDb2dVertex
 10
-23.8212451965712
 20
-17.57237790818541
 30
0.0
  0
VERTEX
  5
18D
330
18A
100
AcDbEntity
  8
椅子
100
AcDbVertex
100
AcDb2dVertex
 10
-23.82124519657121
 20
-17.97237790818542
 30
0.0
  0
VERTEX
  5
18E
330
18A
100
AcDbEntity
  8
椅子
100
AcDbVertex
100
AcDb2dVertex
 10
-24.22124519657121
 20
-17.97237790818542
 30
0.0
  0
SEQEND
  5
18F
330
18A
100
AcDbEntity
  8
椅子
  0
POLYLINE
  5
190
330
1F
100
AcDbEntity
  8
椅子
100
AcDb2dPolyline
 66
     1
 10
0.0
 20
0.0
 30
0.0
 70
     1
  0
VERTEX
  5
191
330
190
100
AcDbEntity
  8
椅子
100
AcDbVertex
100
AcDb2dVertex
 10
-25.0212451965712
 20
-17.57237790818541
 30
0.0
  0
VERTEX
  5
192
330
190
100
AcDbEntity
  8
椅子
100
AcDbVertex
100
AcDb2dVertex
 10
-24.62124519657121
 20
-17.57237790818541
 30
0.0
  0
VERTEX
  5
193
330
190
100
AcDbEntity
  8
椅子
100
AcDbVertex
100
AcDb2dVertex
 10
-24.62124519657121
 20
-17.97237790818542
 30
0.0
  0
VERTEX
  5
194
330
190
100
AcDbEntity
  8
椅子
100
AcDbVertex
100
AcDb2dVertex
 10
-25.02124519657121
 20
-17.97237790818542
 30
0.0
  0
SEQEND
  5
195
330
190
100
AcDbEntity
  8
椅子
  0
POLYLINE
  5
196
330
1F
100
AcDbEntity
  8
椅子
100
AcDb2dPolyline
 66
     1
 10
0.0
 20
0.0
 30
0.0
 70
     1
  0
VERTEX
  5
197
330
196
100
AcDbEntity
  8
椅子
100
AcDbVertex
100
AcDb2dVertex
 10
-24.2212451965712
 20
-16.37237790818541
 30
0.0
  0
VERTEX
  5
198
330
196
100
AcDbEntity
  8
椅子
100
AcDbVertex
100
AcDb2dVertex
 10
-23.8212451965712
 20
-16.37237790818541
 30
0.0
  0
VERTEX
  5
199
330
196
100
AcDbEntity
  8
椅子
100
AcDbVertex
100
AcDb2dVertex
 10
-23.8212451965712
 20
-15.9723779081854
 30
0.0
  0
VERTEX
  5
19A
330
196
100
AcDbEntity
  8
椅子
100
AcDbVertex
100
AcDb2dVertex
 10
-24.2212451965712
 20
-15.9723779081854
 30
0.0
  0
SEQEND
  5
19B
330
196
100
AcDbEntity
  8
椅子
  0
POLYLINE
  5
19C
330
1F
100
AcDbEntity
  8
椅子
100
AcDb2dPolyline
 66
     1
 10
0.0
 20
0.0
 30
0.0
 70
     1
  0
VERTEX
  5
19D
330
19C
100
AcDbEntity
  8
椅子
100
AcDbVertex
100
AcDb2dVertex
 10
-25.0212451965712
 20
-16.37237790818541
 30
0.0
  0
VERTEX
  5
19E
330
19C
100
AcDbEntity
  8
椅子
100
AcDbVertex
100
AcDb2dVertex
 10
-24.62124519657121
 20
-16.37237790818541
 30
0.0
  0
VERTEX
  5
19F
330
19C
100
AcDbEntity
  8
椅子
100
AcDbVertex
100
AcDb2dVertex
 10
-24.62124519657121
 20
-15.9723779081854
 30
0.0
  0
VERTEX
  5
1A0
330
19C
100
AcDbEntity
  8
椅子
100
AcDbVertex
100
AcDb2dVertex
 10
-25.0212451965712
 20
-15.9723779081854
 30
0.0
  0
SEQEND
  5
1A1
330
19C
100
AcDbEntity
  8
椅子
  0
POLYLINE
  5
1A2
330
1F
100
AcDbEntity
  8
桌子
100
AcDb2dPolyline
 66
     1
 10
0.0
 20
0.0
 30
0.0
 70
     1
  0
VERTEX
  5
1A3
330
1A2
100
AcDbEntity
  8
桌子
100
AcDbVertex
100
AcDb2dVertex
 10
-25.3212451965712
 20
-17.4723779081854
 30
0.0
  0
VERTEX
  5
1A4
330
1A2
100
AcDbEntity
  8
桌子
100
AcDbVertex
100
AcDb2dVertex
 10
-25.3212451965712
 20
-16.4723779081854
 30
0.0
  0
VERTEX
  5
1A5
330
1A2
100
AcDbEntity
  8
桌子
100
AcDbVertex
100
AcDb2dVertex
 10
-23.5212451965712
 20
-16.4723779081854
 30
0.0
  0
VERTEX
  5
1A6
330
1A2
100
AcDbEntity
  8
桌子
100
AcDbVertex
100
AcDb2dVertex
 10
-23.5212451965712
 20
-17.4723779081854
 30
0.0
  0
SEQEND
  5
1A7
330
1A2
100
AcDbEntity
  8
桌子
  0
POLYLINE
  5
1A8
330
1F
100
AcDbEntity
  8
椅子
100
AcDb2dPolyline
 66
     1
 10
0.0
 20
0.0
 30
0.0
 70
     1
  0
VERTEX
  5
1A9
330
1A8
100
AcDbEntity
  8
椅子
100
AcDbVertex
100
AcDb2dVertex
 10
-26.62124519657121
 20
-17.57237790818541
 30
0.0
  0
VERTEX
  5
1AA
330
1A8
100
AcDbEntity
  8
椅子
100
AcDbVertex
100
AcDb2dVertex
 10
-26.2212451965712
 20
-17.57237790818541
 30
0.0
  0
VERTEX
  5
1AB
330
1A8
100
AcDbEntity
  8
椅子
100
AcDbVertex
100
AcDb2dVertex
 10
-26.22124519657121
 20
-17.97237790818542
 30
0.0
  0
VERTEX
  5
1AC
330
1A8
100
AcDbEntity
  8
椅子
100
AcDbVertex
100
AcDb2dVertex
 10
-26.62124519657121
 20
-17.97237790818542
 30
0.0
  0
SEQEND
  5
1AD
330
1A8
100
AcDbEntity
  8
椅子
  0
POLYLINE
  5
1AE
330
1F
100
AcDbEntity
  8
椅子
100
AcDb2dPolyline
 66
     1
 10
0.0
 20
0.0
 30
0.0
 70
     1
  0
VERTEX
  5
1AF
330
1AE
100
AcDbEntity
  8
椅子
100
AcDbVertex
100
AcDb2dVertex
 10
-27.4212451965712
 20
-17.57237790818541
 30
0.0
  0
VERTEX
  5
1B0
330
1AE
100
AcDbEntity
  8
椅子
100
AcDbVertex
100
AcDb2dVertex
 10
-27.0212451965712
 20
-17.57237790818541
 30
0.0
  0
VERTEX
  5
1B1
330
1AE
100
AcDbEntity
  8
椅子
100
AcDbVertex
100
AcDb2dVertex
 10
-27.0212451965712
 20
-17.97237790818542
 30
0.0
  0
VERTEX
  5
1B2
330
1AE
100
AcDbEntity
  8
椅子
100
AcDbVertex
100
AcDb2dVertex
 10
-27.42124519657121
 20
-17.97237790818542
 30
0.0
  0
SEQEND
  5
1B3
330
1AE
100
AcDbEntity
  8
椅子
  0
POLYLINE
  5
1B4
330
1F
100
AcDbEntity
  8
椅子
100
AcDb2dPolyline
 66
     1
 10
0.0
 20
0.0
 30
0.0
 70
     1
  0
VERTEX
  5
1B5
330
1B4
100
AcDbEntity
  8
椅子
100
AcDbVertex
100
AcDb2dVertex
 10
-26.6212451965712
 20
-16.37237790818541
 30
0.0
  0
VERTEX
  5
1B6
330
1B4
100
AcDbEntity
  8
椅子
100
AcDbVertex
100
AcDb2dVertex
 10
-26.2212451965712
 20
-16.37237790818541
 30
0.0
  0
VERTEX
  5
1B7
330
1B4
100
AcDbEntity
  8
椅子
100
AcDbVertex
100
AcDb2dVertex
 10
-26.2212451965712
 20
-15.9723779081854
 30
0.0
  0
VERTEX
  5
1B8
330
1B4
100
AcDbEntity
  8
椅子
100
AcDbVertex
100
AcDb2dVertex
 10
-26.6212451965712
 20
-15.9723779081854
 30
0.0
  0
SEQEND
  5
1B9
330
1B4
100
AcDbEntity
  8
椅子
  0
POLYLINE
  5
1BA
330
1F
100
AcDbEntity
  8
椅子
100
AcDb2dPolyline
 66
     1
 10
0.0
 20
0.0
 30
0.0
 70
     1
  0
VERTEX
  5
1BB
330
1BA
100
AcDbEntity
  8
椅子
100
AcDbVertex
100
AcDb2dVertex
 10
-27.4212451965712
 20
-16.37237790818541
 30
0.0
  0
VERTEX
  5
1BC
330
1BA
100
AcDbEntity
  8
椅子
100
AcDbVertex
100
AcDb2dVertex
 10
-27.0212451965712
 20
-16.37237790818541
 30
0.0
  0
VERTEX
  5
1BD
330
1BA
100
AcDbEntity
  8
椅子
100
AcDbVertex
100
AcDb2dVertex
 10
-27.0212451965712
 20
-15.9723779081854
 30
0.0
  0
VERTEX
  5
1BE
330
1BA
100
AcDbEntity
  8
椅子
100
AcDbVertex
100
AcDb2dVertex
 10
-27.4212451965712
 20
-15.9723779081854
 30
0.0
  0
SEQEND
  5
1BF
330
1BA
100
AcDbEntity
  8
椅子
  0
POLYLINE
  5
1C0
330
1F
100
AcDbEntity
  8
桌子
100
AcDb2dPolyline
 66
     1
 10
0.0
 20
0.0
 30
0.0
 70
     1
  0
VERTEX
  5
1C1
330
1C0
100
AcDbEntity
  8
桌子
100
AcDbVertex
100
AcDb2dVertex
 10
-27.7212451965712
 20
-17.4723779081854
 30
0.0
  0
VERTEX
  5
1C2
330
1C0
100
AcDbEntity
  8
桌子
100
AcDbVertex
100
AcDb2dVertex
 10
-27.7212451965712
 20
-16.4723779081854
 30
0.0
  0
VERTEX
  5
1C3
330
1C0
100
AcDbEntity
  8
桌子
100
AcDbVertex
100
AcDb2dVertex
 10
-25.9212451965712
 20
-16.4723779081854
 30
0.0
  0
VERTEX
  5
1C4
330
1C0
100
AcDbEntity
  8
桌子
100
AcDbVertex
100
AcDb2dVertex
 10
-25.9212451965712
 20
-17.4723779081854
 30
0.0
  0
SEQEND
  5
1C5
330
1C0
100
AcDbEntity
  8
桌子
  0
POLYLINE
  5
1C7
330
1F
100
AcDbEntity
  8
墙体
100
AcDb2dPolyline
 66
     1
 10
0.0
 20
0.0
 30
0.0
 70
     1
  0
VERTEX
  5
1C8
330
1C7
100
AcDbEntity
  8
墙体
100
AcDbVertex
100
AcDb2dVertex
 10
-22.18190868181459
 20
-21.13697526075392
 30
0.0
  0
VERTEX
  5
1C9
330
1C7
100
AcDbEntity
  8
墙体
100
AcDbVertex
100
AcDb2dVertex
 10
-20.98190868181459
 20
-21.13697526075392
 30
0.0
  0
VERTEX
  5
1CA
330
1C7
100
AcDbEntity
  8
墙体
100
AcDbVertex
100
AcDb2dVertex
 10
-20.98190868181459
 20
-19.03697526075392
 30
0.0
  0
VERTEX
  5
1CB
330
1C7
100
AcDbEntity
  8
墙体
100
AcDbVertex
100
AcDb2dVertex
 10
-22.18190868181459
 20
-19.03697526075392
 30
0.0
  0
SEQEND
  5
1CC
330
1C7
100
AcDbEntity
  8
墙体
  0
POLYLINE
  5
1CD
330
1F
100
AcDbEntity
  8
墙体
100
AcDb2dPolyline
 66
     1
 10
0.0
 20
0.0
 30
0.0
 70
     1
  0
VERTEX
  5
1CE
330
1CD
100
AcDbEntity
  8
墙体
100
AcDbVertex
100
AcDb2dVertex
 10
-22.18190868181459
 20
-11.03731395352144
 30
0.0
  0
VERTEX
  5
1CF
330
1CD
100
AcDbEntity
  8
墙体
100
AcDbVertex
100
AcDb2dVertex
 10
-20.98190868181459
 20
-11.03731395352144
 30
0.0
  0
VERTEX
  5
1D0
330
1CD
100
AcDbEntity
  8
墙体
100
AcDbVertex
100
AcDb2dVertex
 10
-20.98190868181459
 20
-9.837313953521445
 30
0.0
  0
VERTEX
  5
1D1
330
1CD
100
AcDbEntity
  8
墙体
100
AcDbVertex
100
AcDb2dVertex
 10
-22.18190868181459
 20
-9.837313953521445
 30
0.0
  0
SEQEND
  5
1D2
330
1CD
100
AcDbEntity
  8
墙体
  0
POLYLINE
  5
1D3
330
1F
100
AcDbEntity
  8
墙体
100
AcDb2dPolyline
 66
     1
 10
0.0
 20
0.0
 30
0.0
 70
     1
  0
VERTEX
  5
1D4
330
1D3
100
AcDbEntity
  8
墙体
100
AcDbVertex
100
AcDb2dVertex
 10
-22.18190868181459
 20
-1.837313953521446
 30
0.0
  0
VERTEX
  5
1D5
330
1D3
100
AcDbEntity
  8
墙体
100
AcDbVertex
100
AcDb2dVertex
 10
-20.98190868181459
 20
-1.837313953521446
 30
0.0
  0
VERTEX
  5
1D6
330
1D3
100
AcDbEntity
  8
墙体
100
AcDbVertex
100
AcDb2dVertex
 10
-20.98190868181459
 20
-0.6373139535214465
 30
0.0
  0
VERTEX
  5
1D7
330
1D3
100
AcDbEntity
  8
墙体
100
AcDbVertex
100
AcDb2dVertex
 10
-22.18190868181459
 20
-0.6373139535214465
 30
0.0
  0
SEQEND
  5
1D8
330
1D3
100
AcDbEntity
  8
墙体
  0
POLYLINE
  5
1D9
330
1F
100
AcDbEntity
  8
墙体
100
AcDb2dPolyline
 66
     1
 10
0.0
 20
0.0
 30
0.0
 70
     1
  0
VERTEX
  5
1DA
330
1D9
100
AcDbEntity
  8
墙体
100
AcDbVertex
100
AcDb2dVertex
 10
-21.59332660504233
 20
2.962686046478554
 30
0.0
  0
VERTEX
  5
1DB
330
1D9
100
AcDbEntity
  8
墙体
100
AcDbVertex
100
AcDb2dVertex
 10
-21.39332660504233
 20
2.962686046478554
 30
0.0
  0
VERTEX
  5
1DC
330
1D9
100
AcDbEntity
  8
墙体
100
AcDbVertex
100
AcDb2dVertex
 10
-21.39332660504233
 20
2.762686046478553
 30
0.0
  0
VERTEX
  5
1DD
330
1D9
100
AcDbEntity
  8
墙体
100
AcDbVertex
100
AcDb2dVertex
 10
-21.59332660504233
 20
2.762686046478553
 30
0.0
  0
SEQEND
  5
1DE
330
1D9
100
AcDbEntity
  8
墙体
  0
POLYLINE
  5
1E0
330
1F
100
AcDbEntity
  8
柜子
100
AcDb2dPolyline
 66
     1
 10
0.0
 20
0.0
 30
0.0
 70
     1
  0
VERTEX
  5
1E1
330
1E0
100
AcDbEntity
  8
柜子
100
AcDbVertex
100
AcDb2dVertex
 10
-15.410415294611
 20
2.762686046478553
 30
0.0
  0
VERTEX
  5
1E2
330
1E0
100
AcDbEntity
  8
柜子
100
AcDbVertex
100
AcDb2dVertex
 10
-15.93959661647876
 20
2.762686046478553
 30
0.0
  0
VERTEX
  5
1E3
330
1E0
100
AcDbEntity
  8
柜子
100
AcDbVertex
100
AcDb2dVertex
 10
-15.93959661647876
 20
1.162686046478553
 30
0.0
  0
VERTEX
  5
1E4
330
1E0
100
AcDbEntity
  8
柜子
100
AcDbVertex
100
AcDb2dVertex
 10
-15.410415294611
 20
1.162686046478553
 30
0.0
  0
SEQEND
  5
1E5
330
1E0
100
AcDbEntity
  8
柜子
  0
POLYLINE
  5
1E6
330
1F
100
AcDbEntity
  8
虚线
100
AcDb2dPolyline
 66
     1
 10
0.0
 20
0.0
 30
0.0
 70
     1
  0
VERTEX
  5
1E7
330
1E6
100
AcDbEntity
  8
虚线
100
AcDbVertex
100
AcDb2dVertex
 10
-12.81041529461099
 20
1.162686046478553
 30
0.0
  0
VERTEX
  5
1E8
330
1E6
100
AcDbEntity
  8
虚线
100
AcDbVertex
100
AcDb2dVertex
 10
-12.81041529461099
 20
-0.6373139535214474
 30
0.0
  0
VERTEX
  5
1E9
330
1E6
100
AcDbEntity
  8
虚线
100
AcDbVertex
100
AcDb2dVertex
 10
-12.91041529461099
 20
-0.6373139535214474
 30
0.0
  0
VERTEX
  5
1EA
330
1E6
100
AcDbEntity
  8
虚线
100
AcDbVertex
100
AcDb2dVertex
 10
-12.91041529461099
 20
1.162686046478553
 30
0.0
  0
SEQEND
  5
1EB
330
1E6
100
AcDbEntity
  8
虚线
  0
POLYLINE
  5
1EC
330
1F
100
AcDbEntity
  8
墙体
100
AcDb2dPolyline
 66
     1
 10
0.0
 20
0.0
 30
0.0
 70
     1
  0
VERTEX
  5
1ED
330
1EC
100
AcDbEntity
  8
墙体
100
AcDbVertex
100
AcDb2dVertex
 10
-12.81041529461099
 20
2.762686046478553
 30
0.0
  0
VERTEX
  5
1EE
330
1EC
100
AcDbEntity
  8
墙体
100
AcDbVertex
100
AcDb2dVertex
 10
-12.81041529461099
 20
1.162686046478553
 30
0.0
  0
VERTEX
  5
1EF
330
1EC
100
AcDbEntity
  8
墙体
100
AcDbVertex
100
AcDb2dVertex
 10
-12.91041529461099
 20
1.162686046478553
 30
0.0
  0
VERTEX
  5
1F0
330
1EC
100
AcDbEntity
  8
墙体
100
AcDbVertex
100
AcDb2dVertex
 10
-12.91041529461099
 20
2.762686046478553
 30
0.0
  0
SEQEND
  5
1F1
330
1EC
100
AcDbEntity
  8
墙体
  0
POLYLINE
  5
1F2
330
1F
100
AcDbEntity
  8
椅子
100
AcDb2dPolyline
 66
     1
 10
0.0
 20
0.0
 30
0.0
 70
     1
  0
VERTEX
  5
1F3
330
1F2
100
AcDbEntity
  8
椅子
100
AcDbVertex
100
AcDb2dVertex
 10
-12.91041529461099
 20
2.762686046478553
 30
0.0
  0
VERTEX
  5
1F4
330
1F2
100
AcDbEntity
  8
椅子
100
AcDbVertex
100
AcDb2dVertex
 10
-13.510415294611
 20
2.762686046478553
 30
0.0
  0
VERTEX
  5
1F5
330
1F2
100
AcDbEntity
  8
椅子
100
AcDbVertex
100
AcDb2dVertex
 10
-13.510415294611
 20
1.162686046478553
 30
0.0
  0
VERTEX
  5
1F6
330
1F2
100
AcDbEntity
  8
椅子
100
AcDbVertex
100
AcDb2dVertex
 10
-12.91041529461099
 20
1.162686046478553
 30
0.0
  0
SEQEND
  5
1F7
330
1F2
100
AcDbEntity
  8
椅子
  0
POLYLINE
  5
1F8
330
1F
100
AcDbEntity
  8
椅子
100
AcDb2dPolyline
 66
     1
 10
0.0
 20
0.0
 30
0.0
 70
     1
  0
VERTEX
  5
1F9
330
1F8
100
AcDbEntity
  8
椅子
100
AcDbVertex
100
AcDb2dVertex
 10
-14.71041529461099
 20
2.762686046478553
 30
0.0
  0
VERTEX
  5
1FA
330
1F8
100
AcDbEntity
  8
椅子
100
AcDbVertex
100
AcDb2dVertex
 10
-15.310415294611
 20
2.762686046478553
 30
0.0
  0
VERTEX
  5
1FB
330
1F8
100
AcDbEntity
  8
椅子
100
AcDbVertex
100
AcDb2dVertex
 10
-15.310415294611
 20
1.162686046478553
 30
0.0
  0
VERTEX
  5
1FC
330
1F8
100
AcDbEntity
  8
椅子
100
AcDbVertex
100
AcDb2dVertex
 10
-14.71041529461099
 20
1.162686046478553
 30
0.0
  0
SEQEND
  5
1FD
330
1F8
100
AcDbEntity
  8
椅子
  0
POLYLINE
  5
1FE
330
1F
100
AcDbEntity
  8
桌子
100
AcDb2dPolyline
 66
     1
 10
0.0
 20
0.0
 30
0.0
 70
     1
  0
VERTEX
  5
1FF
330
1FE
100
AcDbEntity
  8
桌子
100
AcDbVertex
100
AcDb2dVertex
 10
-13.61041529461099
 20
2.762686046478553
 30
0.0
  0
VERTEX
  5
200
330
1FE
100
AcDbEntity
  8
桌子
100
AcDbVertex
100
AcDb2dVertex
 10
-14.61041529461099
 20
2.762686046478553
 30
0.0
  0
VERTEX
  5
201
330
1FE
100
AcDbEntity
  8
桌子
100
AcDbVertex
100
AcDb2dVertex
 10
-14.61041529461099
 20
1.162686046478553
 30
0.0
  0
VERTEX
  5
202
330
1FE
100
AcDbEntity
  8
桌子
100
AcDbVertex
100
AcDb2dVertex
 10
-13.61041529461099
 20
1.162686046478553
 30
0.0
  0
SEQEND
  5
203
330
1FE
100
AcDbEntity
  8
桌子
  0
POLYLINE
  5
204
330
1F
100
AcDbEntity
  8
墙体
100
AcDb2dPolyline
 66
     1
 10
0.0
 20
0.0
 30
0.0
 70
     1
  0
VERTEX
  5
205
330
204
100
AcDbEntity
  8
墙体
100
AcDbVertex
100
AcDb2dVertex
 10
-15.310415294611
 20
2.762686046478553
 30
0.0
  0
VERTEX
  5
206
330
204
100
AcDbEntity
  8
墙体
100
AcDbVertex
100
AcDb2dVertex
 10
-15.310415294611
 20
1.162686046478553
 30
0.0
  0
VERTEX
  5
207
330
204
100
AcDbEntity
  8
墙体
100
AcDbVertex
100
AcDb2dVertex
 10
-15.410415294611
 20
1.162686046478553
 30
0.0
  0
VERTEX
  5
208
330
204
100
AcDbEntity
  8
墙体
100
AcDbVertex
100
AcDb2dVertex
 10
-15.410415294611
 20
2.762686046478553
 30
0.0
  0
SEQEND
  5
209
330
204
100
AcDbEntity
  8
墙体
  0
POLYLINE
  5
20A
330
1F
100
AcDbEntity
  8
柜子
100
AcDb2dPolyline
 66
     1
 10
0.0
 20
0.0
 30
0.0
 70
     1
  0
VERTEX
  5
20B
330
20A
100
AcDbEntity
  8
柜子
100
AcDbVertex
100
AcDb2dVertex
 10
-18.53959661647877
 20
2.762686046478553
 30
0.0
  0
VERTEX
  5
20C
330
20A
100
AcDbEntity
  8
柜子
100
AcDbVertex
100
AcDb2dVertex
 10
-19.79332660504233
 20
2.762686046478553
 30
0.0
  0
VERTEX
  5
20D
330
20A
100
AcDbEntity
  8
柜子
100
AcDbVertex
100
AcDb2dVertex
 10
-19.79332660504233
 20
1.162686046478553
 30
0.0
  0
VERTEX
  5
20E
330
20A
100
AcDbEntity
  8
柜子
100
AcDbVertex
100
AcDb2dVertex
 10
-18.53959661647877
 20
1.162686046478553
 30
0.0
  0
SEQEND
  5
20F
330
20A
100
AcDbEntity
  8
柜子
  0
POLYLINE
  5
210
330
1F
100
AcDbEntity
  8
墙体
100
AcDb2dPolyline
 66
     1
 10
0.0
 20
0.0
 30
0.0
 70
     1
  0
VERTEX
  5
211
330
210
100
AcDbEntity
  8
墙体
100
AcDbVertex
100
AcDb2dVertex
 10
-19.89332660504233
 20
2.762686046478553
 30
0.0
  0
VERTEX
  5
212
330
210
100
AcDbEntity
  8
墙体
100
AcDbVertex
100
AcDb2dVertex
 10
-19.89332660504233
 20
1.162686046478553
 30
0.0
  0
VERTEX
  5
213
330
210
100
AcDbEntity
  8
墙体
100
AcDbVertex
100
AcDb2dVertex
 10
-19.79332660504233
 20
1.162686046478553
 30
0.0
  0
VERTEX
  5
214
330
210
100
AcDbEntity
  8
墙体
100
AcDbVertex
100
AcDb2dVertex
 10
-19.79332660504233
 20
2.762686046478553
 30
0.0
  0
SEQEND
  5
215
330
210
100
AcDbEntity
  8
墙体
  0
POLYLINE
  5
216
330
1F
100
AcDbEntity
  8
墙体
100
AcDb2dPolyline
 66
     1
 10
0.0
 20
0.0
 30
0.0
 70
     1
  0
VERTEX
  5
217
330
216
100
AcDbEntity
  8
墙体
100
AcDbVertex
100
AcDb2dVertex
 10
-18.43959661647877
 20
2.762686046478553
 30
0.0
  0
VERTEX
  5
218
330
216
100
AcDbEntity
  8
墙体
100
AcDbVertex
100
AcDb2dVertex
 10
-18.43959661647877
 20
1.162686046478553
 30
0.0
  0
VERTEX
  5
219
330
216
100
AcDbEntity
  8
墙体
100
AcDbVertex
100
AcDb2dVertex
 10
-18.53959661647877
 20
1.162686046478553
 30
0.0
  0
VERTEX
  5
21A
330
216
100
AcDbEntity
  8
墙体
100
AcDbVertex
100
AcDb2dVertex
 10
-18.53959661647877
 20
2.762686046478553
 30
0.0
  0
SEQEND
  5
21B
330
216
100
AcDbEntity
  8
墙体
  0
POLYLINE
  5
21C
330
1F
100
AcDbEntity
  8
椅子
100
AcDb2dPolyline
 66
     1
 10
0.0
 20
0.0
 30
0.0
 70
     1
  0
VERTEX
  5
21D
330
21C
100
AcDbEntity
  8
椅子
100
AcDbVertex
100
AcDb2dVertex
 10
-18.43959661647877
 20
2.762686046478553
 30
0.0
  0
VERTEX
  5
21E
330
21C
100
AcDbEntity
  8
椅子
100
AcDbVertex
100
AcDb2dVertex
 10
-17.83959661647877
 20
2.762686046478553
 30
0.0
  0
VERTEX
  5
21F
330
21C
100
AcDbEntity
  8
椅子
100
AcDbVertex
100
AcDb2dVertex
 10
-17.83959661647877
 20
1.162686046478553
 30
0.0
  0
VERTEX
  5
220
330
21C
100
AcDbEntity
  8
椅子
100
AcDbVertex
100
AcDb2dVertex
 10
-18.43959661647877
 20
1.162686046478553
 30
0.0
  0
SEQEND
  5
221
330
21C
100
AcDbEntity
  8
椅子
  0
POLYLINE
  5
222
330
1F
100
AcDbEntity
  8
椅子
100
AcDb2dPolyline
 66
     1
 10
0.0
 20
0.0
 30
0.0
 70
     1
  0
VERTEX
  5
223
330
222
100
AcDbEntity
  8
椅子
100
AcDbVertex
100
AcDb2dVertex
 10
-16.63959661647877
 20
2.762686046478553
 30
0.0
  0
VERTEX
  5
224
330
222
100
AcDbEntity
  8
椅子
100
AcDbVertex
100
AcDb2dVertex
 10
-16.03959661647876
 20
2.762686046478553
 30
0.0
  0
VERTEX
  5
225
330
222
100
AcDbEntity
  8
椅子
100
AcDbVertex
100
AcDb2dVertex
 10
-16.03959661647876
 20
1.162686046478553
 30
0.0
  0
VERTEX
  5
226
330
222
100
AcDbEntity
  8
椅子
100
AcDbVertex
100
AcDb2dVertex
 10
-16.63959661647877
 20
1.162686046478553
 30
0.0
  0
SEQEND
  5
227
330
222
100
AcDbEntity
  8
椅子
  0
POLYLINE
  5
228
330
1F
100
AcDbEntity
  8
桌子
100
AcDb2dPolyline
 66
     1
 10
0.0
 20
0.0
 30
0.0
 70
     1
  0
VERTEX
  5
229
330
228
100
AcDbEntity
  8
桌子
100
AcDbVertex
100
AcDb2dVertex
 10
-17.73959661647877
 20
2.762686046478553
 30
0.0
  0
VERTEX
  5
22A
330
228
100
AcDbEntity
  8
桌子
100
AcDbVertex
100
AcDb2dVertex
 10
-16.73959661647877
 20
2.762686046478553
 30
0.0
  0
VERTEX
  5
22B
330
228
100
AcDbEntity
  8
桌子
100
AcDbVertex
100
AcDb2dVertex
 10
-16.73959661647877
 20
1.162686046478553
 30
0.0
  0
VERTEX
  5
22C
330
228
100
AcDbEntity
  8
桌子
100
AcDbVertex
100
AcDb2dVertex
 10
-17.73959661647877
 20
1.162686046478553
 30
0.0
  0
SEQEND
  5
22D
330
228
100
AcDbEntity
  8
桌子
  0
POLYLINE
  5
22E
330
1F
100
AcDbEntity
  8
墙体
100
AcDb2dPolyline
 66
     1
 10
0.0
 20
0.0
 30
0.0
 70
     1
  0
VERTEX
  5
22F
330
22E
100
AcDbEntity
  8
墙体
100
AcDbVertex
100
AcDb2dVertex
 10
-16.03959661647876
 20
2.762686046478553
 30
0.0
  0
VERTEX
  5
230
330
22E
100
AcDbEntity
  8
墙体
100
AcDbVertex
100
AcDb2dVertex
 10
-16.03959661647876
 20
1.162686046478553
 30
0.0
  0
VERTEX
  5
231
330
22E
100
AcDbEntity
  8
墙体
100
AcDbVertex
100
AcDb2dVertex
 10
-15.93959661647876
 20
1.162686046478553
 30
0.0
  0
VERTEX
  5
232
330
22E
100
AcDbEntity
  8
墙体
100
AcDbVertex
100
AcDb2dVertex
 10
-15.93959661647876
 20
2.762686046478553
 30
0.0
  0
SEQEND
  5
233
330
22E
100
AcDbEntity
  8
墙体
  0
POLYLINE
  5
234
330
1F
100
AcDbEntity
  8
柜子
100
AcDb2dPolyline
 66
     1
 10
0.0
 20
0.0
 30
0.0
 70
     1
  0
VERTEX
  5
235
330
234
100
AcDbEntity
  8
柜子
100
AcDbVertex
100
AcDb2dVertex
 10
-24.4470565936059
 20
2.762686046478553
 30
0.0
  0
VERTEX
  5
236
330
234
100
AcDbEntity
  8
柜子
100
AcDbVertex
100
AcDb2dVertex
 10
-23.19332660504233
 20
2.762686046478553
 30
0.0
  0
VERTEX
  5
237
330
234
100
AcDbEntity
  8
柜子
100
AcDbVertex
100
AcDb2dVertex
 10
-23.19332660504233
 20
1.162686046478553
 30
0.0
  0
VERTEX
  5
238
330
234
100
AcDbEntity
  8
柜子
100
AcDbVertex
100
AcDb2dVertex
 10
-24.4470565936059
 20
1.162686046478553
 30
0.0
  0
SEQEND
  5
239
330
234
100
AcDbEntity
  8
柜子
  0
POLYLINE
  5
23A
330
1F
100
AcDbEntity
  8
墙体
100
AcDb2dPolyline
 66
     1
 10
0.0
 20
0.0
 30
0.0
 70
     1
  0
VERTEX
  5
23B
330
23A
100
AcDbEntity
  8
墙体
100
AcDbVertex
100
AcDb2dVertex
 10
-23.09332660504233
 20
2.762686046478553
 30
0.0
  0
VERTEX
  5
23C
330
23A
100
AcDbEntity
  8
墙体
100
AcDbVertex
100
AcDb2dVertex
 10
-23.09332660504233
 20
1.162686046478553
 30
0.0
  0
VERTEX
  5
23D
330
23A
100
AcDbEntity
  8
墙体
100
AcDbVertex
100
AcDb2dVertex
 10
-23.19332660504233
 20
1.162686046478553
 30
0.0
  0
VERTEX
  5
23E
330
23A
100
AcDbEntity
  8
墙体
100
AcDbVertex
100
AcDb2dVertex
 10
-23.19332660504233
 20
2.762686046478553
 30
0.0
  0
SEQEND
  5
23F
330
23A
100
AcDbEntity
  8
墙体
  0
POLYLINE
  5
240
330
1F
100
AcDbEntity
  8
柜子
100
AcDb2dPolyline
 66
     1
 10
0.0
 20
0.0
 30
0.0
 70
     1
  0
VERTEX
  5
241
330
240
100
AcDbEntity
  8
柜子
100
AcDbVertex
100
AcDb2dVertex
 10
-28.2470565936059
 20
2.762686046478553
 30
0.0
  0
VERTEX
  5
242
330
240
100
AcDbEntity
  8
柜子
100
AcDbVertex
100
AcDb2dVertex
 10
-27.0470565936059
 20
2.762686046478553
 30
0.0
  0
VERTEX
  5
243
330
240
100
AcDbEntity
  8
柜子
100
AcDbVertex
100
AcDb2dVertex
 10
-27.0470565936059
 20
1.162686046478553
 30
0.0
  0
VERTEX
  5
244
330
240
100
AcDbEntity
  8
柜子
100
AcDbVertex
100
AcDb2dVertex
 10
-28.2470565936059
 20
1.162686046478553
 30
0.0
  0
SEQEND
  5
245
330
240
100
AcDbEntity
  8
柜子
  0
POLYLINE
  5
246
330
1F
100
AcDbEntity
  8
墙体
100
AcDb2dPolyline
 66
     1
 10
0.0
 20
0.0
 30
0.0
 70
     1
  0
VERTEX
  5
247
330
246
100
AcDbEntity
  8
墙体
100
AcDbVertex
100
AcDb2dVertex
 10
-24.5470565936059
 20
2.762686046478553
 30
0.0
  0
VERTEX
  5
248
330
246
100
AcDbEntity
  8
墙体
100
AcDbVertex
100
AcDb2dVertex
 10
-24.5470565936059
 20
1.162686046478553
 30
0.0
  0
VERTEX
  5
249
330
246
100
AcDbEntity
  8
墙体
100
AcDbVertex
100
AcDb2dVertex
 10
-24.4470565936059
 20
1.162686046478553
 30
0.0
  0
VERTEX
  5
24A
330
246
100
AcDbEntity
  8
墙体
100
AcDbVertex
100
AcDb2dVertex
 10
-24.4470565936059
 20
2.762686046478553
 30
0.0
  0
SEQEND
  5
24B
330
246
100
AcDbEntity
  8
墙体
  0
POLYLINE
  5
24C
330
1F
100
AcDbEntity
  8
椅子
100
AcDb2dPolyline
 66
     1
 10
0.0
 20
0.0
 30
0.0
 70
     1
  0
VERTEX
  5
24D
330
24C
100
AcDbEntity
  8
椅子
100
AcDbVertex
100
AcDb2dVertex
 10
-24.5470565936059
 20
2.762686046478553
 30
0.0
  0
VERTEX
  5
24E
330
24C
100
AcDbEntity
  8
椅子
100
AcDbVertex
100
AcDb2dVertex
 10
-25.1470565936059
 20
2.762686046478553
 30
0.0
  0
VERTEX
  5
24F
330
24C
100
AcDbEntity
  8
椅子
100
AcDbVertex
100
AcDb2dVertex
 10
-25.1470565936059
 20
1.162686046478553
 30
0.0
  0
VERTEX
  5
250
330
24C
100
AcDbEntity
  8
椅子
100
AcDbVertex
100
AcDb2dVertex
 10
-24.5470565936059
 20
1.162686046478553
 30
0.0
  0
SEQEND
  5
251
330
24C
100
AcDbEntity
  8
椅子
  0
POLYLINE
  5
252
330
1F
100
AcDbEntity
  8
椅子
100
AcDb2dPolyline
 66
     1
 10
0.0
 20
0.0
 30
0.0
 70
     1
  0
VERTEX
  5
253
330
252
100
AcDbEntity
  8
椅子
100
AcDbVertex
100
AcDb2dVertex
 10
-26.3470565936059
 20
2.762686046478553
 30
0.0
  0
VERTEX
  5
254
330
252
100
AcDbEntity
  8
椅子
100
AcDbVertex
100
AcDb2dVertex
 10
-26.9470565936059
 20
2.762686046478553
 30
0.0
  0
VERTEX
  5
255
330
252
100
AcDbEntity
  8
椅子
100
AcDbVertex
100
AcDb2dVertex
 10
-26.9470565936059
 20
1.162686046478553
 30
0.0
  0
VERTEX
  5
256
330
252
100
AcDbEntity
  8
椅子
100
AcDbVertex
100
AcDb2dVertex
 10
-26.3470565936059
 20
1.162686046478553
 30
0.0
  0
SEQEND
  5
257
330
252
100
AcDbEntity
  8
椅子
  0
POLYLINE
  5
258
330
1F
100
AcDbEntity
  8
桌子
100
AcDb2dPolyline
 66
     1
 10
0.0
 20
0.0
 30
0.0
 70
     1
  0
VERTEX
  5
259
330
258
100
AcDbEntity
  8
桌子
100
AcDbVertex
100
AcDb2dVertex
 10
-25.2470565936059
 20
2.762686046478553
 30
0.0
  0
VERTEX
  5
25A
330
258
100
AcDbEntity
  8
桌子
100
AcDbVertex
100
AcDb2dVertex
 10
-26.2470565936059
 20
2.762686046478553
 30
0.0
  0
VERTEX
  5
25B
330
258
100
AcDbEntity
  8
桌子
100
AcDbVertex
100
AcDb2dVertex
 10
-26.2470565936059
 20
1.162686046478553
 30
0.0
  0
VERTEX
  5
25C
330
258
100
AcDbEntity
  8
桌子
100
AcDbVertex
100
AcDb2dVertex
 10
-25.2470565936059
 20
1.162686046478553
 30
0.0
  0
SEQEND
  5
25D
330
258
100
AcDbEntity
  8
桌子
  0
POLYLINE
  5
25E
330
1F
100
AcDbEntity
  8
墙体
100
AcDb2dPolyline
 66
     1
 10
0.0
 20
0.0
 30
0.0
 70
     1
  0
VERTEX
  5
25F
330
25E
100
AcDbEntity
  8
墙体
100
AcDbVertex
100
AcDb2dVertex
 10
-26.9470565936059
 20
2.762686046478553
 30
0.0
  0
VERTEX
  5
260
330
25E
100
AcDbEntity
  8
墙体
100
AcDbVertex
100
AcDb2dVertex
 10
-26.9470565936059
 20
1.162686046478553
 30
0.0
  0
VERTEX
  5
261
330
25E
100
AcDbEntity
  8
墙体
100
AcDbVertex
100
AcDb2dVertex
 10
-27.0470565936059
 20
1.162686046478553
 30
0.0
  0
VERTEX
  5
262
330
25E
100
AcDbEntity
  8
墙体
100
AcDbVertex
100
AcDb2dVertex
 10
-27.0470565936059
 20
2.762686046478553
 30
0.0
  0
SEQEND
  5
263
330
25E
100
AcDbEntity
  8
墙体
  0
POLYLINE
  5
264
330
1F
100
AcDbEntity
  8
墙体
100
AcDb2dPolyline
 66
     1
 10
0.0
 20
0.0
 30
0.0
 70
     1
  0
VERTEX
  5
265
330
264
100
AcDbEntity
  8
墙体
100
AcDbVertex
100
AcDb2dVertex
 10
-28.3470565936059
 20
2.762686046478553
 30
0.0
  0
VERTEX
  5
266
330
264
100
AcDbEntity
  8
墙体
100
AcDbVertex
100
AcDb2dVertex
 10
-28.3470565936059
 20
1.162686046478553
 30
0.0
  0
VERTEX
  5
267
330
264
100
AcDbEntity
  8
墙体
100
AcDbVertex
100
AcDb2dVertex
 10
-28.2470565936059
 20
1.162686046478553
 30
0.0
  0
VERTEX
  5
268
330
264
100
AcDbEntity
  8
墙体
100
AcDbVertex
100
AcDb2dVertex
 10
-28.2470565936059
 20
2.762686046478553
 30
0.0
  0
SEQEND
  5
269
330
264
100
AcDbEntity
  8
墙体
  0
POLYLINE
  5
26A
330
1F
100
AcDbEntity
  8
桌子
100
AcDb2dPolyline
 66
     1
 10
0.0
 20
0.0
 30
0.0
 70
     1
  0
VERTEX
  5
26B
330
26A
100
AcDbEntity
  8
桌子
100
AcDbVertex
100
AcDb2dVertex
 10
-30.04705659360591
 20
2.762686046478553
 30
0.0
  0
VERTEX
  5
26C
330
26A
100
AcDbEntity
  8
桌子
100
AcDbVertex
100
AcDb2dVertex
 10
-29.04705659360591
 20
2.762686046478553
 30
0.0
  0
VERTEX
  5
26D
330
26A
100
AcDbEntity
  8
桌子
100
AcDbVertex
100
AcDb2dVertex
 10
-29.04705659360591
 20
1.162686046478553
 30
0.0
  0
VERTEX
  5
26E
330
26A
100
AcDbEntity
  8
桌子
100
AcDbVertex
100
AcDb2dVertex
 10
-30.04705659360591
 20
1.162686046478553
 30
0.0
  0
SEQEND
  5
26F
330
26A
100
AcDbEntity
  8
桌子
  0
POLYLINE
  5
270
330
1F
100
AcDbEntity
  8
椅子
100
AcDb2dPolyline
 66
     1
 10
0.0
 20
0.0
 30
0.0
 70
     1
  0
VERTEX
  5
271
330
270
100
AcDbEntity
  8
椅子
100
AcDbVertex
100
AcDb2dVertex
 10
-28.9470565936059
 20
2.762686046478553
 30
0.0
  0
VERTEX
  5
272
330
270
100
AcDbEntity
  8
椅子
100
AcDbVertex
100
AcDb2dVertex
 10
-28.3470565936059
 20
2.762686046478553
 30
0.0
  0
VERTEX
  5
273
330
270
100
AcDbEntity
  8
椅子
100
AcDbVertex
100
AcDb2dVertex
 10
-28.3470565936059
 20
1.162686046478553
 30
0.0
  0
VERTEX
  5
274
330
270
100
AcDbEntity
  8
椅子
100
AcDbVertex
100
AcDb2dVertex
 10
-28.9470565936059
 20
1.162686046478553
 30
0.0
  0
SEQEND
  5
275
330
270
100
AcDbEntity
  8
椅子
  0
POLYLINE
  5
276
330
1F
100
AcDbEntity
  8
椅子
100
AcDb2dPolyline
 66
     1
 10
0.0
 20
0.0
 30
0.0
 70
     1
  0
VERTEX
  5
277
330
276
100
AcDbEntity
  8
椅子
100
AcDbVertex
100
AcDb2dVertex
 10
-30.7470565936059
 20
2.762686046478553
 30
0.0
  0
VERTEX
  5
278
330
276
100
AcDbEntity
  8
椅子
100
AcDbVertex
100
AcDb2dVertex
 10
-30.1470565936059
 20
2.762686046478553
 30
0.0
  0
VERTEX
  5
279
330
276
100
AcDbEntity
  8
椅子
100
AcDbVertex
100
AcDb2dVertex
 10
-30.1470565936059
 20
1.162686046478553
 30
0.0
  0
VERTEX
  5
27A
330
276
100
AcDbEntity
  8
椅子
100
AcDbVertex
100
AcDb2dVertex
 10
-30.7470565936059
 20
1.162686046478553
 30
0.0
  0
SEQEND
  5
27B
330
276
100
AcDbEntity
  8
椅子
  0
POLYLINE
  5
27C
330
1F
100
AcDbEntity
  8
柜子
100
AcDb2dPolyline
 66
     1
 10
0.0
 20
0.0
 30
0.0
 70
     1
  0
VERTEX
  5
27D
330
27C
100
AcDbEntity
  8
柜子
100
AcDbVertex
100
AcDb2dVertex
 10
-16.78190868181459
 20
-17.33697526075392
 30
0.0
  0
VERTEX
  5
27E
330
27C
100
AcDbEntity
  8
柜子
100
AcDbVertex
100
AcDb2dVertex
 10
-13.18190868181459
 20
-17.33697526075392
 30
0.0
  0
VERTEX
  5
27F
330
27C
100
AcDbEntity
  8
柜子
100
AcDbVertex
100
AcDb2dVertex
 10
-13.18190868181459
 20
-16.93697526075392
 30
0.0
  0
VERTEX
  5
280
330
27C
100
AcDbEntity
  8
柜子
100
AcDbVertex
100
AcDb2dVertex
 10
-16.78190868181459
 20
-16.93697526075392
 30
0.0
  0
SEQEND
  5
281
330
27C
100
AcDbEntity
  8
柜子
  0
POLYLINE
  5
282
330
1F
100
AcDbEntity
  8
椅子
100
AcDb2dPolyline
 66
     1
 10
0.0
 20
0.0
 30
0.0
 70
     1
  0
VERTEX
  5
283
330
282
100
AcDbEntity
  8
椅子
100
AcDbVertex
100
AcDb2dVertex
 10
-15.24073699737109
 20
-16.14047120440068
 30
0.0
  0
VERTEX
  5
284
330
282
100
AcDbEntity
  8
椅子
100
AcDbVertex
100
AcDb2dVertex
 10
-14.84073699737109
 20
-16.14047120440068
 30
0.0
  0
VERTEX
  5
285
330
282
100
AcDbEntity
  8
椅子
100
AcDbVertex
100
AcDb2dVertex
 10
-14.84073699737109
 20
-15.74047120440068
 30
0.0
  0
VERTEX
  5
286
330
282
100
AcDbEntity
  8
椅子
100
AcDbVertex
100
AcDb2dVertex
 10
-15.24073699737109
 20
-15.74047120440068
 30
0.0
  0
SEQEND
  5
287
330
282
100
AcDbEntity
  8
椅子
  0
POLYLINE
  5
288
330
1F
100
AcDbEntity
  8
椅子
100
AcDb2dPolyline
 66
     1
 10
0.0
 20
0.0
 30
0.0
 70
     1
  0
VERTEX
  5
289
330
288
100
AcDbEntity
  8
椅子
100
AcDbVertex
100
AcDb2dVertex
 10
-14.64073699737109
 20
-16.14047120440068
 30
0.0
  0
VERTEX
  5
28A
330
288
100
AcDbEntity
  8
椅子
100
AcDbVertex
100
AcDb2dVertex
 10
-14.2407369973711
 20
-16.14047120440068
 30
0.0
  0
VERTEX
  5
28B
330
288
100
AcDbEntity
  8
椅子
100
AcDbVertex
100
AcDb2dVertex
 10
-14.2407369973711
 20
-15.74047120440068
 30
0.0
  0
VERTEX
  5
28C
330
288
100
AcDbEntity
  8
椅子
100
AcDbVertex
100
AcDb2dVertex
 10
-14.64073699737109
 20
-15.74047120440068
 30
0.0
  0
SEQEND
  5
28D
330
288
100
AcDbEntity
  8
椅子
  0
POLYLINE
  5
28F
330
1F
100
AcDbEntity
  8
玻璃
100
AcDb2dPolyline
 66
     1
 10
0.0
 20
0.0
 30
0.0
 70
     1
  0
VERTEX
  5
290
330
28F
100
AcDbEntity
  8
玻璃
100
AcDbVertex
100
AcDb2dVertex
 10
-15.78190868181459
 20
-11.21197526075392
 30
0.0
  0
VERTEX
  5
291
330
28F
100
AcDbEntity
  8
玻璃
100
AcDbVertex
100
AcDb2dVertex
 10
-17.90690868181459
 20
-11.21197526075392
 30
0.0
  0
VERTEX
  5
292
330
28F
100
AcDbEntity
  8
玻璃
100
AcDbVertex
100
AcDb2dVertex
 10
-17.90690868181459
 20
-11.26197526075392
 30
0.0
  0
VERTEX
  5
293
330
28F
100
AcDbEntity
  8
玻璃
100
AcDbVertex
100
AcDb2dVertex
 10
-15.78190868181459
 20
-11.26197526075392
 30
0.0
  0
SEQEND
  5
294
330
28F
100
AcDbEntity
  8
玻璃
  0
POLYLINE
  5
295
330
1F
100
AcDbEntity
  8
玻璃
100
AcDb2dPolyline
 66
     1
 10
0.0
 20
0.0
 30
0.0
 70
     1
  0
VERTEX
  5
296
330
295
100
AcDbEntity
  8
玻璃
100
AcDbVertex
100
AcDb2dVertex
 10
-17.90690868181459
 20
-11.13697526075392
 30
0.0
  0
VERTEX
  5
297
330
295
100
AcDbEntity
  8
玻璃
100
AcDbVertex
100
AcDb2dVertex
 10
-17.90690868181459
 20
-0.712313953521447
 30
0.0
  0
VERTEX
  5
298
330
295
100
AcDbEntity
  8
玻璃
100
AcDbVertex
100
AcDb2dVertex
 10
-17.85690868181459
 20
-0.712313953521447
 30
0.0
  0
VERTEX
  5
299
330
295
100
AcDbEntity
  8
玻璃
100
AcDbVertex
100
AcDb2dVertex
 10
-17.85690868181459
 20
-11.13697526075392
 30
0.0
  0
SEQEND
  5
29A
330
295
100
AcDbEntity
  8
玻璃
  0
POLYLINE
  5
29B
330
1F
100
AcDbEntity
  8
玻璃
100
AcDb2dPolyline
 66
     1
 10
0.0
 20
0.0
 30
0.0
 70
     1
  0
VERTEX
  5
29C
330
29B
100
AcDbEntity
  8
玻璃
100
AcDbVertex
100
AcDb2dVertex
 10
-13.18190868181459
 20
-11.21197526075392
 30
0.0
  0
VERTEX
  5
29D
330
29B
100
AcDbEntity
  8
玻璃
100
AcDbVertex
100
AcDb2dVertex
 10
-14.18190868181459
 20
-11.21197526075392
 30
0.0
  0
VERTEX
  5
29E
330
29B
100
AcDbEntity
  8
玻璃
100
AcDbVertex
100
AcDb2dVertex
 10
-14.18190868181459
 20
-11.26197526075392
 30
0.0
  0
VERTEX
  5
29F
330
29B
100
AcDbEntity
  8
玻璃
100
AcDbVertex
100
AcDb2dVertex
 10
-13.18190868181459
 20
-11.26197526075392
 30
0.0
  0
SEQEND
  5
2A0
330
29B
100
AcDbEntity
  8
玻璃
  0
POLYLINE
  5
2A1
330
1F
100
AcDbEntity
  8
玻璃
100
AcDb2dPolyline
 66
     1
 10
0.0
 20
0.0
 30
0.0
 70
     1
  0
VERTEX
  5
2A2
330
2A1
100
AcDbEntity
  8
玻璃
100
AcDbVertex
100
AcDb2dVertex
 10
-17.78190868181459
 20
-0.7123139535214473
 30
0.0
  0
VERTEX
  5
2A3
330
2A1
100
AcDbEntity
  8
玻璃
100
AcDbVertex
100
AcDb2dVertex
 10
-12.81041529461099
 20
-0.7123139535214473
 30
0.0
  0
VERTEX
  5
2A4
330
2A1
100
AcDbEntity
  8
玻璃
100
AcDbVertex
100
AcDb2dVertex
 10
-12.81041529461099
 20
-0.7623139535214474
 30
0.0
  0
VERTEX
  5
2A5
330
2A1
100
AcDbEntity
  8
玻璃
100
AcDbVertex
100
AcDb2dVertex
 10
-17.78190868181459
 20
-0.7623139535214474
 30
0.0
  0
SEQEND
  5
2A6
330
2A1
100
AcDbEntity
  8
玻璃
  0
POLYLINE
  5
2A7
330
1F
100
AcDbEntity
  8
墙体
100
AcDb2dPolyline
 66
     1
 10
0.0
 20
0.0
 30
0.0
 70
     1
  0
VERTEX
  5
2A8
330
2A7
100
AcDbEntity
  8
墙体
100
AcDbVertex
100
AcDb2dVertex
 10
-17.78190868181459
 20
-0.6373139535214474
 30
0.0
  0
VERTEX
  5
2A9
330
2A7
100
AcDbEntity
  8
墙体
100
AcDbVertex
100
AcDb2dVertex
 10
-12.81041529461099
 20
-0.6373139535214474
 30
0.0
  0
VERTEX
  5
2AA
330
2A7
100
AcDbEntity
  8
墙体
100
AcDbVertex
100
AcDb2dVertex
 10
-12.81041529461099
 20
-0.8373139535214473
 30
0.0
  0
VERTEX
  5
2AB
330
2A7
100
AcDbEntity
  8
墙体
100
AcDbVertex
100
AcDb2dVertex
 10
-17.78190868181459
 20
-0.8373139535214473
 30
0.0
  0
SEQEND
  5
2AC
330
2A7
100
AcDbEntity
  8
墙体
  0
POLYLINE
  5
2AD
330
1F
100
AcDbEntity
  8
虚线
100
AcDb2dPolyline
 66
     1
 10
0.0
 20
0.0
 30
0.0
 70
     1
  0
VERTEX
  5
2AE
330
2AD
100
AcDbEntity
  8
虚线
100
AcDbVertex
100
AcDb2dVertex
 10
-15.78190868181459
 20
-11.13697526075392
 30
0.0
  0
VERTEX
  5
2AF
330
2AD
100
AcDbEntity
  8
虚线
100
AcDbVertex
100
AcDb2dVertex
 10
-14.18190868181459
 20
-11.13697526075392
 30
0.0
  0
VERTEX
  5
2B0
330
2AD
100
AcDbEntity
  8
虚线
100
AcDbVertex
100
AcDb2dVertex
 10
-14.18190868181459
 20
-11.33697526075392
 30
0.0
  0
VERTEX
  5
2B1
330
2AD
100
AcDbEntity
  8
虚线
100
AcDbVertex
100
AcDb2dVertex
 10
-15.78190868181459
 20
-11.33697526075392
 30
0.0
  0
SEQEND
  5
2B2
330
2AD
100
AcDbEntity
  8
虚线
  0
POLYLINE
  5
2B3
330
1F
100
AcDbEntity
  8
墙体
100
AcDb2dPolyline
 66
     1
 10
0.0
 20
0.0
 30
0.0
 70
     1
  0
VERTEX
  5
2B4
330
2B3
100
AcDbEntity
  8
墙体
100
AcDbVertex
100
AcDb2dVertex
 10
-13.18190868181459
 20
-11.13697526075392
 30
0.0
  0
VERTEX
  5
2B5
330
2B3
100
AcDbEntity
  8
墙体
100
AcDbVertex
100
AcDb2dVertex
 10
-14.18190868181459
 20
-11.13697526075392
 30
0.0
  0
VERTEX
  5
2B6
330
2B3
100
AcDbEntity
  8
墙体
100
AcDbVertex
100
AcDb2dVertex
 10
-14.18190868181459
 20
-11.33697526075392
 30
0.0
  0
VERTEX
  5
2B7
330
2B3
100
AcDbEntity
  8
墙体
100
AcDbVertex
100
AcDb2dVertex
 10
-13.18190868181459
 20
-11.33697526075392
 30
0.0
  0
SEQEND
  5
2B8
330
2B3
100
AcDbEntity
  8
墙体
  0
POLYLINE
  5
2B9
330
1F
100
AcDbEntity
  8
墙体
100
AcDb2dPolyline
 66
     1
 10
0.0
 20
0.0
 30
0.0
 70
     1
  0
VERTEX
  5
2BA
330
2B9
100
AcDbEntity
  8
墙体
100
AcDbVertex
100
AcDb2dVertex
 10
-15.78190868181459
 20
-11.13697526075392
 30
0.0
  0
VERTEX
  5
2BB
330
2B9
100
AcDbEntity
  8
墙体
100
AcDbVertex
100
AcDb2dVertex
 10
-17.98190868181459
 20
-11.13697526075392
 30
0.0
  0
VERTEX
  5
2BC
330
2B9
100
AcDbEntity
  8
墙体
100
AcDbVertex
100
AcDb2dVertex
 10
-17.98190868181459
 20
-11.33697526075392
 30
0.0
  0
VERTEX
  5
2BD
330
2B9
100
AcDbEntity
  8
墙体
100
AcDbVertex
100
AcDb2dVertex
 10
-15.78190868181459
 20
-11.33697526075392
 30
0.0
  0
SEQEND
  5
2BE
330
2B9
100
AcDbEntity
  8
墙体
  0
POLYLINE
  5
2BF
330
1F
100
AcDbEntity
  8
墙体
100
AcDb2dPolyline
 66
     1
 10
0.0
 20
0.0
 30
0.0
 70
     1
  0
VERTEX
  5
2C0
330
2BF
100
AcDbEntity
  8
墙体
100
AcDbVertex
100
AcDb2dVertex
 10
-17.98190868181459
 20
-11.13697526075392
 30
0.0
  0
VERTEX
  5
2C1
330
2BF
100
AcDbEntity
  8
墙体
100
AcDbVertex
100
AcDb2dVertex
 10
-17.98190868181459
 20
-0.6373139535214474
 30
0.0
  0
VERTEX
  5
2C2
330
2BF
100
AcDbEntity
  8
墙体
100
AcDbVertex
100
AcDb2dVertex
 10
-17.78190868181459
 20
-0.6373139535214474
 30
0.0
  0
VERTEX
  5
2C3
330
2BF
100
AcDbEntity
  8
墙体
100
AcDbVertex
100
AcDb2dVertex
 10
-17.78190868181459
 20
-11.13697526075392
 30
0.0
  0
SEQEND
  5
2C4
330
2BF
100
AcDbEntity
  8
墙体
  0
POLYLINE
  5
2C5
330
1F
100
AcDbEntity
  8
墙体
100
AcDb2dPolyline
 66
     1
 10
0.0
 20
0.0
 30
0.0
 70
     1
  0
VERTEX
  5
2C6
330
2C5
100
AcDbEntity
  8
墙体
100
AcDbVertex
100
AcDb2dVertex
 10
-12.98190868181459
 20
-13.54047120440068
 30
0.0
  0
VERTEX
  5
2C7
330
2C5
100
AcDbEntity
  8
墙体
100
AcDbVertex
100
AcDb2dVertex
 10
-12.98190868181459
 20
-11.13697526075392
 30
0.0
  0
VERTEX
  5
2C8
330
2C5
100
AcDbEntity
  8
墙体
100
AcDbVertex
100
AcDb2dVertex
 10
-13.18190868181459
 20
-11.13697526075392
 30
0.0
  0
VERTEX
  5
2C9
330
2C5
100
AcDbEntity
  8
墙体
100
AcDbVertex
100
AcDb2dVertex
 10
-13.18190868181459
 20
-13.54047120440068
 30
0.0
  0
SEQEND
  5
2CA
330
2C5
100
AcDbEntity
  8
墙体
  0
POLYLINE
  5
2CB
330
1F
100
AcDbEntity
  8
虚线
100
AcDb2dPolyline
 66
     1
 10
0.0
 20
0.0
 30
0.0
 70
     1
  0
VERTEX
  5
2CC
330
2CB
100
AcDbEntity
  8
虚线
100
AcDbVertex
100
AcDb2dVertex
 10
-12.98190868181459
 20
-14.74047120440068
 30
0.0
  0
VERTEX
  5
2CD
330
2CB
100
AcDbEntity
  8
虚线
100
AcDbVertex
100
AcDb2dVertex
 10
-12.98190868181459
 20
-13.54047120440068
 30
0.0
  0
VERTEX
  5
2CE
330
2CB
100
AcDbEntity
  8
虚线
100
AcDbVertex
100
AcDb2dVertex
 10
-13.18190868181459
 20
-13.54047120440068
 30
0.0
  0
VERTEX
  5
2CF
330
2CB
100
AcDbEntity
  8
虚线
100
AcDbVertex
100
AcDb2dVertex
 10
-13.18190868181459
 20
-14.74047120440068
 30
0.0
  0
SEQEND
  5
2D0
330
2CB
100
AcDbEntity
  8
虚线
  0
POLYLINE
  5
2D1
330
1F
100
AcDbEntity
  8
墙体
100
AcDb2dPolyline
 66
     1
 10
0.0
 20
0.0
 30
0.0
 70
     1
  0
VERTEX
  5
2D2
330
2D1
100
AcDbEntity
  8
墙体
100
AcDbVertex
100
AcDb2dVertex
 10
-12.98190868181459
 20
-17.33697526075392
 30
0.0
  0
VERTEX
  5
2D3
330
2D1
100
AcDbEntity
  8
墙体
100
AcDbVertex
100
AcDb2dVertex
 10
-12.98190868181459
 20
-14.74047120440068
 30
0.0
  0
VERTEX
  5
2D4
330
2D1
100
AcDbEntity
  8
墙体
100
AcDbVertex
100
AcDb2dVertex
 10
-13.18190868181459
 20
-14.74047120440068
 30
0.0
  0
VERTEX
  5
2D5
330
2D1
100
AcDbEntity
  8
墙体
100
AcDbVertex
100
AcDb2dVertex
 10
-13.18190868181459
 20
-17.33697526075392
 30
0.0
  0
SEQEND
  5
2D6
330
2D1
100
AcDbEntity
  8
墙体
  0
POLYLINE
  5
2D7
330
1F
100
AcDbEntity
  8
桌子
100
AcDb2dPolyline
 66
     1
 10
0.0
 20
0.0
 30
0.0
 70
     1
  0
VERTEX
  5
2D8
330
2D7
100
AcDbEntity
  8
桌子
100
AcDbVertex
100
AcDb2dVertex
 10
-13.18190868181459
 20
-15.64047120440068
 30
0.0
  0
VERTEX
  5
2D9
330
2D7
100
AcDbEntity
  8
桌子
100
AcDbVertex
100
AcDb2dVertex
 10
-13.18190868181459
 20
-14.74047120440068
 30
0.0
  0
VERTEX
  5
2DA
330
2D7
100
AcDbEntity
  8
桌子
100
AcDbVertex
100
AcDb2dVertex
 10
-16.78190868181459
 20
-14.74047120440068
 30
0.0
  0
VERTEX
  5
2DB
330
2D7
100
AcDbEntity
  8
桌子
100
AcDbVertex
100
AcDb2dVertex
 10
-16.78190868181459
 20
-15.64047120440068
 30
0.0
  0
SEQEND
  5
2DC
330
2D7
100
AcDbEntity
  8
桌子
  0
POLYLINE
  5
2DD
330
1F
100
AcDbEntity
  8
墙体
100
AcDb2dPolyline
 66
     1
 10
0.0
 20
0.0
 30
0.0
 70
     1
  0
VERTEX
  5
2DE
330
2DD
100
AcDbEntity
  8
墙体
100
AcDbVertex
100
AcDb2dVertex
 10
-16.78190868181459
 20
-21.13697526075392
 30
0.0
  0
VERTEX
  5
2DF
330
2DD
100
AcDbEntity
  8
墙体
100
AcDbVertex
100
AcDb2dVertex
 10
-16.78190868181459
 20
-17.33697526075392
 30
0.0
  0
VERTEX
  5
2E0
330
2DD
100
AcDbEntity
  8
墙体
100
AcDbVertex
100
AcDb2dVertex
 10
-12.98190868181459
 20
-17.33697526075392
 30
0.0
  0
VERTEX
  5
2E1
330
2DD
100
AcDbEntity
  8
墙体
100
AcDbVertex
100
AcDb2dVertex
 10
-12.98190868181459
 20
-21.13697526075392
 30
0.0
  0
SEQEND
  5
2E2
330
2DD
100
AcDbEntity
  8
墙体
  0
POLYLINE
  5
2E3
330
1F
100
AcDbEntity
  8
虚线
100
AcDb2dPolyline
 66
     1
 10
0.0
 20
0.0
 30
0.0
 70
     1
  0
VERTEX
  5
2E4
330
2E3
100
AcDbEntity
  8
虚线
100
AcDbVertex
100
AcDb2dVertex
 10
-27.98190868181459
 20
-21.13697526075392
 30
0.0
  0
VERTEX
  5
2E5
330
2E3
100
AcDbEntity
  8
虚线
100
AcDbVertex
100
AcDb2dVertex
 10
-29.9470565936059
 20
-21.13697526075391
 30
0.0
  0
VERTEX
  5
2E6
330
2E3
100
AcDbEntity
  8
虚线
100
AcDbVertex
100
AcDb2dVertex
 10
-29.9470565936059
 20
-20.93697526075391
 30
0.0
  0
VERTEX
  5
2E7
330
2E3
100
AcDbEntity
  8
虚线
100
AcDbVertex
100
AcDb2dVertex
 10
-27.98190868181459
 20
-20.93697526075392
 30
0.0
  0
SEQEND
  5
2E8
330
2E3
100
AcDbEntity
  8
虚线
  0
POLYLINE
  5
2E9
330
1F
100
AcDbEntity
  8
墙体
100
AcDb2dPolyline
 66
     1
 10
0.0
 20
0.0
 30
0.0
 70
     1
  0
VERTEX
  5
2EA
330
2E9
100
AcDbEntity
  8
墙体
100
AcDbVertex
100
AcDb2dVertex
 10
-30.9470565936059
 20
-21.13697526075391
 30
0.0
  0
VERTEX
  5
2EB
330
2E9
100
AcDbEntity
  8
墙体
100
AcDbVertex
100
AcDb2dVertex
 10
-29.9470565936059
 20
-21.13697526075391
 30
0.0
  0
VERTEX
  5
2EC
330
2E9
100
AcDbEntity
  8
墙体
100
AcDbVertex
100
AcDb2dVertex
 10
-29.9470565936059
 20
-18.83731395352144
 30
0.0
  0
VERTEX
  5
2ED
330
2E9
100
AcDbEntity
  8
墙体
100
AcDbVertex
100
AcDb2dVertex
 10
-30.9470565936059
 20
-18.83731395352144
 30
0.0
  0
SEQEND
  5
2EE
330
2E9
100
AcDbEntity
  8
墙体
  0
POLYLINE
  5
2EF
330
1F
100
AcDbEntity
  8
桌子
100
AcDb2dPolyline
 66
     1
 10
0.0
 20
0.0
 30
0.0
 70
     1
  0
VERTEX
  5
2F0
330
2EF
100
AcDbEntity
  8
桌子
100
AcDbVertex
100
AcDb2dVertex
 10
-22.18190868181459
 20
-21.13697526075392
 30
0.0
  0
VERTEX
  5
2F1
330
2EF
100
AcDbEntity
  8
桌子
100
AcDbVertex
100
AcDb2dVertex
 10
-22.18190868181459
 20
-19.93697526075392
 30
0.0
  0
VERTEX
  5
2F2
330
2EF
100
AcDbEntity
  8
桌子
100
AcDbVertex
100
AcDb2dVertex
 10
-27.98190868181459
 20
-19.93697526075392
 30
0.0
  0
VERTEX
  5
2F3
330
2EF
100
AcDbEntity
  8
桌子
100
AcDbVertex
100
AcDb2dVertex
 10
-27.98190868181459
 20
-21.13697526075392
 30
0.0
  0
SEQEND
  5
2F4
330
2EF
100
AcDbEntity
  8
桌子
  0
POLYLINE
  5
2F5
330
1F
100
AcDbEntity
  8
墙体
100
AcDb2dPolyline
 66
     1
 10
0.0
 20
0.0
 30
0.0
 70
     1
  0
VERTEX
  5
2F6
330
2F5
100
AcDbEntity
  8
墙体
100
AcDbVertex
100
AcDb2dVertex
 10
-19.89332660504233
 20
2.762686046478553
 30
0.0
  0
VERTEX
  5
2F7
330
2F5
100
AcDbEntity
  8
墙体
100
AcDbVertex
100
AcDb2dVertex
 10
-12.81041529461099
 20
2.762686046478553
 30
0.0
  0
VERTEX
  5
2F8
330
2F5
100
AcDbEntity
  8
墙体
100
AcDbVertex
100
AcDb2dVertex
 10
-12.81041529461099
 20
2.962686046478554
 30
0.0
  0
VERTEX
  5
2F9
330
2F5
100
AcDbEntity
  8
墙体
100
AcDbVertex
100
AcDb2dVertex
 10
-19.89332660504233
 20
2.962686046478554
 30
0.0
  0
SEQEND
  5
2FA
330
2F5
100
AcDbEntity
  8
墙体
  0
POLYLINE
  5
2FB
330
1F
100
AcDbEntity
  8
墙体
100
AcDb2dPolyline
 66
     1
 10
0.0
 20
0.0
 30
0.0
 70
     1
  0
VERTEX
  5
2FC
330
2FB
100
AcDbEntity
  8
墙体
100
AcDbVertex
100
AcDb2dVertex
 10
-30.9470565936059
 20
2.762686046478553
 30
0.0
  0
VERTEX
  5
2FD
330
2FB
100
AcDbEntity
  8
墙体
100
AcDbVertex
100
AcDb2dVertex
 10
-23.09332660504233
 20
2.762686046478553
 30
0.0
  0
VERTEX
  5
2FE
330
2FB
100
AcDbEntity
  8
墙体
100
AcDbVertex
100
AcDb2dVertex
 10
-23.09332660504233
 20
2.962686046478554
 30
0.0
  0
VERTEX
  5
2FF
330
2FB
100
AcDbEntity
  8
墙体
100
AcDbVertex
100
AcDb2dVertex
 10
-30.9470565936059
 20
2.962686046478554
 30
0.0
  0
SEQEND
  5
300
330
2FB
100
AcDbEntity
  8
墙体
  0
POLYLINE
  5
301
330
1F
100
AcDbEntity
  8
虚线
100
AcDb2dPolyline
 66
     1
 10
0.0
 20
0.0
 30
0.0
 70
     1
  0
VERTEX
  5
302
330
301
100
AcDbEntity
  8
虚线
100
AcDbVertex
100
AcDb2dVertex
 10
-21.39332660504233
 20
2.962686046478554
 30
0.0
  0
VERTEX
  5
303
330
301
100
AcDbEntity
  8
虚线
100
AcDbVertex
100
AcDb2dVertex
 10
-19.89332660504233
 20
2.962686046478554
 30
0.0
  0
VERTEX
  5
304
330
301
100
AcDbEntity
  8
虚线
100
AcDbVertex
100
AcDb2dVertex
 10
-19.89332660504233
 20
2.762686046478553
 30
0.0
  0
VERTEX
  5
305
330
301
100
AcDbEntity
  8
虚线
100
AcDbVertex
100
AcDb2dVertex
 10
-21.39332660504233
 20
2.762686046478553
 30
0.0
  0
SEQEND
  5
306
330
301
100
AcDbEntity
  8
虚线
  0
POLYLINE
  5
307
330
1F
100
AcDbEntity
  8
虚线
100
AcDb2dPolyline
 66
     1
 10
0.0
 20
0.0
 30
0.0
 70
     1
  0
VERTEX
  5
308
330
307
100
AcDbEntity
  8
虚线
100
AcDbVertex
100
AcDb2dVertex
 10
-23.09332660504233
 20
2.962686046478554
 30
0.0
  0
VERTEX
  5
309
330
307
100
AcDbEntity
  8
虚线
100
AcDbVertex
100
AcDb2dVertex
 10
-21.59332660504233
 20
2.962686046478554
 30
0.0
  0
VERTEX
  5
30A
330
307
100
AcDbEntity
  8
虚线
100
AcDbVertex
100
AcDb2dVertex
 10
-21.59332660504233
 20
2.762686046478553
 30
0.0
  0
VERTEX
  5
30B
330
307
100
AcDbEntity
  8
虚线
100
AcDbVertex
100
AcDb2dVertex
 10
-23.09332660504233
 20
2.762686046478553
 30
0.0
  0
SEQEND
  5
30C
330
307
100
AcDbEntity
  8
虚线
  0
POLYLINE
  5
30D
330
1F
100
AcDbEntity
  8
墙体
100
AcDb2dPolyline
 66
     1
 10
0.0
 20
0.0
 30
0.0
 70
     1
  0
VERTEX
  5
30E
330
30D
100
AcDbEntity
  8
墙体
100
AcDbVertex
100
AcDb2dVertex
 10
-30.9470565936059
 20
2.762686046478553
 30
0.0
  0
VERTEX
  5
30F
330
30D
100
AcDbEntity
  8
墙体
100
AcDbVertex
100
AcDb2dVertex
 10
-30.9470565936059
 20
-0.6373139535214465
 30
0.0
  0
VERTEX
  5
310
330
30D
100
AcDbEntity
  8
墙体
100
AcDbVertex
100
AcDb2dVertex
 10
-30.7470565936059
 20
-0.6373139535214465
 30
0.0
  0
VERTEX
  5
311
330
30D
100
AcDbEntity
  8
墙体
100
AcDbVertex
100
AcDb2dVertex
 10
-30.7470565936059
 20
2.762686046478553
 30
0.0
  0
SEQEND
  5
312
330
30D
100
AcDbEntity
  8
墙体
  0
POLYLINE
  5
313
330
1F
100
AcDbEntity
  8
玻璃
100
AcDb2dPolyline
 66
     1
 10
0.0
 20
0.0
 30
0.0
 70
     1
  0
VERTEX
  5
314
330
313
100
AcDbEntity
  8
玻璃
100
AcDbVertex
100
AcDb2dVertex
 10
-30.8720565936059
 20
2.762686046478553
 30
0.0
  0
VERTEX
  5
315
330
313
100
AcDbEntity
  8
玻璃
100
AcDbVertex
100
AcDb2dVertex
 10
-30.8720565936059
 20
-0.6373139535214465
 30
0.0
  0
VERTEX
  5
316
330
313
100
AcDbEntity
  8
玻璃
100
AcDbVertex
100
AcDb2dVertex
 10
-30.82205659360591
 20
-0.6373139535214465
 30
0.0
  0
VERTEX
  5
317
330
313
100
AcDbEntity
  8
玻璃
100
AcDbVertex
100
AcDb2dVertex
 10
-30.82205659360591
 20
2.762686046478553
 30
0.0
  0
SEQEND
  5
318
330
313
100
AcDbEntity
  8
玻璃
  0
POLYLINE
  5
319
330
1F
100
AcDbEntity
  8
墙体
100
AcDb2dPolyline
 66
     1
 10
0.0
 20
0.0
 30
0.0
 70
     1
  0
VERTEX
  5
31A
330
319
100
AcDbEntity
  8
墙体
100
AcDbVertex
100
AcDb2dVertex
 10
-30.9470565936059
 20
-1.837313953521446
 30
0.0
  0
VERTEX
  5
31B
330
319
100
AcDbEntity
  8
墙体
100
AcDbVertex
100
AcDb2dVertex
 10
-30.2470565936059
 20
-1.837313953521446
 30
0.0
  0
VERTEX
  5
31C
330
319
100
AcDbEntity
  8
墙体
100
AcDbVertex
100
AcDb2dVertex
 10
-30.2470565936059
 20
-0.6373139535214465
 30
0.0
  0
VERTEX
  5
31D
330
319
100
AcDbEntity
  8
墙体
100
AcDbVertex
100
AcDb2dVertex
 10
-30.9470565936059
 20
-0.6373139535214465
 30
0.0
  0
SEQEND
  5
31E
330
319
100
AcDbEntity
  8
墙体
  0
POLYLINE
  5
31F
330
1F
100
AcDbEntity
  8
玻璃
100
AcDb2dPolyline
 66
     1
 10
0.0
 20
0.0
 30
0.0
 70
     1
  0
VERTEX
  5
320
330
31F
100
AcDbEntity
  8
玻璃
100
AcDbVertex
100
AcDb2dVertex
 10
-30.8720565936059
 20
-1.837313953521446
 30
0.0
  0
VERTEX
  5
321
330
31F
100
AcDbEntity
  8
玻璃
100
AcDbVertex
100
AcDb2dVertex
 10
-30.8720565936059
 20
-9.837313953521445
 30
0.0
  0
VERTEX
  5
322
330
31F
100
AcDbEntity
  8
玻璃
100
AcDbVertex
100
AcDb2dVertex
 10
-30.82205659360591
 20
-9.837313953521445
 30
0.0
  0
VERTEX
  5
323
330
31F
100
AcDbEntity
  8
玻璃
100
AcDbVertex
100
AcDb2dVertex
 10
-30.82205659360591
 20
-1.837313953521446
 30
0.0
  0
SEQEND
  5
324
330
31F
100
AcDbEntity
  8
玻璃
  0
POLYLINE
  5
325
330
1F
100
AcDbEntity
  8
墙体
100
AcDb2dPolyline
 66
     1
 10
0.0
 20
0.0
 30
0.0
 70
     1
  0
VERTEX
  5
326
330
325
100
AcDbEntity
  8
墙体
100
AcDbVertex
100
AcDb2dVertex
 10
-30.9470565936059
 20
-1.837313953521446
 30
0.0
  0
VERTEX
  5
327
330
325
100
AcDbEntity
  8
墙体
100
AcDbVertex
100
AcDb2dVertex
 10
-30.9470565936059
 20
-9.837313953521445
 30
0.0
  0
VERTEX
  5
328
330
325
100
AcDbEntity
  8
墙体
100
AcDbVertex
100
AcDb2dVertex
 10
-30.7470565936059
 20
-9.837313953521445
 30
0.0
  0
VERTEX
  5
329
330
325
100
AcDbEntity
  8
墙体
100
AcDbVertex
100
AcDb2dVertex
 10
-30.7470565936059
 20
-1.837313953521446
 30
0.0
  0
SEQEND
  5
32A
330
325
100
AcDbEntity
  8
墙体
  0
POLYLINE
  5
32B
330
1F
100
AcDbEntity
  8
墙体
100
AcDb2dPolyline
 66
     1
 10
0.0
 20
0.0
 30
0.0
 70
     1
  0
VERTEX
  5
32C
330
32B
100
AcDbEntity
  8
墙体
100
AcDbVertex
100
AcDb2dVertex
 10
-30.9470565936059
 20
-11.03731395352144
 30
0.0
  0
VERTEX
  5
32D
330
32B
100
AcDbEntity
  8
墙体
100
AcDbVertex
100
AcDb2dVertex
 10
-30.2470565936059
 20
-11.03731395352144
 30
0.0
  0
VERTEX
  5
32E
330
32B
100
AcDbEntity
  8
墙体
100
AcDbVertex
100
AcDb2dVertex
 10
-30.2470565936059
 20
-9.837313953521445
 30
0.0
  0
VERTEX
  5
32F
330
32B
100
AcDbEntity
  8
墙体
100
AcDbVertex
100
AcDb2dVertex
 10
-30.9470565936059
 20
-9.837313953521445
 30
0.0
  0
SEQEND
  5
330
330
32B
100
AcDbEntity
  8
墙体
  0
POLYLINE
  5
331
330
1F
100
AcDbEntity
  8
墙体
100
AcDb2dPolyline
 66
     1
 10
0.0
 20
0.0
 30
0.0
 70
     1
  0
VERTEX
  5
332
330
331
100
AcDbEntity
  8
墙体
100
AcDbVertex
100
AcDb2dVertex
 10
-30.9470565936059
 20
-11.03731395352144
 30
0.0
  0
VERTEX
  5
333
330
331
100
AcDbEntity
  8
墙体
100
AcDbVertex
100
AcDb2dVertex
 10
-30.9470565936059
 20
-18.83731395352144
 30
0.0
  0
VERTEX
  5
334
330
331
100
AcDbEntity
  8
墙体
100
AcDbVertex
100
AcDb2dVertex
 10
-30.7470565936059
 20
-18.83731395352144
 30
0.0
  0
VERTEX
  5
335
330
331
100
AcDbEntity
  8
墙体
100
AcDbVertex
100
AcDb2dVertex
 10
-30.7470565936059
 20
-11.03731395352144
 30
0.0
  0
SEQEND
  5
336
330
331
100
AcDbEntity
  8
墙体
  0
POLYLINE
  5
337
330
1F
100
AcDbEntity
  8
玻璃
100
AcDb2dPolyline
 66
     1
 10
0.0
 20
0.0
 30
0.0
 70
     1
  0
VERTEX
  5
338
330
337
100
AcDbEntity
  8
玻璃
100
AcDbVertex
100
AcDb2dVertex
 10
-30.8720565936059
 20
-11.03731395352144
 30
0.0
  0
VERTEX
  5
339
330
337
100
AcDbEntity
  8
玻璃
100
AcDbVertex
100
AcDb2dVertex
 10
-30.8720565936059
 20
-18.83731395352144
 30
0.0
  0
VERTEX
  5
33A
330
337
100
AcDbEntity
  8
玻璃
100
AcDbVertex
100
AcDb2dVertex
 10
-30.82205659360591
 20
-18.83731395352144
 30
0.0
  0
VERTEX
  5
33B
330
337
100
AcDbEntity
  8
玻璃
100
AcDbVertex
100
AcDb2dVertex
 10
-30.82205659360591
 20
-11.03731395352144
 30
0.0
  0
SEQEND
  5
33C
330
337
100
AcDbEntity
  8
玻璃
  0
ENDSEC
  0
SECTION
  2
OBJECTS
  0
DICTIONARY
  5
C
330
0
100
AcDbDictionary
281
     1
  3
ACAD_DETAILVIEWSTYLE
350
378
  3
ACAD_GROUP
350
D
  3
ACAD_LAYOUT
350
1A
  3
ACAD_MATERIAL
350
43
  3
ACAD_MLEADERSTYLE
350
5B
  3
ACAD_MLINESTYLE
350
17
  3
ACAD_PLOTSETTINGS
350
19
  3
ACAD_PLOTSTYLENAME
350
E
  3
ACAD_SCALELIST
350
47
  3
ACAD_SECTIONVIEWSTYLE
350
379
  3
ACAD_TABLESTYLE
350
59
  3
ACAD_VISUALSTYLE
350
2A
  3
ACDB_RECOMPOSE_DATA
350
375
  3
AcDbVariableDictionary
350
33D
  0
SUN
  5
5D
330
29
100
AcDbSun
 90
        1
290
     0
 63
     7
421
 16777215
 40
1.0
291
     1
 91
  2455826
 92
 54000000
292
     0
 70
     2
 71
   256
280
     1
  0
DICTIONARY
  5
378
102
{ACAD_REACTORS
330
C
102
}
330
C
100
AcDbDictionary
281
     1
  0
DICTIONARY
  5
D
102
{ACAD_REACTORS
330
C
102
}
330
C
100
AcDbDictionary
281
     1
  0
DICTIONARY
  5
1A
102
{ACAD_REACTORS
330
C
102
}
330
C
100
AcDbDictionary
281
     1
  3
Layout1
350
1E
  3
Layout2
350
26
  3
Model
350
22
  0
DICTIONARY
  5
43
102
{ACAD_REACTORS
330
C
102
}
330
C
100
AcDbDictionary
281
     1
  3
ByBlock
350
45
  3
ByLayer
350
44
  3
Global
350
46
  0
DICTIONARY
  5
5B
102
{ACAD_REACTORS
330
C
102
}
330
C
100
AcDbDictionary
281
     1
  3
Standard
350
5C
  0
DICTIONARY
  5
17
102
{ACAD_REACTORS
330
C
102
}
330
C
100
AcDbDictionary
281
     1
  3
Standard
350
18
  0
DICTIONARY
  5
19
102
{ACAD_REACTORS
330
C
102
}
330
C
100
AcDbDictionary
281
     1
  0
ACDBDICTIONARYWDFLT
  5
E
102
{ACAD_REACTORS
330
C
102
}
330
C
100
AcDbDictionary
281
     1
  3
Normal
350
F
100
AcDbDictionaryWithDefault
340
F
  0
DICTIONARY
  5
47
102
{ACAD_REACTORS
330
C
102
}
330
C
100
AcDbDictionary
281
     1
  3
A0
350
48
  3
A1
350
49
  3
A2
350
4A
  3
A3
350
4B
  3
A4
350
4C
  3
A5
350
4D
  3
A6
350
4E
  3
A7
350
4F
  3
A8
350
50
  3
A9
350
51
  3
B1
350
52
  3
B2
350
53
  3
B3
350
54
  3
B4
350
55
  3
B5
350
56
  3
B6
350
57
  3
B7
350
58
  0
DICTIONARY
  5
379
102
{ACAD_REACTORS
330
C
102
}
330
C
100
AcDbDictionary
281
     1
  0
DICTIONARY
  5
59
102
{ACAD_REACTORS
330
C
102
}
330
C
100
AcDbDictionary
281
     1
  3
Standard
350
5A
  0
DICTIONARY
  5
2A
102
{ACAD_REACTORS
330
C
102
}
330
C
100
AcDbDictionary
281
     1
  3
2dWireframe
350
2F
  3
Basic
350
32
  3
Brighten
350
36
  3
ColorChange
350
3A
  3
Conceptual
350
34
  3
Dim
350
35
  3
EdgeColorOff
350
3D
  3
Facepattern
350
39
  3
Flat
350
2B
  3
FlatWithEdges
350
2C
  3
Gouraud
350
2D
  3
GouraudWithEdges
350
2E
  3
Hidden
350
31
  3
JitterOff
350
3B
  3
Linepattern
350
38
  3
OverhangOff
350
3C
  3
Realistic
350
33
  3
Shaded
350
42
  3
Shaded with edges
350
41
  3
Shades of Gray
350
3E
  3
Sketchy
350
3F
  3
Thicken
350
37
  3
Wireframe
350
30
  3
X-Ray
350
40
  0
XRECORD
  5
375
102
{ACAD_REACTORS
330
C
102
}
330
C
100
AcDbXrecord
280
     1
 90
        1
330
5A
  0
DICTIONARY
  5
33D
102
{ACAD_REACTORS
330
C
102
}
330
C
100
AcDbDictionary
281
     1
  3
CANNOSCALE
350
33E
  3
CMLEADERSTYLE
350
377
  3
CTABLESTYLE
350
376
  3
XCLIPFRAME
350
33F
  0
LAYOUT
  5
1E
102
{ACAD_REACTORS
330
1A
102
}
330
1A
100
AcDbPlotSettings
  1

  2
none_device
  4

  6

 40
0.0
 41
0.0
 42
0.0
 43
0.0
 44
0.0
 45
0.0
 46
0.0
 47
0.0
 48
0.0
 49
0.0
140
0.0
141
0.0
142
1.0
143
1.0
 70
   688
 72
     0
 73
     0
 74
     5
  7

 75
    16
 76
     0
 77
     2
 78
   300
147
1.0
148
0.0
149
0.0
100
AcDbLayout
  1
Layout1
 70
     1
 71
     1
 10
0.0
 20
0.0
 11
12.0
 21
9.0
 12
0.0
 22
0.0
 32
0.0
 14
1.000000000000000E+20
 24
1.000000000000000E+20
 34
1.000000000000000E+20
 15
-1.000000000000000E+20
 25
-1.000000000000000E+20
 35
-1.000000000000000E+20
146
0.0
 13
0.0
 23
0.0
 33
0.0
 16
1.0
 26
0.0
 36
0.0
 17
0.0
 27
1.0
 37
0.0
 76
     0
330
1B
  0
LAYOUT
  5
26
102
{ACAD_REACTORS
330
1A
102
}
330
1A
100
AcDbPlotSettings
  1

  2
none_device
  4

  6

 40
0.0
 41
0.0
 42
0.0
 43
0.0
 44
0.0
 45
0.0
 46
0.0
 47
0.0
 48
0.0
 49
0.0
140
0.0
141
0.0
142
1.0
143
1.0
 70
   688
 72
     0
 73
     0
 74
     5
  7

 75
    16
 76
     0
 77
     2
 78
   300
147
1.0
148
0.0
149
0.0
100
AcDbLayout
  1
Layout2
 70
     1
 71
     2
 10
0.0
 20
0.0
 11
0.0
 21
0.0
 12
0.0
 22
0.0
 32
0.0
 14
0.0
 24
0.0
 34
0.0
 15
0.0
 25
0.0
 35
0.0
146
0.0
 13
0.0
 23
0.0
 33
0.0
 16
1.0
 26
0.0
 36
0.0
 17
0.0
 27
1.0
 37
0.0
 76
     0
330
23
  0
LAYOUT
  5
22
102
{ACAD_REACTORS
330
1A
102
}
330
1A
100
AcDbPlotSettings
  1

  2
none_device
  4
Letter_(8.50_x_11.00_Inches)
  6

 40
6.35
 41
6.35
 42
6.35000508
 43
6.35000508
 44
215.9
 45
279.4
 46
0.0
 47
0.0
 48
0.0
 49
0.0
140
0.0
141
0.0
142
1.0
143
1.0
 70
  1712
 72
     0
 73
     0
 74
     0
  7

 75
     0
 76
     0
 77
     2
 78
   300
147
1.0
148
0.0
149
0.0
100
AcDbLayout
  1
Model
 70
     1
 71
     0
 10
0.0
 20
0.0
 11
12.0
 21
9.0
 12
0.0
 22
0.0
 32
0.0
 14
-30.9470565936059
 24
-21.13697526075392
 34
0.0
 15
-12.81041529461099
 25
2.962686046478554
 35
0.0
146
0.0
 13
0.0
 23
0.0
 33
0.0
 16
1.0
 26
0.0
 36
0.0
 17
0.0
 27
1.0
 37
0.0
 76
     0
330
1F
331
29
  0
MATERIAL
  5
45
102
{ACAD_REACTORS
330
43
102
}
330
43
100
AcDbMaterial
  1
ByBlock
 72
     1
 94
      127
  0
MATERIAL
  5
44
102
{ACAD_REACTORS
330
43
102
}
330
43
100
AcDbMaterial
  1
ByLayer
 72
     1
 94
      127
  0
MATERIAL
  5
46
102
{ACAD_REACTORS
330
43
102
}
330
43
100
AcDbMaterial
  1
Global
 72
     1
 94
      127
  0
MLEADERSTYLE
  5
5C
102
{ACAD_REACTORS
330
5B
102
}
102
{ACAD_XDICTIONARY
360
373
102
}
330
5B
100
AcDbMLeaderStyle
170
     2
171
     1
172
     0
 90
        2
 40
0.0
 41
0.0
173
     1
 91
-1056964608
340
14
 92
       -2
290
     1
 42
0.09
291
     1
 43
0.36
  3
Standard
341
0
 44
0.18
300

342
11
174
     1
178
     6
175
     1
176
     0
 93
-1056964608
 45
0.18
292
     0
297
     0
 46
0.18
343
0
 94
-1056964608
 47
1.0
 49
1.0
140
1.0
293
     1
141
0.0
294
     1
177
     0
142
1.0
295
     0
296
     0
143
0.125
1001
ACAD_MLEADERVER
1070
     2
  0
MLINESTYLE
  5
18
102
{ACAD_REACTORS
330
17
102
}
330
17
100
AcDbMlineStyle
  2
Standard
 70
     0
  3

 62
   256
 51
90.0
 52
90.0
 71
     2
 49
0.5
 62
   256
  6
BYLAYER
 49
-0.5
 62
   256
  6
BYLAYER
  0
ACDBPLACEHOLDER
  5
F
102
{ACAD_REACTORS
330
E
102
}
330
E
  0
SCALE
  5
48
102
{ACAD_REACTORS
330
47
102
}
330
47
100
AcDbScale
 70
     0
300
1:1
140
1.0
141
1.0
290
     1
  0
SCALE
  5
49
102
{ACAD_REACTORS
330
47
102
}
330
47
100
AcDbScale
 70
     0
300
1/128" = 1'-0"
140
0.0078125
141
12.0
290
     0
  0
SCALE
  5
4A
102
{ACAD_REACTORS
330
47
102
}
330
47
100
AcDbScale
 70
     0
300
1/64" = 1'-0"
140
0.015625
141
12.0
290
     0
  0
SCALE
  5
4B
102
{ACAD_REACTORS
330
47
102
}
330
47
100
AcDbScale
 70
     0
300
1/32" = 1'-0"
140
0.03125
141
12.0
290
     0
  0
SCALE
  5
4C
102
{ACAD_REACTORS
330
47
102
}
330
47
100
AcDbScale
 70
     0
300
1/16" = 1'-0"
140
0.0625
141
12.0
290
     0
  0
SCALE
  5
4D
102
{ACAD_REACTORS
330
47
102
}
330
47
100
AcDbScale
 70
     0
300
3/32" = 1'-0"
140
0.09375
141
12.0
290
     0
  0
SCALE
  5
4E
102
{ACAD_REACTORS
330
47
102
}
330
47
100
AcDbScale
 70
     0
300
1/8" = 1'-0"
140
0.125
141
12.0
290
     0
  0
SCALE
  5
4F
102
{ACAD_REACTORS
330
47
102
}
330
47
100
AcDbScale
 70
     0
300
3/16" = 1'-0"
140
0.1875
141
12.0
290
     0
  0
SCALE
  5
50
102
{ACAD_REACTORS
330
47
102
}
330
47
100
AcDbScale
 70
     0
300
1/4" = 1'-0"
140
0.25
141
12.0
290
     0
  0
SCALE
  5
51
102
{ACAD_REACTORS
330
47
102
}
330
47
100
AcDbScale
 70
     0
300
3/8" = 1'-0"
140
0.375
141
12.0
290
     0
  0
SCALE
  5
52
102
{ACAD_REACTORS
330
47
102
}
330
47
100
AcDbScale
 70
     0
300
1/2" = 1'-0"
140
0.5
141
12.0
290
     0
  0
SCALE
  5
53
102
{ACAD_REACTORS
330
47
102
}
330
47
100
AcDbScale
 70
     0
300
3/4" = 1'-0"
140
0.75
141
12.0
290
     0
  0
SCALE
  5
54
102
{ACAD_REACTORS
330
47
102
}
330
47
100
AcDbScale
 70
     0
300
1" = 1'-0"
140
1.0
141
12.0
290
     0
  0
SCALE
  5
55
102
{ACAD_REACTORS
330
47
102
}
330
47
100
AcDbScale
 70
     0
300
1-1/2" = 1'-0"
140
1.5
141
12.0
290
     0
  0
SCALE
  5
56
102
{ACAD_REACTORS
330
47
102
}
330
47
100
AcDbScale
 70
     0
300
3" = 1'-0"
140
3.0
141
12.0
290
     0
  0
SCALE
  5
57
102
{ACAD_REACTORS
330
47
102
}
330
47
100
AcDbScale
 70
     0
300
6" = 1'-0"
140
6.0
141
12.0
290
     0
  0
SCALE
  5
58
102
{ACAD_REACTORS
330
47
102
}
330
47
100
AcDbScale
 70
     0
300
1'-0" = 1'-0"
140
12.0
141
12.0
290
     0
  0
TABLESTYLE
  5
5A
102
{ACAD_REACTORS
330
59
102
}
102
{ACAD_XDICTIONARY
360
370
102
}
330
59
100
AcDbTableStyle
  3
Standard
 70
     0
 71
     0
 40
0.06
 41
0.06
280
     0
281
     0
  7
Standard
140
0.18
170
     2
 62
     0
 63
   257
283
     0
 90
        4
 91
        0
  1

274
    -2
284
     1
 64
     0
275
    -2
285
     1
 65
     0
276
    -2
286
     1
 66
     0
277
    -2
287
     1
 67
     0
278
    -2
288
     1
 68
     0
279
    -2
289
     1
 69
     0
  7
Standard
140
0.25
170
     5
 62
     0
 63
   257
283
     0
 90
        4
 91
        0
  1

274
    -2
284
     1
 64
     0
275
    -2
285
     1
 65
     0
276
    -2
286
     1
 66
     0
277
    -2
287
     1
 67
     0
278
    -2
288
     1
 68
     0
279
    -2
289
     1
 69
     0
  7
Standard
140
0.18
170
     5
 62
     0
 63
   257
283
     0
 90
        4
 91
        0
  1

274
    -2
284
     1
 64
     0
275
    -2
285
     1
 65
     0
276
    -2
286
     1
 66
     0
277
    -2
287
     1
 67
     0
278
    -2
288
     1
 68
     0
279
    -2
289
     1
 69
     0
  0
VISUALSTYLE
  5
2F
102
{ACAD_REACTORS
330
2A
102
}
102
{ACAD_XDICTIONARY
360
348
102
}
330
2A
100
AcDbVisualStyle
  2
2dWireframe
 70
     4
 71
     0
 72
     2
 73
     0
 90
        0
 40
0.6
 41
30.0
 62
     5
 63
     7
421
 16777215
 74
     1
 91
        4
 64
     7
 65
   257
 75
     1
175
     1
 42
1.0
 92
        0
 66
   257
 43
1.0
 76
     1
 77
     6
 78
     2
 67
     7
 79
     5
170
     0
171
     0
290
     0
174
     0
 93
        1
 44
0.0
173
     0
291
     0
 45
0.0
  0
VISUALSTYLE
  5
32
102
{ACAD_REACTORS
330
2A
102
}
102
{ACAD_XDICTIONARY
360
34E
102
}
330
2A
100
AcDbVisualStyle
  2
Basic
 70
     7
 71
     1
 72
     0
 73
     1
 90
        0
 40
0.6
 41
30.0
 62
     5
 63
     7
421
 16777215
 74
     0
 91
        4
 64
     7
 65
   257
 75
     1
175
     1
 42
1.0
 92
        8
 66
     7
 43
1.0
 76
     1
 77
     6
 78
     2
 67
     7
 79
     5
170
     0
171
     0
290
     0
174
     0
 93
        1
 44
0.0
173
     0
291
     1
 45
0.0
  0
VISUALSTYLE
  5
36
102
{ACAD_REACTORS
330
2A
102
}
102
{ACAD_XDICTIONARY
360
356
102
}
330
2A
100
AcDbVisualStyle
  2
Brighten
 70
    12
 71
     2
 72
     2
 73
     0
 90
        0
 40
0.6
 41
30.0
 62
     5
 63
     7
421
 16777215
 74
     1
 91
        4
 64
     7
 65
   257
 75
     1
175
     1
 42
1.0
 92
        8
 66
     7
 43
1.0
 76
     1
 77
     6
 78
     2
 67
     7
 79
     5
170
     0
171
     0
290
     0
174
     0
 93
        1
 44
50.0
173
     0
291
     1
 45
0.0
  0
VISUALSTYLE
  5
3A
102
{ACAD_REACTORS
330
2A
102
}
102
{ACAD_XDICTIONARY
360
35E
102
}
330
2A
100
AcDbVisualStyle
  2
ColorChange
 70
    16
 71
     2
 72
     2
 73
     3
 90
        0
 40
0.6
 41
30.0
 62
     5
 63
     8
421
  8421504
 74
     1
 91
        4
 64
     7
 65
   257
 75
     1
175
     1
 42
1.0
 92
        8
 66
     8
424
  8421504
 43
1.0
 76
     1
 77
     6
 78
     2
 67
     7
 79
     5
170
     0
171
     0
290
     0
174
     0
 93
        1
 44
0.0
173
     0
291
     1
 45
0.0
  0
VISUALSTYLE
  5
34
102
{ACAD_REACTORS
330
2A
102
}
102
{ACAD_XDICTIONARY
360
352
102
}
330
2A
100
AcDbVisualStyle
  2
Conceptual
 70
     9
 71
     3
 72
     2
 73
     0
 90
        0
 40
0.6
 41
30.0
 62
     5
 63
     7
421
 16777215
 74
     2
 91
        2
 64
     7
 65
   257
 75
     1
175
     1
 42
179.0
 92
        8
 66
     7
 43
1.0
 76
     1
 77
     6
 78
     2
 67
     7
 79
     3
170
     0
171
     0
290
     0
174
     0
 93
        1
 44
0.0
173
     0
291
     0
 45
0.0
  0
VISUALSTYLE
  5
35
102
{ACAD_REACTORS
330
2A
102
}
102
{ACAD_XDICTIONARY
360
354
102
}
330
2A
100
AcDbVisualStyle
  2
Dim
 70
    11
 71
     2
 72
     2
 73
     0
 90
        0
 40
0.6
 41
30.0
 62
     5
 63
     7
421
 16777215
 74
     1
 91
        4
 64
     7
 65
   257
 75
     1
175
     1
 42
1.0
 92
        8
 66
     7
 43
1.0
 76
     1
 77
     6
 78
     2
 67
     7
 79
     5
170
     0
171
     0
290
     0
174
     0
 93
        1
 44
-50.0
173
     0
291
     1
 45
0.0
  0
VISUALSTYLE
  5
3D
102
{ACAD_REACTORS
330
2A
102
}
102
{ACAD_XDICTIONARY
360
364
102
}
330
2A
100
AcDbVisualStyle
  2
EdgeColorOff
 70
    22
 71
     2
 72
     2
 73
     0
 90
        0
 40
0.6
 41
30.0
 62
     5
 63
     7
421
 16777215
 74
     1
 91
        4
 64
     7
 65
   257
 75
     1
175
     1
 42
1.0
 92
        8
 66
     7
 43
1.0
 76
     1
 77
     6
 78
     2
 67
     7
 79
     5
170
     0
171
     0
290
     0
174
     0
 93
        1
 44
0.0
173
     0
291
     1
 45
0.0
  0
VISUALSTYLE
  5
39
102
{ACAD_REACTORS
330
2A
102
}
102
{ACAD_XDICTIONARY
360
35C
102
}
330
2A
100
AcDbVisualStyle
  2
Facepattern
 70
    15
 71
     2
 72
     2
 73
     0
 90
        0
 40
0.6
 41
30.0
 62
     5
 63
     7
421
 16777215
 74
     1
 91
        4
 64
     7
 65
   257
 75
     1
175
     1
 42
1.0
 92
        8
 66
     7
 43
1.0
 76
     1
 77
     6
 78
     2
 67
     7
 79
     5
170
     0
171
     0
290
     0
174
     0
 93
        1
 44
0.0
173
     0
291
     1
 45
0.0
  0
VISUALSTYLE
  5
2B
102
{ACAD_REACTORS
330
2A
102
}
102
{ACAD_XDICTIONARY
360
340
102
}
330
2A
100
AcDbVisualStyle
  2
Flat
 70
     0
 71
     2
 72
     1
 73
     1
 90
        2
 40
0.6
 41
30.0
 62
     5
 63
     7
421
 16777215
 74
     0
 91
        0
 64
     7
 65
   257
 75
     1
175
     1
 42
1.0
 92
        8
 66
     7
 43
1.0
 76
     1
 77
     6
 78
     2
 67
     7
 79
     5
170
     0
171
     0
290
     0
174
     0
 93
       13
 44
0.0
173
     0
291
     1
 45
0.0
  0
VISUALSTYLE
  5
2C
102
{ACAD_REACTORS
330
2A
102
}
102
{ACAD_XDICTIONARY
360
342
102
}
330
2A
100
AcDbVisualStyle
  2
FlatWithEdges
 70
     1
 71
     2
 72
     1
 73
     1
 90
        2
 40
0.6
 41
30.0
 62
     5
 63
     7
421
 16777215
 74
     1
 91
        0
 64
     7
 65
   257
 75
     1
175
     1
 42
1.0
 92
        0
 66
   257
 43
1.0
 76
     1
 77
     6
 78
     2
 67
     7
 79
     5
170
     0
171
     0
290
     0
174
     0
 93
       13
 44
0.0
173
     0
291
     1
 45
0.0
  0
VISUALSTYLE
  5
2D
102
{ACAD_REACTORS
330
2A
102
}
102
{ACAD_XDICTIONARY
360
344
102
}
330
2A
100
AcDbVisualStyle
  2
Gouraud
 70
     2
 71
     2
 72
     2
 73
     1
 90
        2
 40
0.6
 41
30.0
 62
     5
 63
     7
421
 16777215
 74
     0
 91
        0
 64
     7
 65
   257
 75
     1
175
     1
 42
1.0
 92
        0
 66
     7
 43
1.0
 76
     1
 77
     6
 78
     2
 67
     7
 79
     5
170
     0
171
     0
290
     0
174
     0
 93
       13
 44
0.0
173
     0
291
     1
 45
0.0
  0
VISUALSTYLE
  5
2E
102
{ACAD_REACTORS
330
2A
102
}
102
{ACAD_XDICTIONARY
360
346
102
}
330
2A
100
AcDbVisualStyle
  2
GouraudWithEdges
 70
     3
 71
     2
 72
     2
 73
     1
 90
        2
 40
0.6
 41
30.0
 62
     5
 63
     7
421
 16777215
 74
     1
 91
        0
 64
     7
 65
   257
 75
     1
175
     1
 42
1.0
 92
        0
 66
   257
 43
1.0
 76
     1
 77
     6
 78
     2
 67
     7
 79
     5
170
     0
171
     0
290
     0
174
     0
 93
       13
 44
0.0
173
     0
291
     1
 45
0.0
  0
VISUALSTYLE
  5
31
102
{ACAD_REACTORS
330
2A
102
}
102
{ACAD_XDICTIONARY
360
34C
102
}
330
2A
100
AcDbVisualStyle
  2
Hidden
 70
     6
 71
     1
 72
     2
 73
     2
 90
        0
 40
0.6
 41
30.0
 62
     5
 63
     7
421
 16777215
 74
     2
 91
        2
 64
     7
 65
   257
 75
     2
175
     1
 42
40.0
 92
        0
 66
   257
 43
1.0
 76
     1
 77
     6
 78
     2
 67
     7
 79
     3
170
     0
171
     0
290
     0
174
     0
 93
        1
 44
0.0
173
     0
291
     0
 45
0.0
  0
VISUALSTYLE
  5
3B
102
{ACAD_REACTORS
330
2A
102
}
102
{ACAD_XDICTIONARY
360
360
102
}
330
2A
100
AcDbVisualStyle
  2
JitterOff
 70
    20
 71
     2
 72
     2
 73
     0
 90
        0
 40
0.6
 41
30.0
 62
     5
 63
     7
421
 16777215
 74
     1
 91
        4
 64
     7
 65
   257
 75
     1
175
     1
 42
1.0
 92
       10
 66
     7
 43
1.0
 76
     1
 77
     6
 78
     2
 67
     7
 79
     5
170
     0
171
     0
290
     0
174
     0
 93
        1
 44
0.0
173
     0
291
     1
 45
0.0
  0
VISUALSTYLE
  5
38
102
{ACAD_REACTORS
330
2A
102
}
102
{ACAD_XDICTIONARY
360
35A
102
}
330
2A
100
AcDbVisualStyle
  2
Linepattern
 70
    14
 71
     2
 72
     2
 73
     0
 90
        0
 40
0.6
 41
30.0
 62
     5
 63
     7
421
 16777215
 74
     1
 91
        4
 64
     7
 65
   257
 75
     7
175
     7
 42
1.0
 92
        8
 66
     7
 43
1.0
 76
     1
 77
     6
 78
     2
 67
     7
 79
     5
170
     0
171
     0
290
     0
174
     0
 93
        1
 44
0.0
173
     0
291
     1
 45
0.0
  0
VISUALSTYLE
  5
3C
102
{ACAD_REACTORS
330
2A
102
}
102
{ACAD_XDICTIONARY
360
362
102
}
330
2A
100
AcDbVisualStyle
  2
OverhangOff
 70
    21
 71
     2
 72
     2
 73
     0
 90
        0
 40
0.6
 41
30.0
 62
     5
 63
     7
421
 16777215
 74
     1
 91
        4
 64
     7
 65
   257
 75
     1
175
     1
 42
1.0
 92
        9
 66
     7
 43
1.0
 76
     1
 77
     6
 78
     2
 67
     7
 79
     5
170
     0
171
     0
290
     0
174
     0
 93
        1
 44
0.0
173
     0
291
     1
 45
0.0
  0
VISUALSTYLE
  5
33
102
{ACAD_REACTORS
330
2A
102
}
102
{ACAD_XDICTIONARY
360
350
102
}
330
2A
100
AcDbVisualStyle
  2
Realistic
 70
     8
 71
     2
 72
     3
 73
     0
 90
        2
 40
0.6
 41
30.0
 62
     5
 63
     7
421
 16777215
 74
     0
 91
        0
 64
     7
 65
   257
 75
     1
175
     1
 42
1.0
 92
        8
 66
   257
 43
1.0
 76
     1
 77
     6
 78
     2
 67
     7
 79
     3
170
     0
171
     0
290
     0
174
     0
 93
       13
 44
0.0
173
     0
291
     0
 45
0.0
  0
VISUALSTYLE
  5
42
102
{ACAD_REACTORS
330
2A
102
}
102
{ACAD_XDICTIONARY
360
36E
102
}
330
2A
100
AcDbVisualStyle
  2
Shaded
 70
    27
 71
     2
 72
     2
 73
     1
 90
        2
 40
0.6
 41
30.0
 62
     5
 63
     7
421
 16777215
 74
     0
 91
        4
 64
     7
 65
   257
 75
     1
175
     1
 42
1.0
 92
        8
 66
   257
 43
1.0
 76
     1
 77
     6
 78
     2
 67
     8
425
  7895160
 79
     3
170
     0
171
     0
290
     0
174
     0
 93
        5
 44
0.0
173
     0
291
     0
 45
0.0
  0
VISUALSTYLE
  5
41
102
{ACAD_REACTORS
330
2A
102
}
102
{ACAD_XDICTIONARY
360
36C
102
}
330
2A
100
AcDbVisualStyle
  2
Shaded with edges
 70
    26
 71
     2
 72
     2
 73
     1
 90
        2
 40
0.6
 41
30.0
 62
     5
 63
     7
421
 16777215
 74
     1
 91
       10
 64
     7
 65
   257
 75
     2
175
     1
 42
1.0
 92
        8
 66
   257
 43
1.0
 76
     1
 77
     6
 78
     2
 67
     7
 79
     3
170
     0
171
     0
290
     0
174
     0
 93
        5
 44
0.0
173
     0
291
     0
 45
0.0
  0
VISUALSTYLE
  5
3E
102
{ACAD_REACTORS
330
2A
102
}
102
{ACAD_XDICTIONARY
360
366
102
}
330
2A
100
AcDbVisualStyle
  2
Shades of Gray
 70
    23
 71
     2
 72
     2
 73
     3
 90
        0
 40
0.6
 41
30.0
 62
     5
 63
     7
421
 16777215
 74
     2
 91
        2
 64
     7
 65
     7
 75
     1
175
     1
 42
40.0
 92
        8
 66
     7
 43
1.0
 76
     1
 77
     6
 78
     2
 67
     7
 79
     3
170
     0
171
     0
290
     0
174
     0
 93
        1
 44
0.0
173
     0
291
     0
 45
0.0
  0
VISUALSTYLE
  5
3F
102
{ACAD_REACTORS
330
2A
102
}
102
{ACAD_XDICTIONARY
360
368
102
}
330
2A
100
AcDbVisualStyle
  2
Sketchy
 70
    24
 71
     1
 72
     2
 73
     2
 90
        0
 40
0.6
 41
30.0
 62
     5
 63
     7
421
 16777215
 74
     2
 91
        2
 64
     7
 65
     7
 75
     1
175
     1
 42
40.0
 92
       11
 66
     7
 43
1.0
 76
     1
 77
     6
 78
     2
 67
     7
 79
     6
170
     0
171
     0
290
     0
174
     0
 93
        1
 44
0.0
173
     0
291
     0
 45
0.0
  0
VISUALSTYLE
  5
37
102
{ACAD_REACTORS
330
2A
102
}
102
{ACAD_XDICTIONARY
360
358
102
}
330
2A
100
AcDbVisualStyle
  2
Thicken
 70
    13
 71
     2
 72
     2
 73
     0
 90
        0
 40
0.6
 41
30.0
 62
     5
 63
     7
421
 16777215
 74
     1
 91
        4
 64
     7
 65
   257
 75
     1
175
     1
 42
1.0
 92
       12
 66
     7
 43
1.0
 76
     1
 77
     6
 78
     2
 67
     7
 79
     5
170
     0
171
     0
290
     0
174
     0
 93
        1
 44
0.0
173
     0
291
     1
 45
0.0
  0
VISUALSTYLE
  5
30
102
{ACAD_REACTORS
330
2A
102
}
102
{ACAD_XDICTIONARY
360
34A
102
}
330
2A
100
AcDbVisualStyle
  2
Wireframe
 70
     5
 71
     0
 72
     2
 73
     0
 90
        0
 40
0.6
 41
30.0
 62
     5
 63
     7
421
 16777215
 74
     1
 91
        4
 64
     7
 65
   257
 75
     1
175
     1
 42
1.0
 92
        0
 66
   257
 43
1.0
 76
     1
 77
     6
 78
     2
 67
     7
 79
     3
170
     0
171
     0
290
     0
174
     0
 93
        1
 44
0.0
173
     0
291
     0
 45
0.0
  0
VISUALSTYLE
  5
40
102
{ACAD_REACTORS
330
2A
102
}
102
{ACAD_XDICTIONARY
360
36A
102
}
330
2A
100
AcDbVisualStyle
  2
X-Ray
 70
    25
 71
     2
 72
     2
 73
     1
 90
        1
 40
0.5
 41
30.0
 62
     5
 63
     7
421
 16777215
 74
     1
 91
        0
 64
     7
 65
   257
 75
     1
175
     1
 42
1.0
 92
        8
 66
     7
 43
1.0
 76
     1
 77
     6
 78
     2
 67
     7
 79
     3
170
     0
171
     0
290
     0
174
     0
 93
       13
 44
0.0
173
     0
291
     0
 45
0.0
  0
DICTIONARYVAR
  5
33E
102
{ACAD_REACTORS
330
33D
102
}
330
33D
100
DictionaryVariables
280
     0
  1
1:1
  0
DICTIONARYVAR
  5
377
102
{ACAD_REACTORS
330
33D
102
}
330
33D
100
DictionaryVariables
280
     0
  1
Standard
  0
DICTIONARYVAR
  5
376
102
{ACAD_REACTORS
330
33D
102
}
330
33D
100
DictionaryVariables
280
     0
  1
Standard
  0
DICTIONARYVAR
  5
33F
102
{ACAD_REACTORS
330
33D
102
}
330
33D
100
DictionaryVariables
280
     0
  1
2
  0
DICTIONARY
  5
373
330
5C
100
AcDbDictionary
280
     1
281
     1
  3
ACAD_XREC_ROUNDTRIP
360
374
  0
DICTIONARY
  5
370
330
5A
100
AcDbDictionary
280
     1
281
     1
  3
ACAD_ROUNDTRIP_2008_TABLESTYLE_CELLSTYLEMAP
360
371
  0
DICTIONARY
  5
348
330
2F
100
AcDbDictionary
280
     1
281
     1
  3
ACAD_XREC_ROUNDTRIP
360
349
  0
DICTIONARY
  5
34E
330
32
100
AcDbDictionary
280
     1
281
     1
  3
ACAD_XREC_ROUNDTRIP
360
34F
  0
DICTIONARY
  5
356
330
36
100
AcDbDictionary
280
     1
281
     1
  3
ACAD_XREC_ROUNDTRIP
360
357
  0
DICTIONARY
  5
35E
330
3A
100
AcDbDictionary
280
     1
281
     1
  3
ACAD_XREC_ROUNDTRIP
360
35F
  0
DICTIONARY
  5
352
330
34
100
AcDbDictionary
280
     1
281
     1
  3
ACAD_XREC_ROUNDTRIP
360
353
  0
DICTIONARY
  5
354
330
35
100
AcDbDictionary
280
     1
281
     1
  3
ACAD_XREC_ROUNDTRIP
360
355
  0
DICTIONARY
  5
364
330
3D
100
AcDbDictionary
280
     1
281
     1
  3
ACAD_XREC_ROUNDTRIP
360
365
  0
DICTIONARY
  5
35C
330
39
100
AcDbDictionary
280
     1
281
     1
  3
ACAD_XREC_ROUNDTRIP
360
35D
  0
DICTIONARY
  5
340
330
2B
100
AcDbDictionary
280
     1
281
     1
  3
ACAD_XREC_ROUNDTRIP
360
341
  0
DICTIONARY
  5
342
330
2C
100
AcDbDictionary
280
     1
281
     1
  3
ACAD_XREC_ROUNDTRIP
360
343
  0
DICTIONARY
  5
344
330
2D
100
AcDbDictionary
280
     1
281
     1
  3
ACAD_XREC_ROUNDTRIP
360
345
  0
DICTIONARY
  5
346
330
2E
100
AcDbDictionary
280
     1
281
     1
  3
ACAD_XREC_ROUNDTRIP
360
347
  0
DICTIONARY
  5
34C
330
31
100
AcDbDictionary
280
     1
281
     1
  3
ACAD_XREC_ROUNDTRIP
360
34D
  0
DICTIONARY
  5
360
330
3B
100
AcDbDictionary
280
     1
281
     1
  3
ACAD_XREC_ROUNDTRIP
360
361
  0
DICTIONARY
  5
35A
330
38
100
AcDbDictionary
280
     1
281
     1
  3
ACAD_XREC_ROUNDTRIP
360
35B
  0
DICTIONARY
  5
362
330
3C
100
AcDbDictionary
280
     1
281
     1
  3
ACAD_XREC_ROUNDTRIP
360
363
  0
DICTIONARY
  5
350
330
33
100
AcDbDictionary
280
     1
281
     1
  3
ACAD_XREC_ROUNDTRIP
360
351
  0
DICTIONARY
  5
36E
330
42
100
AcDbDictionary
280
     1
281
     1
  3
ACAD_XREC_ROUNDTRIP
360
36F
  0
DICTIONARY
  5
36C
330
41
100
AcDbDictionary
280
     1
281
     1
  3
ACAD_XREC_ROUNDTRIP
360
36D
  0
DICTIONARY
  5
366
330
3E
100
AcDbDictionary
280
     1
281
     1
  3
ACAD_XREC_ROUNDTRIP
360
367
  0
DICTIONARY
  5
368
330
3F
100
AcDbDictionary
280
     1
281
     1
  3
ACAD_XREC_ROUNDTRIP
360
369
  0
DICTIONARY
  5
358
330
37
100
AcDbDictionary
280
     1
281
     1
  3
ACAD_XREC_ROUNDTRIP
360
359
  0
DICTIONARY
  5
34A
330
30
100
AcDbDictionary
280
     1
281
     1
  3
ACAD_XREC_ROUNDTRIP
360
34B
  0
DICTIONARY
  5
36A
330
40
100
AcDbDictionary
280
     1
281
     1
  3
ACAD_XREC_ROUNDTRIP
360
36B
  0
XRECORD
  5
374
102
{ACAD_REACTORS
330
373
102
}
330
373
100
AcDbXrecord
280
     1
102
ACAD_ROUNDTRIP_2010_MLEADER_STYLE
  0
CELLSTYLEMAP
  5
371
102
{ACAD_REACTORS
330
370
102
}
330
370
100
AcDbCellStyleMap
 90
        3
300
CELLSTYLE
  1
TABLEFORMAT_BEGIN
 90
        5
170
     1
 91
        0
 92
    32768
 62
   257
 93
        1
300
CONTENTFORMAT
  1
CONTENTFORMAT_BEGIN
 90
        0
 91
        0
 92
        4
 93
        0
300

 40
0.0
140
1.0
 94
        5
 62
     0
340
11
144
0.25
309
CONTENTFORMAT_END
171
     1
301
MARGIN
  1
CELLMARGIN_BEGIN
 40
0.06
 40
0.06
 40
0.06
 40
0.06
 40
0.06
 40
0.06
309
CELLMARGIN_END
 94
        6
 95
        1
302
GRIDFORMAT
  1
GRIDFORMAT_BEGIN
 90
        0
 91
        1
 62
     0
 92
       -2
340
14
 93
        0
 40
0.045
309
GRIDFORMAT_END
 95
        2
302
GRIDFORMAT
  1
GRIDFORMAT_BEGIN
 90
        0
 91
        1
 62
     0
 92
       -2
340
14
 93
        0
 40
0.045
309
GRIDFORMAT_END
 95
        4
302
GRIDFORMAT
  1
GRIDFORMAT_BEGIN
 90
        0
 91
        1
 62
     0
 92
       -2
340
14
 93
        0
 40
0.045
309
GRIDFORMAT_END
 95
        8
302
GRIDFORMAT
  1
GRIDFORMAT_BEGIN
 90
        0
 91
        1
 62
     0
 92
       -2
340
14
 93
        0
 40
0.045
309
GRIDFORMAT_END
 95
       16
302
GRIDFORMAT
  1
GRIDFORMAT_BEGIN
 90
        0
 91
        1
 62
     0
 92
       -2
340
14
 93
        0
 40
0.045
309
GRIDFORMAT_END
 95
       32
302
GRIDFORMAT
  1
GRIDFORMAT_BEGIN
 90
        0
 91
        1
 62
     0
 92
       -2
340
14
 93
        0
 40
0.045
309
GRIDFORMAT_END
309
TABLEFORMAT_END
  1
CELLSTYLE_BEGIN
 90
        1
 91
        1
300
_TITLE
309
CELLSTYLE_END
300
CELLSTYLE
  1
TABLEFORMAT_BEGIN
 90
        5
170
     1
 91
        0
 92
        0
 62
   257
 93
        1
300
CONTENTFORMAT
  1
CONTENTFORMAT_BEGIN
 90
        0
 91
        0
 92
        4
 93
        0
300

 40
0.0
140
1.0
 94
        5
 62
     0
340
11
144
0.18
309
CONTENTFORMAT_END
171
     1
301
MARGIN
  1
CELLMARGIN_BEGIN
 40
0.06
 40
0.06
 40
0.06
 40
0.06
 40
0.06
 40
0.06
309
CELLMARGIN_END
 94
        6
 95
        1
302
GRIDFORMAT
  1
GRIDFORMAT_BEGIN
 90
        0
 91
        1
 62
     0
 92
       -2
340
14
 93
        0
 40
0.045
309
GRIDFORMAT_END
 95
        2
302
GRIDFORMAT
  1
GRIDFORMAT_BEGIN
 90
        0
 91
        1
 62
     0
 92
       -2
340
14
 93
        0
 40
0.045
309
GRIDFORMAT_END
 95
        4
302
GRIDFORMAT
  1
GRIDFORMAT_BEGIN
 90
        0
 91
        1
 62
     0
 92
       -2
340
14
 93
        0
 40
0.045
309
GRIDFORMAT_END
 95
        8
302
GRIDFORMAT
  1
GRIDFORMAT_BEGIN
 90
        0
 91
        1
 62
     0
 92
       -2
340
14
 93
        0
 40
0.045
309
GRIDFORMAT_END
 95
       16
302
GRIDFORMAT
  1
GRIDFORMAT_BEGIN
 90
        0
 91
        1
 62
     0
 92
       -2
340
14
 93
        0
 40
0.045
309
GRIDFORMAT_END
 95
       32
302
GRIDFORMAT
  1
GRIDFORMAT_BEGIN
 90
        0
 91
        1
 62
     0
 92
       -2
340
14
 93
        0
 40
0.045
309
GRIDFORMAT_END
309
TABLEFORMAT_END
  1
CELLSTYLE_BEGIN
 90
        2
 91
        1
300
_HEADER
309
CELLSTYLE_END
300
CELLSTYLE
  1
TABLEFORMAT_BEGIN
 90
        5
170
     1
 91
        0
 92
        0
 62
   257
 93
        1
300
CONTENTFORMAT
  1
CONTENTFORMAT_BEGIN
 90
        0
 91
        0
 92
        4
 93
        0
300

 40
0.0
140
1.0
 94
        2
 62
     0
340
11
144
0.18
309
CONTENTFORMAT_END
171
     1
301
MARGIN
  1
CELLMARGIN_BEGIN
 40
0.06
 40
0.06
 40
0.06
 40
0.06
 40
0.06
 40
0.06
309
CELLMARGIN_END
 94
        6
 95
        1
302
GRIDFORMAT
  1
GRIDFORMAT_BEGIN
 90
        0
 91
        1
 62
     0
 92
       -2
340
14
 93
        0
 40
0.045
309
GRIDFORMAT_END
 95
        2
302
GRIDFORMAT
  1
GRIDFORMAT_BEGIN
 90
        0
 91
        1
 62
     0
 92
       -2
340
14
 93
        0
 40
0.045
309
GRIDFORMAT_END
 95
        4
302
GRIDFORMAT
  1
GRIDFORMAT_BEGIN
 90
        0
 91
        1
 62
     0
 92
       -2
340
14
 93
        0
 40
0.045
309
GRIDFORMAT_END
 95
        8
302
GRIDFORMAT
  1
GRIDFORMAT_BEGIN
 90
        0
 91
        1
 62
     0
 92
       -2
340
14
 93
        0
 40
0.045
309
GRIDFORMAT_END
 95
       16
302
GRIDFORMAT
  1
GRIDFORMAT_BEGIN
 90
        0
 91
        1
 62
     0
 92
       -2
340
14
 93
        0
 40
0.045
309
GRIDFORMAT_END
 95
       32
302
GRIDFORMAT
  1
GRIDFORMAT_BEGIN
 90
        0
 91
        1
 62
     0
 92
       -2
340
14
 93
        0
 40
0.045
309
GRIDFORMAT_END
309
TABLEFORMAT_END
  1
CELLSTYLE_BEGIN
 90
        3
 91
        2
300
_DATA
309
CELLSTYLE_END
  0
XRECORD
  5
349
102
{ACAD_REACTORS
330
348
102
}
330
348
100
AcDbXrecord
280
     1
102
RTVSPropertyOp0
 70
     1
102
RTVSPropertyOp1
 70
     1
102
RTVSPropertyOp2
 70
     1
102
RTVSPropertyOp3
 70
     1
102
RTVSPropertyOp4
 70
     1
102
RTVSPropertyOp5
 70
     1
102
RTVSPropertyOp6
 70
     1
102
RTVSPropertyOp7
 70
     1
102
RTVSPropertyOp8
 70
     1
102
RTVSPropertyOp9
 70
     1
102
RTVSPropertyOp10
 70
     1
102
RTVSPropertyOp11
 70
     1
102
RTVSPropertyOp12
 70
     1
102
RTVSPropertyOp13
 70
     1
102
RTVSPropertyOp14
 70
     1
102
RTVSPropertyOp15
 70
     1
102
RTVSPropertyOp16
 70
     1
102
RTVSPropertyOp17
 70
     1
102
RTVSPropertyOp18
 70
     1
102
RTVSPropertyOp19
 70
     1
102
RTVSPropertyOp20
 70
     1
102
RTVSPropertyOp21
 70
     1
102
RTVSPropertyOp22
 70
     1
102
RTVSPropertyOp23
 70
     1
102
RTVSPropertyOp24
 70
     1
102
RTVSPropertyOp25
 70
     1
102
RTVSPropertyOp26
 70
     1
102
RTVSPropertyOp27
 70
     1
102
RTVSPropertyOp28
 70
     1
102
RTVSPropertyOp29
 70
     1
102
RTVSPropertyOp30
 70
     1
102
RTVSPropertyOp31
 70
     1
102
RTVSPropertyOp32
 70
     1
102
RTVSPropertyOp33
 70
     1
102
RTVSPropertyOp34
 70
     1
102
RTVSPropertyOp35
 70
     1
102
RTVSPropertyOp36
 70
     1
102
RTVSPropertyOp37
 70
     1
102
RTVSPropertyOp38
 70
     1
102
RTVSPropertyOp39
 70
     1
102
RTVSPropertyOp40
 70
     1
102
RTVSPropertyOp41
 70
     1
102
RTVSPropertyOp42
 70
     1
102
RTVSPropertyOp43
 70
     1
102
RTVSPropertyOp44
 70
     1
102
RTVSPropertyOp45
 70
     1
102
RTVSPropertyOp46
 70
     1
102
RTVSPropertyOp47
 70
     1
102
RTVSPropertyOp48
 70
     1
102
RTVSPropertyOp49
 70
     1
102
RTVSPropertyOp50
 70
     1
102
RTVSPropertyOp51
 70
     0
102
RTVSPropertyOp52
 70
     0
102
RTVSPropertyOp53
 70
     1
102
RTVSPropertyOp54
 70
     1
102
RTVSPropertyOp55
 70
     1
102
RTVSPropertyOp56
 70
     1
102
RTVSPropertyOp57
 70
     1
102
RTVSPost2010Prop28
280
     1
102
RTVSPost2010PropOp28
 70
     1
102
RTVSPost2010Prop29
280
     1
102
RTVSPost2010PropOp29
 70
     1
102
RTVSPost2010Prop30
280
     0
102
RTVSPost2010PropOp30
 70
     1
102
RTVSPost2010Prop31
280
     0
102
RTVSPost2010PropOp31
 70
     1
102
RTVSPost2010Prop32
280
     0
102
RTVSPost2010PropOp32
 70
     1
102
RTVSPost2010Prop33
280
     0
102
RTVSPost2010PropOp33
 70
     1
102
RTVSPost2010Prop34
280
     0
102
RTVSPost2010PropOp34
 70
     1
102
RTVSPost2010Prop35
280
     0
102
RTVSPost2010PropOp35
 70
     1
102
RTVSPost2010Prop36
280
     0
102
RTVSPost2010PropOp36
 70
     1
102
RTVSPost2010Prop37
 90
       50
102
RTVSPost2010PropOp37
 70
     1
102
RTVSPost2010Prop38
140
0.0
102
RTVSPost2010PropOp38
 70
     1
102
RTVSPost2010Prop39
140
1.0
102
RTVSPost2010PropOp39
 70
     1
102
RTVSPost2010Prop40
 90
        0
102
RTVSPost2010PropOp40
 70
     1
102
RTVSPost2010Prop41ColorIndex
 90
       18
102
RTVSPost2010Prop41ColorRGB
 90
        0
102
RTVSPost2010PropOp41
 70
     1
102
RTVSPost2010Prop42
 90
       50
102
RTVSPost2010PropOp42
 70
     1
102
RTVSPost2010Prop43
 90
        3
102
RTVSPost2010PropOp43
 70
     1
102
RTVSPost2010Prop44ColorIndex
 90
        5
102
RTVSPost2010Prop44ColorRGB
 90
      255
102
RTVSPost2010PropOp44
 70
     1
102
RTVSPost2010Prop45
280
     0
102
RTVSPost2010PropOp45
 70
     1
102
RTVSPost2010Prop46
 90
       50
102
RTVSPost2010PropOp46
 70
     1
102
RTVSPost2010Prop47
 90
       50
102
RTVSPost2010PropOp47
 70
     1
102
RTVSPost2010Prop48
 90
       50
102
RTVSPost2010PropOp48
 70
     1
102
RTVSPost2010Prop49
280
     0
102
RTVSPost2010PropOp49
 70
     1
102
RTVSPost2010Prop50
 90
       50
102
RTVSPost2010PropOp50
 70
     1
102
RTVSPost2010Prop51ColorIndex
 90
      256
102
RTVSPost2010Prop51ColorRGB
 90
-16777216
102
RTVSPost2010PropOp51
 70
     0
102
RTVSPost2010Prop52
140
1.0
102
RTVSPost2010PropOp52
 70
     0
102
RTVSPost2010Prop53
 90
        2
102
RTVSPost2010PropOp53
 70
     1
102
RTVSPost2010Prop54
  1
strokes_ogs.tif
102
RTVSPost2010PropOp54
 70
     1
102
RTVSPost2010Prop55
280
     0
102
RTVSPost2010PropOp55
 70
     1
102
RTVSPost2010Prop56
140
1.0
102
RTVSPost2010PropOp56
 70
     1
102
RTVSPost2010Prop57
140
1.0
102
RTVSPost2010PropOp57
 70
     1
  0
XRECORD
  5
34F
102
{ACAD_REACTORS
330
34E
102
}
330
34E
100
AcDbXrecord
280
     1
102
RTVSPropertyOp0
 70
     1
102
RTVSPropertyOp1
 70
     1
102
RTVSPropertyOp2
 70
     1
102
RTVSPropertyOp3
 70
     1
102
RTVSPropertyOp4
 70
     1
102
RTVSPropertyOp5
 70
     1
102
RTVSPropertyOp6
 70
     1
102
RTVSPropertyOp7
 70
     1
102
RTVSPropertyOp8
 70
     1
102
RTVSPropertyOp9
 70
     1
102
RTVSPropertyOp10
 70
     1
102
RTVSPropertyOp11
 70
     1
102
RTVSPropertyOp12
 70
     1
102
RTVSPropertyOp13
 70
     1
102
RTVSPropertyOp14
 70
     1
102
RTVSPropertyOp15
 70
     1
102
RTVSPropertyOp16
 70
     1
102
RTVSPropertyOp17
 70
     1
102
RTVSPropertyOp18
 70
     1
102
RTVSPropertyOp19
 70
     1
102
RTVSPropertyOp20
 70
     1
102
RTVSPropertyOp21
 70
     1
102
RTVSPropertyOp22
 70
     1
102
RTVSPropertyOp23
 70
     1
102
RTVSPropertyOp24
 70
     1
102
RTVSPropertyOp25
 70
     1
102
RTVSPropertyOp26
 70
     1
102
RTVSPropertyOp27
 70
     1
102
RTVSPropertyOp28
 70
     1
102
RTVSPropertyOp29
 70
     1
102
RTVSPropertyOp30
 70
     1
102
RTVSPropertyOp31
 70
     1
102
RTVSPropertyOp32
 70
     1
102
RTVSPropertyOp33
 70
     1
102
RTVSPropertyOp34
 70
     1
102
RTVSPropertyOp35
 70
     1
102
RTVSPropertyOp36
 70
     1
102
RTVSPropertyOp37
 70
     1
102
RTVSPropertyOp38
 70
     1
102
RTVSPropertyOp39
 70
     1
102
RTVSPropertyOp40
 70
     1
102
RTVSPropertyOp41
 70
     1
102
RTVSPropertyOp42
 70
     1
102
RTVSPropertyOp43
 70
     1
102
RTVSPropertyOp44
 70
     1
102
RTVSPropertyOp45
 70
     1
102
RTVSPropertyOp46
 70
     1
102
RTVSPropertyOp47
 70
     1
102
RTVSPropertyOp48
 70
     1
102
RTVSPropertyOp49
 70
     1
102
RTVSPropertyOp50
 70
     1
102
RTVSPropertyOp51
 70
     0
102
RTVSPropertyOp52
 70
     0
102
RTVSPropertyOp53
 70
     1
102
RTVSPropertyOp54
 70
     1
102
RTVSPropertyOp55
 70
     1
102
RTVSPropertyOp56
 70
     1
102
RTVSPropertyOp57
 70
     1
102
RTVSPost2010Prop28
280
     0
102
RTVSPost2010PropOp28
 70
     1
102
RTVSPost2010Prop29
280
     1
102
RTVSPost2010PropOp29
 70
     1
102
RTVSPost2010Prop30
280
     1
102
RTVSPost2010PropOp30
 70
     1
102
RTVSPost2010Prop31
280
     0
102
RTVSPost2010PropOp31
 70
     1
102
RTVSPost2010Prop32
280
     0
102
RTVSPost2010PropOp32
 70
     1
102
RTVSPost2010Prop33
280
     0
102
RTVSPost2010PropOp33
 70
     1
102
RTVSPost2010Prop34
280
     0
102
RTVSPost2010PropOp34
 70
     1
102
RTVSPost2010Prop35
280
     0
102
RTVSPost2010PropOp35
 70
     1
102
RTVSPost2010Prop36
280
     0
102
RTVSPost2010PropOp36
 70
     1
102
RTVSPost2010Prop37
 90
       50
102
RTVSPost2010PropOp37
 70
     1
102
RTVSPost2010Prop38
140
0.0
102
RTVSPost2010PropOp38
 70
     1
102
RTVSPost2010Prop39
140
1.0
102
RTVSPost2010PropOp39
 70
     1
102
RTVSPost2010Prop40
 90
        0
102
RTVSPost2010PropOp40
 70
     1
102
RTVSPost2010Prop41ColorIndex
 90
       18
102
RTVSPost2010Prop41ColorRGB
 90
        0
102
RTVSPost2010PropOp41
 70
     1
102
RTVSPost2010Prop42
 90
       50
102
RTVSPost2010PropOp42
 70
     1
102
RTVSPost2010Prop43
 90
        3
102
RTVSPost2010PropOp43
 70
     1
102
RTVSPost2010Prop44ColorIndex
 90
        5
102
RTVSPost2010Prop44ColorRGB
 90
      255
102
RTVSPost2010PropOp44
 70
     1
102
RTVSPost2010Prop45
280
     0
102
RTVSPost2010PropOp45
 70
     1
102
RTVSPost2010Prop46
 90
       50
102
RTVSPost2010PropOp46
 70
     1
102
RTVSPost2010Prop47
 90
       50
102
RTVSPost2010PropOp47
 70
     1
102
RTVSPost2010Prop48
 90
       50
102
RTVSPost2010PropOp48
 70
     1
102
RTVSPost2010Prop49
280
     0
102
RTVSPost2010PropOp49
 70
     1
102
RTVSPost2010Prop50
 90
       50
102
RTVSPost2010PropOp50
 70
     1
102
RTVSPost2010Prop51ColorIndex
 90
      256
102
RTVSPost2010Prop51ColorRGB
 90
-16777216
102
RTVSPost2010PropOp51
 70
     0
102
RTVSPost2010Prop52
140
1.0
102
RTVSPost2010PropOp52
 70
     0
102
RTVSPost2010Prop53
 90
        2
102
RTVSPost2010PropOp53
 70
     1
102
RTVSPost2010Prop54
  1
strokes_ogs.tif
102
RTVSPost2010PropOp54
 70
     1
102
RTVSPost2010Prop55
280
     0
102
RTVSPost2010PropOp55
 70
     1
102
RTVSPost2010Prop56
140
1.0
102
RTVSPost2010PropOp56
 70
     1
102
RTVSPost2010Prop57
140
1.0
102
RTVSPost2010PropOp57
 70
     1
  0
XRECORD
  5
357
102
{ACAD_REACTORS
330
356
102
}
330
356
100
AcDbXrecord
280
     1
102
RTVSPropertyOp0
 70
     1
102
RTVSPropertyOp1
 70
     1
102
RTVSPropertyOp2
 70
     1
102
RTVSPropertyOp3
 70
     1
102
RTVSPropertyOp4
 70
     1
102
RTVSPropertyOp5
 70
     1
102
RTVSPropertyOp6
 70
     1
102
RTVSPropertyOp7
 70
     1
102
RTVSPropertyOp8
 70
     1
102
RTVSPropertyOp9
 70
     1
102
RTVSPropertyOp10
 70
     1
102
RTVSPropertyOp11
 70
     1
102
RTVSPropertyOp12
 70
     1
102
RTVSPropertyOp13
 70
     1
102
RTVSPropertyOp14
 70
     1
102
RTVSPropertyOp15
 70
     1
102
RTVSPropertyOp16
 70
     1
102
RTVSPropertyOp17
 70
     1
102
RTVSPropertyOp18
 70
     1
102
RTVSPropertyOp19
 70
     1
102
RTVSPropertyOp20
 70
     1
102
RTVSPropertyOp21
 70
     1
102
RTVSPropertyOp22
 70
     1
102
RTVSPropertyOp23
 70
     1
102
RTVSPropertyOp24
 70
     1
102
RTVSPropertyOp25
 70
     1
102
RTVSPropertyOp26
 70
     1
102
RTVSPropertyOp27
 70
     1
102
RTVSPropertyOp28
 70
     1
102
RTVSPropertyOp29
 70
     1
102
RTVSPropertyOp30
 70
     1
102
RTVSPropertyOp31
 70
     1
102
RTVSPropertyOp32
 70
     1
102
RTVSPropertyOp33
 70
     1
102
RTVSPropertyOp34
 70
     1
102
RTVSPropertyOp35
 70
     1
102
RTVSPropertyOp36
 70
     1
102
RTVSPropertyOp37
 70
     1
102
RTVSPropertyOp38
 70
     1
102
RTVSPropertyOp39
 70
     1
102
RTVSPropertyOp40
 70
     1
102
RTVSPropertyOp41
 70
     1
102
RTVSPropertyOp42
 70
     1
102
RTVSPropertyOp43
 70
     1
102
RTVSPropertyOp44
 70
     1
102
RTVSPropertyOp45
 70
     1
102
RTVSPropertyOp46
 70
     1
102
RTVSPropertyOp47
 70
     1
102
RTVSPropertyOp48
 70
     1
102
RTVSPropertyOp49
 70
     1
102
RTVSPropertyOp50
 70
     1
102
RTVSPropertyOp51
 70
     0
102
RTVSPropertyOp52
 70
     0
102
RTVSPropertyOp53
 70
     1
102
RTVSPropertyOp54
 70
     1
102
RTVSPropertyOp55
 70
     1
102
RTVSPropertyOp56
 70
     1
102
RTVSPropertyOp57
 70
     1
102
RTVSPost2010Prop28
280
     0
102
RTVSPost2010PropOp28
 70
     1
102
RTVSPost2010Prop29
280
     1
102
RTVSPost2010PropOp29
 70
     1
102
RTVSPost2010Prop30
280
     1
102
RTVSPost2010PropOp30
 70
     1
102
RTVSPost2010Prop31
280
     0
102
RTVSPost2010PropOp31
 70
     1
102
RTVSPost2010Prop32
280
     0
102
RTVSPost2010PropOp32
 70
     1
102
RTVSPost2010Prop33
280
     0
102
RTVSPost2010PropOp33
 70
     1
102
RTVSPost2010Prop34
280
     0
102
RTVSPost2010PropOp34
 70
     1
102
RTVSPost2010Prop35
280
     0
102
RTVSPost2010PropOp35
 70
     1
102
RTVSPost2010Prop36
280
     0
102
RTVSPost2010PropOp36
 70
     1
102
RTVSPost2010Prop37
 90
       50
102
RTVSPost2010PropOp37
 70
     1
102
RTVSPost2010Prop38
140
0.0
102
RTVSPost2010PropOp38
 70
     1
102
RTVSPost2010Prop39
140
1.0
102
RTVSPost2010PropOp39
 70
     1
102
RTVSPost2010Prop40
 90
        0
102
RTVSPost2010PropOp40
 70
     1
102
RTVSPost2010Prop41ColorIndex
 90
       18
102
RTVSPost2010Prop41ColorRGB
 90
        0
102
RTVSPost2010PropOp41
 70
     1
102
RTVSPost2010Prop42
 90
       50
102
RTVSPost2010PropOp42
 70
     1
102
RTVSPost2010Prop43
 90
        3
102
RTVSPost2010PropOp43
 70
     1
102
RTVSPost2010Prop44ColorIndex
 90
        5
102
RTVSPost2010Prop44ColorRGB
 90
      255
102
RTVSPost2010PropOp44
 70
     1
102
RTVSPost2010Prop45
280
     0
102
RTVSPost2010PropOp45
 70
     1
102
RTVSPost2010Prop46
 90
       50
102
RTVSPost2010PropOp46
 70
     1
102
RTVSPost2010Prop47
 90
       50
102
RTVSPost2010PropOp47
 70
     1
102
RTVSPost2010Prop48
 90
       50
102
RTVSPost2010PropOp48
 70
     1
102
RTVSPost2010Prop49
280
     0
102
RTVSPost2010PropOp49
 70
     1
102
RTVSPost2010Prop50
 90
       50
102
RTVSPost2010PropOp50
 70
     1
102
RTVSPost2010Prop51ColorIndex
 90
      256
102
RTVSPost2010Prop51ColorRGB
 90
-16777216
102
RTVSPost2010PropOp51
 70
     0
102
RTVSPost2010Prop52
140
1.0
102
RTVSPost2010PropOp52
 70
     0
102
RTVSPost2010Prop53
 90
        2
102
RTVSPost2010PropOp53
 70
     1
102
RTVSPost2010Prop54
  1
strokes_ogs.tif
102
RTVSPost2010PropOp54
 70
     1
102
RTVSPost2010Prop55
280
     0
102
RTVSPost2010PropOp55
 70
     1
102
RTVSPost2010Prop56
140
1.0
102
RTVSPost2010PropOp56
 70
     1
102
RTVSPost2010Prop57
140
1.0
102
RTVSPost2010PropOp57
 70
     1
  0
XRECORD
  5
35F
102
{ACAD_REACTORS
330
35E
102
}
330
35E
100
AcDbXrecord
280
     1
102
RTVSPropertyOp0
 70
     1
102
RTVSPropertyOp1
 70
     1
102
RTVSPropertyOp2
 70
     1
102
RTVSPropertyOp3
 70
     1
102
RTVSPropertyOp4
 70
     1
102
RTVSPropertyOp5
 70
     1
102
RTVSPropertyOp6
 70
     1
102
RTVSPropertyOp7
 70
     1
102
RTVSPropertyOp8
 70
     1
102
RTVSPropertyOp9
 70
     1
102
RTVSPropertyOp10
 70
     1
102
RTVSPropertyOp11
 70
     1
102
RTVSPropertyOp12
 70
     1
102
RTVSPropertyOp13
 70
     1
102
RTVSPropertyOp14
 70
     1
102
RTVSPropertyOp15
 70
     1
102
RTVSPropertyOp16
 70
     1
102
RTVSPropertyOp17
 70
     1
102
RTVSPropertyOp18
 70
     1
102
RTVSPropertyOp19
 70
     1
102
RTVSPropertyOp20
 70
     1
102
RTVSPropertyOp21
 70
     1
102
RTVSPropertyOp22
 70
     1
102
RTVSPropertyOp23
 70
     1
102
RTVSPropertyOp24
 70
     1
102
RTVSPropertyOp25
 70
     1
102
RTVSPropertyOp26
 70
     1
102
RTVSPropertyOp27
 70
     1
102
RTVSPropertyOp28
 70
     1
102
RTVSPropertyOp29
 70
     1
102
RTVSPropertyOp30
 70
     1
102
RTVSPropertyOp31
 70
     1
102
RTVSPropertyOp32
 70
     1
102
RTVSPropertyOp33
 70
     1
102
RTVSPropertyOp34
 70
     1
102
RTVSPropertyOp35
 70
     1
102
RTVSPropertyOp36
 70
     1
102
RTVSPropertyOp37
 70
     1
102
RTVSPropertyOp38
 70
     1
102
RTVSPropertyOp39
 70
     1
102
RTVSPropertyOp40
 70
     1
102
RTVSPropertyOp41
 70
     1
102
RTVSPropertyOp42
 70
     1
102
RTVSPropertyOp43
 70
     1
102
RTVSPropertyOp44
 70
     1
102
RTVSPropertyOp45
 70
     1
102
RTVSPropertyOp46
 70
     1
102
RTVSPropertyOp47
 70
     1
102
RTVSPropertyOp48
 70
     1
102
RTVSPropertyOp49
 70
     1
102
RTVSPropertyOp50
 70
     1
102
RTVSPropertyOp51
 70
     0
102
RTVSPropertyOp52
 70
     0
102
RTVSPropertyOp53
 70
     1
102
RTVSPropertyOp54
 70
     1
102
RTVSPropertyOp55
 70
     1
102
RTVSPropertyOp56
 70
     1
102
RTVSPropertyOp57
 70
     1
102
RTVSPost2010Prop28
280
     0
102
RTVSPost2010PropOp28
 70
     1
102
RTVSPost2010Prop29
280
     1
102
RTVSPost2010PropOp29
 70
     1
102
RTVSPost2010Prop30
280
     1
102
RTVSPost2010PropOp30
 70
     1
102
RTVSPost2010Prop31
280
     0
102
RTVSPost2010PropOp31
 70
     1
102
RTVSPost2010Prop32
280
     0
102
RTVSPost2010PropOp32
 70
     1
102
RTVSPost2010Prop33
280
     0
102
RTVSPost2010PropOp33
 70
     1
102
RTVSPost2010Prop34
280
     0
102
RTVSPost2010PropOp34
 70
     1
102
RTVSPost2010Prop35
280
     0
102
RTVSPost2010PropOp35
 70
     1
102
RTVSPost2010Prop36
280
     0
102
RTVSPost2010PropOp36
 70
     1
102
RTVSPost2010Prop37
 90
       50
102
RTVSPost2010PropOp37
 70
     1
102
RTVSPost2010Prop38
140
0.0
102
RTVSPost2010PropOp38
 70
     1
102
RTVSPost2010Prop39
140
1.0
102
RTVSPost2010PropOp39
 70
     1
102
RTVSPost2010Prop40
 90
        0
102
RTVSPost2010PropOp40
 70
     1
102
RTVSPost2010Prop41ColorIndex
 90
       18
102
RTVSPost2010Prop41ColorRGB
 90
        0
102
RTVSPost2010PropOp41
 70
     1
102
RTVSPost2010Prop42
 90
       50
102
RTVSPost2010PropOp42
 70
     1
102
RTVSPost2010Prop43
 90
        3
102
RTVSPost2010PropOp43
 70
     1
102
RTVSPost2010Prop44ColorIndex
 90
        5
102
RTVSPost2010Prop44ColorRGB
 90
      255
102
RTVSPost2010PropOp44
 70
     1
102
RTVSPost2010Prop45
280
     0
102
RTVSPost2010PropOp45
 70
     1
102
RTVSPost2010Prop46
 90
       50
102
RTVSPost2010PropOp46
 70
     1
102
RTVSPost2010Prop47
 90
       50
102
RTVSPost2010PropOp47
 70
     1
102
RTVSPost2010Prop48
 90
       50
102
RTVSPost2010PropOp48
 70
     1
102
RTVSPost2010Prop49
280
     0
102
RTVSPost2010PropOp49
 70
     1
102
RTVSPost2010Prop50
 90
       50
102
RTVSPost2010PropOp50
 70
     1
102
RTVSPost2010Prop51ColorIndex
 90
      256
102
RTVSPost2010Prop51ColorRGB
 90
-16777216
102
RTVSPost2010PropOp51
 70
     0
102
RTVSPost2010Prop52
140
1.0
102
RTVSPost2010PropOp52
 70
     0
102
RTVSPost2010Prop53
 90
        2
102
RTVSPost2010PropOp53
 70
     1
102
RTVSPost2010Prop54
  1
strokes_ogs.tif
102
RTVSPost2010PropOp54
 70
     1
102
RTVSPost2010Prop55
280
     0
102
RTVSPost2010PropOp55
 70
     1
102
RTVSPost2010Prop56
140
1.0
102
RTVSPost2010PropOp56
 70
     1
102
RTVSPost2010Prop57
140
1.0
102
RTVSPost2010PropOp57
 70
     1
  0
XRECORD
  5
353
102
{ACAD_REACTORS
330
352
102
}
330
352
100
AcDbXrecord
280
     1
102
RTVSPropertyOp0
 70
     1
102
RTVSPropertyOp1
 70
     1
102
RTVSPropertyOp2
 70
     1
102
RTVSPropertyOp3
 70
     1
102
RTVSPropertyOp4
 70
     1
102
RTVSPropertyOp5
 70
     1
102
RTVSPropertyOp6
 70
     1
102
RTVSPropertyOp7
 70
     1
102
RTVSPropertyOp8
 70
     1
102
RTVSPropertyOp9
 70
     1
102
RTVSPropertyOp10
 70
     1
102
RTVSPropertyOp11
 70
     1
102
RTVSPropertyOp12
 70
     1
102
RTVSPropertyOp13
 70
     1
102
RTVSPropertyOp14
 70
     1
102
RTVSPropertyOp15
 70
     1
102
RTVSPropertyOp16
 70
     1
102
RTVSPropertyOp17
 70
     1
102
RTVSPropertyOp18
 70
     1
102
RTVSPropertyOp19
 70
     1
102
RTVSPropertyOp20
 70
     1
102
RTVSPropertyOp21
 70
     1
102
RTVSPropertyOp22
 70
     1
102
RTVSPropertyOp23
 70
     1
102
RTVSPropertyOp24
 70
     1
102
RTVSPropertyOp25
 70
     1
102
RTVSPropertyOp26
 70
     1
102
RTVSPropertyOp27
 70
     1
102
RTVSPropertyOp28
 70
     1
102
RTVSPropertyOp29
 70
     1
102
RTVSPropertyOp30
 70
     1
102
RTVSPropertyOp31
 70
     1
102
RTVSPropertyOp32
 70
     1
102
RTVSPropertyOp33
 70
     1
102
RTVSPropertyOp34
 70
     1
102
RTVSPropertyOp35
 70
     1
102
RTVSPropertyOp36
 70
     1
102
RTVSPropertyOp37
 70
     1
102
RTVSPropertyOp38
 70
     1
102
RTVSPropertyOp39
 70
     1
102
RTVSPropertyOp40
 70
     1
102
RTVSPropertyOp41
 70
     1
102
RTVSPropertyOp42
 70
     1
102
RTVSPropertyOp43
 70
     1
102
RTVSPropertyOp44
 70
     1
102
RTVSPropertyOp45
 70
     1
102
RTVSPropertyOp46
 70
     1
102
RTVSPropertyOp47
 70
     1
102
RTVSPropertyOp48
 70
     1
102
RTVSPropertyOp49
 70
     1
102
RTVSPropertyOp50
 70
     1
102
RTVSPropertyOp51
 70
     0
102
RTVSPropertyOp52
 70
     0
102
RTVSPropertyOp53
 70
     1
102
RTVSPropertyOp54
 70
     1
102
RTVSPropertyOp55
 70
     1
102
RTVSPropertyOp56
 70
     1
102
RTVSPropertyOp57
 70
     1
102
RTVSPost2010Prop28
280
     0
102
RTVSPost2010PropOp28
 70
     1
102
RTVSPost2010Prop29
280
     1
102
RTVSPost2010PropOp29
 70
     1
102
RTVSPost2010Prop30
280
     1
102
RTVSPost2010PropOp30
 70
     1
102
RTVSPost2010Prop31
280
     0
102
RTVSPost2010PropOp31
 70
     1
102
RTVSPost2010Prop32
280
     0
102
RTVSPost2010PropOp32
 70
     1
102
RTVSPost2010Prop33
280
     0
102
RTVSPost2010PropOp33
 70
     1
102
RTVSPost2010Prop34
280
     0
102
RTVSPost2010PropOp34
 70
     1
102
RTVSPost2010Prop35
280
     0
102
RTVSPost2010PropOp35
 70
     1
102
RTVSPost2010Prop36
280
     0
102
RTVSPost2010PropOp36
 70
     1
102
RTVSPost2010Prop37
 90
       50
102
RTVSPost2010PropOp37
 70
     1
102
RTVSPost2010Prop38
140
0.0
102
RTVSPost2010PropOp38
 70
     1
102
RTVSPost2010Prop39
140
1.0
102
RTVSPost2010PropOp39
 70
     1
102
RTVSPost2010Prop40
 90
        0
102
RTVSPost2010PropOp40
 70
     1
102
RTVSPost2010Prop41ColorIndex
 90
       18
102
RTVSPost2010Prop41ColorRGB
 90
        0
102
RTVSPost2010PropOp41
 70
     1
102
RTVSPost2010Prop42
 90
       50
102
RTVSPost2010PropOp42
 70
     1
102
RTVSPost2010Prop43
 90
        3
102
RTVSPost2010PropOp43
 70
     1
102
RTVSPost2010Prop44ColorIndex
 90
        5
102
RTVSPost2010Prop44ColorRGB
 90
      255
102
RTVSPost2010PropOp44
 70
     1
102
RTVSPost2010Prop45
280
     0
102
RTVSPost2010PropOp45
 70
     1
102
RTVSPost2010Prop46
 90
       50
102
RTVSPost2010PropOp46
 70
     1
102
RTVSPost2010Prop47
 90
       50
102
RTVSPost2010PropOp47
 70
     1
102
RTVSPost2010Prop48
 90
       50
102
RTVSPost2010PropOp48
 70
     1
102
RTVSPost2010Prop49
280
     0
102
RTVSPost2010PropOp49
 70
     1
102
RTVSPost2010Prop50
 90
       50
102
RTVSPost2010PropOp50
 70
     1
102
RTVSPost2010Prop51ColorIndex
 90
      256
102
RTVSPost2010Prop51ColorRGB
 90
-16777216
102
RTVSPost2010PropOp51
 70
     0
102
RTVSPost2010Prop52
140
1.0
102
RTVSPost2010PropOp52
 70
     0
102
RTVSPost2010Prop53
 90
        2
102
RTVSPost2010PropOp53
 70
     1
102
RTVSPost2010Prop54
  1
strokes_ogs.tif
102
RTVSPost2010PropOp54
 70
     1
102
RTVSPost2010Prop55
280
     0
102
RTVSPost2010PropOp55
 70
     1
102
RTVSPost2010Prop56
140
1.0
102
RTVSPost2010PropOp56
 70
     1
102
RTVSPost2010Prop57
140
1.0
102
RTVSPost2010PropOp57
 70
     1
  0
XRECORD
  5
355
102
{ACAD_REACTORS
330
354
102
}
330
354
100
AcDbXrecord
280
     1
102
RTVSPropertyOp0
 70
     1
102
RTVSPropertyOp1
 70
     1
102
RTVSPropertyOp2
 70
     1
102
RTVSPropertyOp3
 70
     1
102
RTVSPropertyOp4
 70
     1
102
RTVSPropertyOp5
 70
     1
102
RTVSPropertyOp6
 70
     1
102
RTVSPropertyOp7
 70
     1
102
RTVSPropertyOp8
 70
     1
102
RTVSPropertyOp9
 70
     1
102
RTVSPropertyOp10
 70
     1
102
RTVSPropertyOp11
 70
     1
102
RTVSPropertyOp12
 70
     1
102
RTVSPropertyOp13
 70
     1
102
RTVSPropertyOp14
 70
     1
102
RTVSPropertyOp15
 70
     1
102
RTVSPropertyOp16
 70
     1
102
RTVSPropertyOp17
 70
     1
102
RTVSPropertyOp18
 70
     1
102
RTVSPropertyOp19
 70
     1
102
RTVSPropertyOp20
 70
     1
102
RTVSPropertyOp21
 70
     1
102
RTVSPropertyOp22
 70
     1
102
RTVSPropertyOp23
 70
     1
102
RTVSPropertyOp24
 70
     1
102
RTVSPropertyOp25
 70
     1
102
RTVSPropertyOp26
 70
     1
102
RTVSPropertyOp27
 70
     1
102
RTVSPropertyOp28
 70
     1
102
RTVSPropertyOp29
 70
     1
102
RTVSPropertyOp30
 70
     1
102
RTVSPropertyOp31
 70
     1
102
RTVSPropertyOp32
 70
     1
102
RTVSPropertyOp33
 70
     1
102
RTVSPropertyOp34
 70
     1
102
RTVSPropertyOp35
 70
     1
102
RTVSPropertyOp36
 70
     1
102
RTVSPropertyOp37
 70
     1
102
RTVSPropertyOp38
 70
     1
102
RTVSPropertyOp39
 70
     1
102
RTVSPropertyOp40
 70
     1
102
RTVSPropertyOp41
 70
     1
102
RTVSPropertyOp42
 70
     1
102
RTVSPropertyOp43
 70
     1
102
RTVSPropertyOp44
 70
     1
102
RTVSPropertyOp45
 70
     1
102
RTVSPropertyOp46
 70
     1
102
RTVSPropertyOp47
 70
     1
102
RTVSPropertyOp48
 70
     1
102
RTVSPropertyOp49
 70
     1
102
RTVSPropertyOp50
 70
     1
102
RTVSPropertyOp51
 70
     0
102
RTVSPropertyOp52
 70
     0
102
RTVSPropertyOp53
 70
     1
102
RTVSPropertyOp54
 70
     1
102
RTVSPropertyOp55
 70
     1
102
RTVSPropertyOp56
 70
     1
102
RTVSPropertyOp57
 70
     1
102
RTVSPost2010Prop28
280
     0
102
RTVSPost2010PropOp28
 70
     1
102
RTVSPost2010Prop29
280
     1
102
RTVSPost2010PropOp29
 70
     1
102
RTVSPost2010Prop30
280
     1
102
RTVSPost2010PropOp30
 70
     1
102
RTVSPost2010Prop31
280
     0
102
RTVSPost2010PropOp31
 70
     1
102
RTVSPost2010Prop32
280
     0
102
RTVSPost2010PropOp32
 70
     1
102
RTVSPost2010Prop33
280
     0
102
RTVSPost2010PropOp33
 70
     1
102
RTVSPost2010Prop34
280
     0
102
RTVSPost2010PropOp34
 70
     1
102
RTVSPost2010Prop35
280
     0
102
RTVSPost2010PropOp35
 70
     1
102
RTVSPost2010Prop36
280
     0
102
RTVSPost2010PropOp36
 70
     1
102
RTVSPost2010Prop37
 90
       50
102
RTVSPost2010PropOp37
 70
     1
102
RTVSPost2010Prop38
140
0.0
102
RTVSPost2010PropOp38
 70
     1
102
RTVSPost2010Prop39
140
1.0
102
RTVSPost2010PropOp39
 70
     1
102
RTVSPost2010Prop40
 90
        0
102
RTVSPost2010PropOp40
 70
     1
102
RTVSPost2010Prop41ColorIndex
 90
       18
102
RTVSPost2010Prop41ColorRGB
 90
        0
102
RTVSPost2010PropOp41
 70
     1
102
RTVSPost2010Prop42
 90
       50
102
RTVSPost2010PropOp42
 70
     1
102
RTVSPost2010Prop43
 90
        3
102
RTVSPost2010PropOp43
 70
     1
102
RTVSPost2010Prop44ColorIndex
 90
        5
102
RTVSPost2010Prop44ColorRGB
 90
      255
102
RTVSPost2010PropOp44
 70
     1
102
RTVSPost2010Prop45
280
     0
102
RTVSPost2010PropOp45
 70
     1
102
RTVSPost2010Prop46
 90
       50
102
RTVSPost2010PropOp46
 70
     1
102
RTVSPost2010Prop47
 90
       50
102
RTVSPost2010PropOp47
 70
     1
102
RTVSPost2010Prop48
 90
       50
102
RTVSPost2010PropOp48
 70
     1
102
RTVSPost2010Prop49
280
     0
102
RTVSPost2010PropOp49
 70
     1
102
RTVSPost2010Prop50
 90
       50
102
RTVSPost2010PropOp50
 70
     1
102
RTVSPost2010Prop51ColorIndex
 90
      256
102
RTVSPost2010Prop51ColorRGB
 90
-16777216
102
RTVSPost2010PropOp51
 70
     0
102
RTVSPost2010Prop52
140
1.0
102
RTVSPost2010PropOp52
 70
     0
102
RTVSPost2010Prop53
 90
        2
102
RTVSPost2010PropOp53
 70
     1
102
RTVSPost2010Prop54
  1
strokes_ogs.tif
102
RTVSPost2010PropOp54
 70
     1
102
RTVSPost2010Prop55
280
     0
102
RTVSPost2010PropOp55
 70
     1
102
RTVSPost2010Prop56
140
1.0
102
RTVSPost2010PropOp56
 70
     1
102
RTVSPost2010Prop57
140
1.0
102
RTVSPost2010PropOp57
 70
     1
  0
XRECORD
  5
365
102
{ACAD_REACTORS
330
364
102
}
330
364
100
AcDbXrecord
280
     1
102
RTVSPropertyOp0
 70
     0
102
RTVSPropertyOp1
 70
     0
102
RTVSPropertyOp2
 70
     0
102
RTVSPropertyOp3
 70
     0
102
RTVSPropertyOp4
 70
     0
102
RTVSPropertyOp5
 70
     0
102
RTVSPropertyOp6
 70
     0
102
RTVSPropertyOp7
 70
     0
102
RTVSPropertyOp8
 70
     0
102
RTVSPropertyOp9
 70
     0
102
RTVSPropertyOp10
 70
     0
102
RTVSPropertyOp11
 70
     0
102
RTVSPropertyOp12
 70
     0
102
RTVSPropertyOp13
 70
     0
102
RTVSPropertyOp14
 70
     2
102
RTVSPropertyOp15
 70
     0
102
RTVSPropertyOp16
 70
     0
102
RTVSPropertyOp17
 70
     0
102
RTVSPropertyOp18
 70
     0
102
RTVSPropertyOp19
 70
     0
102
RTVSPropertyOp20
 70
     0
102
RTVSPropertyOp21
 70
     0
102
RTVSPropertyOp22
 70
     0
102
RTVSPropertyOp23
 70
     0
102
RTVSPropertyOp24
 70
     0
102
RTVSPropertyOp25
 70
     0
102
RTVSPropertyOp26
 70
     0
102
RTVSPropertyOp27
 70
     0
102
RTVSPropertyOp28
 70
     0
102
RTVSPropertyOp29
 70
     0
102
RTVSPropertyOp30
 70
     0
102
RTVSPropertyOp31
 70
     0
102
RTVSPropertyOp32
 70
     0
102
RTVSPropertyOp33
 70
     0
102
RTVSPropertyOp34
 70
     0
102
RTVSPropertyOp35
 70
     0
102
RTVSPropertyOp36
 70
     0
102
RTVSPropertyOp37
 70
     0
102
RTVSPropertyOp38
 70
     0
102
RTVSPropertyOp39
 70
     0
102
RTVSPropertyOp40
 70
     0
102
RTVSPropertyOp41
 70
     0
102
RTVSPropertyOp42
 70
     0
102
RTVSPropertyOp43
 70
     0
102
RTVSPropertyOp44
 70
     0
102
RTVSPropertyOp45
 70
     0
102
RTVSPropertyOp46
 70
     0
102
RTVSPropertyOp47
 70
     0
102
RTVSPropertyOp48
 70
     0
102
RTVSPropertyOp49
 70
     0
102
RTVSPropertyOp50
 70
     0
102
RTVSPropertyOp51
 70
     0
102
RTVSPropertyOp52
 70
     0
102
RTVSPropertyOp53
 70
     0
102
RTVSPropertyOp54
 70
     0
102
RTVSPropertyOp55
 70
     0
102
RTVSPropertyOp56
 70
     0
102
RTVSPropertyOp57
 70
     0
102
RTVSPost2010Prop28
280
     0
102
RTVSPost2010PropOp28
 70
     0
102
RTVSPost2010Prop29
280
     1
102
RTVSPost2010PropOp29
 70
     0
102
RTVSPost2010Prop30
280
     1
102
RTVSPost2010PropOp30
 70
     0
102
RTVSPost2010Prop31
280
     0
102
RTVSPost2010PropOp31
 70
     0
102
RTVSPost2010Prop32
280
     0
102
RTVSPost2010PropOp32
 70
     0
102
RTVSPost2010Prop33
280
     0
102
RTVSPost2010PropOp33
 70
     0
102
RTVSPost2010Prop34
280
     0
102
RTVSPost2010PropOp34
 70
     0
102
RTVSPost2010Prop35
280
     0
102
RTVSPost2010PropOp35
 70
     0
102
RTVSPost2010Prop36
280
     0
102
RTVSPost2010PropOp36
 70
     0
102
RTVSPost2010Prop37
 90
       50
102
RTVSPost2010PropOp37
 70
     0
102
RTVSPost2010Prop38
140
0.0
102
RTVSPost2010PropOp38
 70
     0
102
RTVSPost2010Prop39
140
1.0
102
RTVSPost2010PropOp39
 70
     0
102
RTVSPost2010Prop40
 90
        0
102
RTVSPost2010PropOp40
 70
     0
102
RTVSPost2010Prop41ColorIndex
 90
       18
102
RTVSPost2010Prop41ColorRGB
 90
        0
102
RTVSPost2010PropOp41
 70
     0
102
RTVSPost2010Prop42
 90
       50
102
RTVSPost2010PropOp42
 70
     0
102
RTVSPost2010Prop43
 90
        3
102
RTVSPost2010PropOp43
 70
     0
102
RTVSPost2010Prop44ColorIndex
 90
        5
102
RTVSPost2010Prop44ColorRGB
 90
      255
102
RTVSPost2010PropOp44
 70
     0
102
RTVSPost2010Prop45
280
     0
102
RTVSPost2010PropOp45
 70
     0
102
RTVSPost2010Prop46
 90
       50
102
RTVSPost2010PropOp46
 70
     0
102
RTVSPost2010Prop47
 90
       50
102
RTVSPost2010PropOp47
 70
     0
102
RTVSPost2010Prop48
 90
       50
102
RTVSPost2010PropOp48
 70
     0
102
RTVSPost2010Prop49
280
     0
102
RTVSPost2010PropOp49
 70
     0
102
RTVSPost2010Prop50
 90
       50
102
RTVSPost2010PropOp50
 70
     0
102
RTVSPost2010Prop51ColorIndex
 90
      256
102
RTVSPost2010Prop51ColorRGB
 90
-16777216
102
RTVSPost2010PropOp51
 70
     0
102
RTVSPost2010Prop52
140
1.0
102
RTVSPost2010PropOp52
 70
     0
102
RTVSPost2010Prop53
 90
        2
102
RTVSPost2010PropOp53
 70
     0
102
RTVSPost2010Prop54
  1
strokes_ogs.tif
102
RTVSPost2010PropOp54
 70
     0
102
RTVSPost2010Prop55
280
     0
102
RTVSPost2010PropOp55
 70
     0
102
RTVSPost2010Prop56
140
1.0
102
RTVSPost2010PropOp56
 70
     0
102
RTVSPost2010Prop57
140
1.0
102
RTVSPost2010PropOp57
 70
     0
  0
XRECORD
  5
35D
102
{ACAD_REACTORS
330
35C
102
}
330
35C
100
AcDbXrecord
280
     1
102
RTVSPropertyOp0
 70
     1
102
RTVSPropertyOp1
 70
     1
102
RTVSPropertyOp2
 70
     1
102
RTVSPropertyOp3
 70
     1
102
RTVSPropertyOp4
 70
     1
102
RTVSPropertyOp5
 70
     1
102
RTVSPropertyOp6
 70
     1
102
RTVSPropertyOp7
 70
     1
102
RTVSPropertyOp8
 70
     1
102
RTVSPropertyOp9
 70
     1
102
RTVSPropertyOp10
 70
     1
102
RTVSPropertyOp11
 70
     1
102
RTVSPropertyOp12
 70
     1
102
RTVSPropertyOp13
 70
     1
102
RTVSPropertyOp14
 70
     1
102
RTVSPropertyOp15
 70
     1
102
RTVSPropertyOp16
 70
     1
102
RTVSPropertyOp17
 70
     1
102
RTVSPropertyOp18
 70
     1
102
RTVSPropertyOp19
 70
     1
102
RTVSPropertyOp20
 70
     1
102
RTVSPropertyOp21
 70
     1
102
RTVSPropertyOp22
 70
     1
102
RTVSPropertyOp23
 70
     1
102
RTVSPropertyOp24
 70
     1
102
RTVSPropertyOp25
 70
     1
102
RTVSPropertyOp26
 70
     1
102
RTVSPropertyOp27
 70
     1
102
RTVSPropertyOp28
 70
     1
102
RTVSPropertyOp29
 70
     1
102
RTVSPropertyOp30
 70
     1
102
RTVSPropertyOp31
 70
     1
102
RTVSPropertyOp32
 70
     1
102
RTVSPropertyOp33
 70
     1
102
RTVSPropertyOp34
 70
     1
102
RTVSPropertyOp35
 70
     1
102
RTVSPropertyOp36
 70
     1
102
RTVSPropertyOp37
 70
     1
102
RTVSPropertyOp38
 70
     1
102
RTVSPropertyOp39
 70
     1
102
RTVSPropertyOp40
 70
     1
102
RTVSPropertyOp41
 70
     1
102
RTVSPropertyOp42
 70
     1
102
RTVSPropertyOp43
 70
     1
102
RTVSPropertyOp44
 70
     1
102
RTVSPropertyOp45
 70
     1
102
RTVSPropertyOp46
 70
     1
102
RTVSPropertyOp47
 70
     1
102
RTVSPropertyOp48
 70
     1
102
RTVSPropertyOp49
 70
     1
102
RTVSPropertyOp50
 70
     1
102
RTVSPropertyOp51
 70
     0
102
RTVSPropertyOp52
 70
     0
102
RTVSPropertyOp53
 70
     1
102
RTVSPropertyOp54
 70
     1
102
RTVSPropertyOp55
 70
     1
102
RTVSPropertyOp56
 70
     1
102
RTVSPropertyOp57
 70
     1
102
RTVSPost2010Prop28
280
     0
102
RTVSPost2010PropOp28
 70
     1
102
RTVSPost2010Prop29
280
     1
102
RTVSPost2010PropOp29
 70
     1
102
RTVSPost2010Prop30
280
     1
102
RTVSPost2010PropOp30
 70
     1
102
RTVSPost2010Prop31
280
     0
102
RTVSPost2010PropOp31
 70
     1
102
RTVSPost2010Prop32
280
     0
102
RTVSPost2010PropOp32
 70
     1
102
RTVSPost2010Prop33
280
     0
102
RTVSPost2010PropOp33
 70
     1
102
RTVSPost2010Prop34
280
     0
102
RTVSPost2010PropOp34
 70
     1
102
RTVSPost2010Prop35
280
     0
102
RTVSPost2010PropOp35
 70
     1
102
RTVSPost2010Prop36
280
     0
102
RTVSPost2010PropOp36
 70
     1
102
RTVSPost2010Prop37
 90
       50
102
RTVSPost2010PropOp37
 70
     1
102
RTVSPost2010Prop38
140
0.0
102
RTVSPost2010PropOp38
 70
     1
102
RTVSPost2010Prop39
140
1.0
102
RTVSPost2010PropOp39
 70
     1
102
RTVSPost2010Prop40
 90
        0
102
RTVSPost2010PropOp40
 70
     1
102
RTVSPost2010Prop41ColorIndex
 90
       18
102
RTVSPost2010Prop41ColorRGB
 90
        0
102
RTVSPost2010PropOp41
 70
     1
102
RTVSPost2010Prop42
 90
       50
102
RTVSPost2010PropOp42
 70
     1
102
RTVSPost2010Prop43
 90
        3
102
RTVSPost2010PropOp43
 70
     1
102
RTVSPost2010Prop44ColorIndex
 90
        5
102
RTVSPost2010Prop44ColorRGB
 90
      255
102
RTVSPost2010PropOp44
 70
     1
102
RTVSPost2010Prop45
280
     0
102
RTVSPost2010PropOp45
 70
     1
102
RTVSPost2010Prop46
 90
       50
102
RTVSPost2010PropOp46
 70
     1
102
RTVSPost2010Prop47
 90
       50
102
RTVSPost2010PropOp47
 70
     1
102
RTVSPost2010Prop48
 90
       50
102
RTVSPost2010PropOp48
 70
     1
102
RTVSPost2010Prop49
280
     0
102
RTVSPost2010PropOp49
 70
     1
102
RTVSPost2010Prop50
 90
       50
102
RTVSPost2010PropOp50
 70
     1
102
RTVSPost2010Prop51ColorIndex
 90
      256
102
RTVSPost2010Prop51ColorRGB
 90
-16777216
102
RTVSPost2010PropOp51
 70
     0
102
RTVSPost2010Prop52
140
1.0
102
RTVSPost2010PropOp52
 70
     0
102
RTVSPost2010Prop53
 90
        2
102
RTVSPost2010PropOp53
 70
     1
102
RTVSPost2010Prop54
  1
strokes_ogs.tif
102
RTVSPost2010PropOp54
 70
     1
102
RTVSPost2010Prop55
280
     0
102
RTVSPost2010PropOp55
 70
     1
102
RTVSPost2010Prop56
140
1.0
102
RTVSPost2010PropOp56
 70
     1
102
RTVSPost2010Prop57
140
1.0
102
RTVSPost2010PropOp57
 70
     1
  0
XRECORD
  5
341
102
{ACAD_REACTORS
330
340
102
}
330
340
100
AcDbXrecord
280
     1
102
RTVSPropertyOp0
 70
     1
102
RTVSPropertyOp1
 70
     1
102
RTVSPropertyOp2
 70
     1
102
RTVSPropertyOp3
 70
     1
102
RTVSPropertyOp4
 70
     1
102
RTVSPropertyOp5
 70
     1
102
RTVSPropertyOp6
 70
     1
102
RTVSPropertyOp7
 70
     1
102
RTVSPropertyOp8
 70
     1
102
RTVSPropertyOp9
 70
     1
102
RTVSPropertyOp10
 70
     1
102
RTVSPropertyOp11
 70
     1
102
RTVSPropertyOp12
 70
     1
102
RTVSPropertyOp13
 70
     1
102
RTVSPropertyOp14
 70
     1
102
RTVSPropertyOp15
 70
     1
102
RTVSPropertyOp16
 70
     1
102
RTVSPropertyOp17
 70
     1
102
RTVSPropertyOp18
 70
     1
102
RTVSPropertyOp19
 70
     1
102
RTVSPropertyOp20
 70
     1
102
RTVSPropertyOp21
 70
     1
102
RTVSPropertyOp22
 70
     1
102
RTVSPropertyOp23
 70
     1
102
RTVSPropertyOp24
 70
     1
102
RTVSPropertyOp25
 70
     1
102
RTVSPropertyOp26
 70
     1
102
RTVSPropertyOp27
 70
     1
102
RTVSPropertyOp28
 70
     1
102
RTVSPropertyOp29
 70
     1
102
RTVSPropertyOp30
 70
     1
102
RTVSPropertyOp31
 70
     1
102
RTVSPropertyOp32
 70
     1
102
RTVSPropertyOp33
 70
     1
102
RTVSPropertyOp34
 70
     1
102
RTVSPropertyOp35
 70
     1
102
RTVSPropertyOp36
 70
     1
102
RTVSPropertyOp37
 70
     1
102
RTVSPropertyOp38
 70
     1
102
RTVSPropertyOp39
 70
     1
102
RTVSPropertyOp40
 70
     1
102
RTVSPropertyOp41
 70
     1
102
RTVSPropertyOp42
 70
     1
102
RTVSPropertyOp43
 70
     1
102
RTVSPropertyOp44
 70
     1
102
RTVSPropertyOp45
 70
     1
102
RTVSPropertyOp46
 70
     1
102
RTVSPropertyOp47
 70
     1
102
RTVSPropertyOp48
 70
     1
102
RTVSPropertyOp49
 70
     1
102
RTVSPropertyOp50
 70
     1
102
RTVSPropertyOp51
 70
     0
102
RTVSPropertyOp52
 70
     0
102
RTVSPropertyOp53
 70
     1
102
RTVSPropertyOp54
 70
     1
102
RTVSPropertyOp55
 70
     1
102
RTVSPropertyOp56
 70
     1
102
RTVSPropertyOp57
 70
     1
102
RTVSPost2010Prop28
280
     0
102
RTVSPost2010PropOp28
 70
     1
102
RTVSPost2010Prop29
280
     1
102
RTVSPost2010PropOp29
 70
     1
102
RTVSPost2010Prop30
280
     1
102
RTVSPost2010PropOp30
 70
     1
102
RTVSPost2010Prop31
280
     0
102
RTVSPost2010PropOp31
 70
     1
102
RTVSPost2010Prop32
280
     0
102
RTVSPost2010PropOp32
 70
     1
102
RTVSPost2010Prop33
280
     0
102
RTVSPost2010PropOp33
 70
     1
102
RTVSPost2010Prop34
280
     0
102
RTVSPost2010PropOp34
 70
     1
102
RTVSPost2010Prop35
280
     0
102
RTVSPost2010PropOp35
 70
     1
102
RTVSPost2010Prop36
280
     0
102
RTVSPost2010PropOp36
 70
     1
102
RTVSPost2010Prop37
 90
       50
102
RTVSPost2010PropOp37
 70
     1
102
RTVSPost2010Prop38
140
0.0
102
RTVSPost2010PropOp38
 70
     1
102
RTVSPost2010Prop39
140
1.0
102
RTVSPost2010PropOp39
 70
     1
102
RTVSPost2010Prop40
 90
        0
102
RTVSPost2010PropOp40
 70
     1
102
RTVSPost2010Prop41ColorIndex
 90
       18
102
RTVSPost2010Prop41ColorRGB
 90
        0
102
RTVSPost2010PropOp41
 70
     1
102
RTVSPost2010Prop42
 90
       50
102
RTVSPost2010PropOp42
 70
     1
102
RTVSPost2010Prop43
 90
        3
102
RTVSPost2010PropOp43
 70
     1
102
RTVSPost2010Prop44ColorIndex
 90
        5
102
RTVSPost2010Prop44ColorRGB
 90
      255
102
RTVSPost2010PropOp44
 70
     1
102
RTVSPost2010Prop45
280
     0
102
RTVSPost2010PropOp45
 70
     1
102
RTVSPost2010Prop46
 90
       50
102
RTVSPost2010PropOp46
 70
     1
102
RTVSPost2010Prop47
 90
       50
102
RTVSPost2010PropOp47
 70
     1
102
RTVSPost2010Prop48
 90
       50
102
RTVSPost2010PropOp48
 70
     1
102
RTVSPost2010Prop49
280
     0
102
RTVSPost2010PropOp49
 70
     1
102
RTVSPost2010Prop50
 90
       50
102
RTVSPost2010PropOp50
 70
     1
102
RTVSPost2010Prop51ColorIndex
 90
      256
102
RTVSPost2010Prop51ColorRGB
 90
-16777216
102
RTVSPost2010PropOp51
 70
     0
102
RTVSPost2010Prop52
140
1.0
102
RTVSPost2010PropOp52
 70
     0
102
RTVSPost2010Prop53
 90
        2
102
RTVSPost2010PropOp53
 70
     1
102
RTVSPost2010Prop54
  1
strokes_ogs.tif
102
RTVSPost2010PropOp54
 70
     1
102
RTVSPost2010Prop55
280
     0
102
RTVSPost2010PropOp55
 70
     1
102
RTVSPost2010Prop56
140
1.0
102
RTVSPost2010PropOp56
 70
     1
102
RTVSPost2010Prop57
140
1.0
102
RTVSPost2010PropOp57
 70
     1
  0
XRECORD
  5
343
102
{ACAD_REACTORS
330
342
102
}
330
342
100
AcDbXrecord
280
     1
102
RTVSPropertyOp0
 70
     1
102
RTVSPropertyOp1
 70
     1
102
RTVSPropertyOp2
 70
     1
102
RTVSPropertyOp3
 70
     1
102
RTVSPropertyOp4
 70
     1
102
RTVSPropertyOp5
 70
     1
102
RTVSPropertyOp6
 70
     1
102
RTVSPropertyOp7
 70
     1
102
RTVSPropertyOp8
 70
     1
102
RTVSPropertyOp9
 70
     1
102
RTVSPropertyOp10
 70
     1
102
RTVSPropertyOp11
 70
     1
102
RTVSPropertyOp12
 70
     1
102
RTVSPropertyOp13
 70
     1
102
RTVSPropertyOp14
 70
     1
102
RTVSPropertyOp15
 70
     1
102
RTVSPropertyOp16
 70
     1
102
RTVSPropertyOp17
 70
     1
102
RTVSPropertyOp18
 70
     1
102
RTVSPropertyOp19
 70
     1
102
RTVSPropertyOp20
 70
     1
102
RTVSPropertyOp21
 70
     1
102
RTVSPropertyOp22
 70
     1
102
RTVSPropertyOp23
 70
     1
102
RTVSPropertyOp24
 70
     1
102
RTVSPropertyOp25
 70
     1
102
RTVSPropertyOp26
 70
     1
102
RTVSPropertyOp27
 70
     1
102
RTVSPropertyOp28
 70
     1
102
RTVSPropertyOp29
 70
     1
102
RTVSPropertyOp30
 70
     1
102
RTVSPropertyOp31
 70
     1
102
RTVSPropertyOp32
 70
     1
102
RTVSPropertyOp33
 70
     1
102
RTVSPropertyOp34
 70
     1
102
RTVSPropertyOp35
 70
     1
102
RTVSPropertyOp36
 70
     1
102
RTVSPropertyOp37
 70
     1
102
RTVSPropertyOp38
 70
     1
102
RTVSPropertyOp39
 70
     1
102
RTVSPropertyOp40
 70
     1
102
RTVSPropertyOp41
 70
     1
102
RTVSPropertyOp42
 70
     1
102
RTVSPropertyOp43
 70
     1
102
RTVSPropertyOp44
 70
     1
102
RTVSPropertyOp45
 70
     1
102
RTVSPropertyOp46
 70
     1
102
RTVSPropertyOp47
 70
     1
102
RTVSPropertyOp48
 70
     1
102
RTVSPropertyOp49
 70
     1
102
RTVSPropertyOp50
 70
     1
102
RTVSPropertyOp51
 70
     0
102
RTVSPropertyOp52
 70
     0
102
RTVSPropertyOp53
 70
     1
102
RTVSPropertyOp54
 70
     1
102
RTVSPropertyOp55
 70
     1
102
RTVSPropertyOp56
 70
     1
102
RTVSPropertyOp57
 70
     1
102
RTVSPost2010Prop28
280
     0
102
RTVSPost2010PropOp28
 70
     1
102
RTVSPost2010Prop29
280
     1
102
RTVSPost2010PropOp29
 70
     1
102
RTVSPost2010Prop30
280
     1
102
RTVSPost2010PropOp30
 70
     1
102
RTVSPost2010Prop31
280
     0
102
RTVSPost2010PropOp31
 70
     1
102
RTVSPost2010Prop32
280
     0
102
RTVSPost2010PropOp32
 70
     1
102
RTVSPost2010Prop33
280
     0
102
RTVSPost2010PropOp33
 70
     1
102
RTVSPost2010Prop34
280
     0
102
RTVSPost2010PropOp34
 70
     1
102
RTVSPost2010Prop35
280
     0
102
RTVSPost2010PropOp35
 70
     1
102
RTVSPost2010Prop36
280
     0
102
RTVSPost2010PropOp36
 70
     1
102
RTVSPost2010Prop37
 90
       50
102
RTVSPost2010PropOp37
 70
     1
102
RTVSPost2010Prop38
140
0.0
102
RTVSPost2010PropOp38
 70
     1
102
RTVSPost2010Prop39
140
1.0
102
RTVSPost2010PropOp39
 70
     1
102
RTVSPost2010Prop40
 90
        0
102
RTVSPost2010PropOp40
 70
     1
102
RTVSPost2010Prop41ColorIndex
 90
       18
102
RTVSPost2010Prop41ColorRGB
 90
        0
102
RTVSPost2010PropOp41
 70
     1
102
RTVSPost2010Prop42
 90
       50
102
RTVSPost2010PropOp42
 70
     1
102
RTVSPost2010Prop43
 90
        3
102
RTVSPost2010PropOp43
 70
     1
102
RTVSPost2010Prop44ColorIndex
 90
        5
102
RTVSPost2010Prop44ColorRGB
 90
      255
102
RTVSPost2010PropOp44
 70
     1
102
RTVSPost2010Prop45
280
     0
102
RTVSPost2010PropOp45
 70
     1
102
RTVSPost2010Prop46
 90
       50
102
RTVSPost2010PropOp46
 70
     1
102
RTVSPost2010Prop47
 90
       50
102
RTVSPost2010PropOp47
 70
     1
102
RTVSPost2010Prop48
 90
       50
102
RTVSPost2010PropOp48
 70
     1
102
RTVSPost2010Prop49
280
     0
102
RTVSPost2010PropOp49
 70
     1
102
RTVSPost2010Prop50
 90
       50
102
RTVSPost2010PropOp50
 70
     1
102
RTVSPost2010Prop51ColorIndex
 90
      256
102
RTVSPost2010Prop51ColorRGB
 90
-16777216
102
RTVSPost2010PropOp51
 70
     0
102
RTVSPost2010Prop52
140
1.0
102
RTVSPost2010PropOp52
 70
     0
102
RTVSPost2010Prop53
 90
        2
102
RTVSPost2010PropOp53
 70
     1
102
RTVSPost2010Prop54
  1
strokes_ogs.tif
102
RTVSPost2010PropOp54
 70
     1
102
RTVSPost2010Prop55
280
     0
102
RTVSPost2010PropOp55
 70
     1
102
RTVSPost2010Prop56
140
1.0
102
RTVSPost2010PropOp56
 70
     1
102
RTVSPost2010Prop57
140
1.0
102
RTVSPost2010PropOp57
 70
     1
  0
XRECORD
  5
345
102
{ACAD_REACTORS
330
344
102
}
330
344
100
AcDbXrecord
280
     1
102
RTVSPropertyOp0
 70
     1
102
RTVSPropertyOp1
 70
     1
102
RTVSPropertyOp2
 70
     1
102
RTVSPropertyOp3
 70
     1
102
RTVSPropertyOp4
 70
     1
102
RTVSPropertyOp5
 70
     1
102
RTVSPropertyOp6
 70
     1
102
RTVSPropertyOp7
 70
     1
102
RTVSPropertyOp8
 70
     1
102
RTVSPropertyOp9
 70
     1
102
RTVSPropertyOp10
 70
     1
102
RTVSPropertyOp11
 70
     1
102
RTVSPropertyOp12
 70
     1
102
RTVSPropertyOp13
 70
     1
102
RTVSPropertyOp14
 70
     1
102
RTVSPropertyOp15
 70
     1
102
RTVSPropertyOp16
 70
     1
102
RTVSPropertyOp17
 70
     1
102
RTVSPropertyOp18
 70
     1
102
RTVSPropertyOp19
 70
     1
102
RTVSPropertyOp20
 70
     1
102
RTVSPropertyOp21
 70
     1
102
RTVSPropertyOp22
 70
     1
102
RTVSPropertyOp23
 70
     1
102
RTVSPropertyOp24
 70
     1
102
RTVSPropertyOp25
 70
     1
102
RTVSPropertyOp26
 70
     1
102
RTVSPropertyOp27
 70
     1
102
RTVSPropertyOp28
 70
     1
102
RTVSPropertyOp29
 70
     1
102
RTVSPropertyOp30
 70
     1
102
RTVSPropertyOp31
 70
     1
102
RTVSPropertyOp32
 70
     1
102
RTVSPropertyOp33
 70
     1
102
RTVSPropertyOp34
 70
     1
102
RTVSPropertyOp35
 70
     1
102
RTVSPropertyOp36
 70
     1
102
RTVSPropertyOp37
 70
     1
102
RTVSPropertyOp38
 70
     1
102
RTVSPropertyOp39
 70
     1
102
RTVSPropertyOp40
 70
     1
102
RTVSPropertyOp41
 70
     1
102
RTVSPropertyOp42
 70
     1
102
RTVSPropertyOp43
 70
     1
102
RTVSPropertyOp44
 70
     1
102
RTVSPropertyOp45
 70
     1
102
RTVSPropertyOp46
 70
     1
102
RTVSPropertyOp47
 70
     1
102
RTVSPropertyOp48
 70
     1
102
RTVSPropertyOp49
 70
     1
102
RTVSPropertyOp50
 70
     1
102
RTVSPropertyOp51
 70
     0
102
RTVSPropertyOp52
 70
     0
102
RTVSPropertyOp53
 70
     1
102
RTVSPropertyOp54
 70
     1
102
RTVSPropertyOp55
 70
     1
102
RTVSPropertyOp56
 70
     1
102
RTVSPropertyOp57
 70
     1
102
RTVSPost2010Prop28
280
     0
102
RTVSPost2010PropOp28
 70
     1
102
RTVSPost2010Prop29
280
     1
102
RTVSPost2010PropOp29
 70
     1
102
RTVSPost2010Prop30
280
     1
102
RTVSPost2010PropOp30
 70
     1
102
RTVSPost2010Prop31
280
     0
102
RTVSPost2010PropOp31
 70
     1
102
RTVSPost2010Prop32
280
     0
102
RTVSPost2010PropOp32
 70
     1
102
RTVSPost2010Prop33
280
     0
102
RTVSPost2010PropOp33
 70
     1
102
RTVSPost2010Prop34
280
     0
102
RTVSPost2010PropOp34
 70
     1
102
RTVSPost2010Prop35
280
     0
102
RTVSPost2010PropOp35
 70
     1
102
RTVSPost2010Prop36
280
     0
102
RTVSPost2010PropOp36
 70
     1
102
RTVSPost2010Prop37
 90
       50
102
RTVSPost2010PropOp37
 70
     1
102
RTVSPost2010Prop38
140
0.0
102
RTVSPost2010PropOp38
 70
     1
102
RTVSPost2010Prop39
140
1.0
102
RTVSPost2010PropOp39
 70
     1
102
RTVSPost2010Prop40
 90
        0
102
RTVSPost2010PropOp40
 70
     1
102
RTVSPost2010Prop41ColorIndex
 90
       18
102
RTVSPost2010Prop41ColorRGB
 90
        0
102
RTVSPost2010PropOp41
 70
     1
102
RTVSPost2010Prop42
 90
       50
102
RTVSPost2010PropOp42
 70
     1
102
RTVSPost2010Prop43
 90
        3
102
RTVSPost2010PropOp43
 70
     1
102
RTVSPost2010Prop44ColorIndex
 90
        5
102
RTVSPost2010Prop44ColorRGB
 90
      255
102
RTVSPost2010PropOp44
 70
     1
102
RTVSPost2010Prop45
280
     0
102
RTVSPost2010PropOp45
 70
     1
102
RTVSPost2010Prop46
 90
       50
102
RTVSPost2010PropOp46
 70
     1
102
RTVSPost2010Prop47
 90
       50
102
RTVSPost2010PropOp47
 70
     1
102
RTVSPost2010Prop48
 90
       50
102
RTVSPost2010PropOp48
 70
     1
102
RTVSPost2010Prop49
280
     0
102
RTVSPost2010PropOp49
 70
     1
102
RTVSPost2010Prop50
 90
       50
102
RTVSPost2010PropOp50
 70
     1
102
RTVSPost2010Prop51ColorIndex
 90
      256
102
RTVSPost2010Prop51ColorRGB
 90
-16777216
102
RTVSPost2010PropOp51
 70
     0
102
RTVSPost2010Prop52
140
1.0
102
RTVSPost2010PropOp52
 70
     0
102
RTVSPost2010Prop53
 90
        2
102
RTVSPost2010PropOp53
 70
     1
102
RTVSPost2010Prop54
  1
strokes_ogs.tif
102
RTVSPost2010PropOp54
 70
     1
102
RTVSPost2010Prop55
280
     0
102
RTVSPost2010PropOp55
 70
     1
102
RTVSPost2010Prop56
140
1.0
102
RTVSPost2010PropOp56
 70
     1
102
RTVSPost2010Prop57
140
1.0
102
RTVSPost2010PropOp57
 70
     1
  0
XRECORD
  5
347
102
{ACAD_REACTORS
330
346
102
}
330
346
100
AcDbXrecord
280
     1
102
RTVSPropertyOp0
 70
     1
102
RTVSPropertyOp1
 70
     1
102
RTVSPropertyOp2
 70
     1
102
RTVSPropertyOp3
 70
     1
102
RTVSPropertyOp4
 70
     1
102
RTVSPropertyOp5
 70
     1
102
RTVSPropertyOp6
 70
     1
102
RTVSPropertyOp7
 70
     1
102
RTVSPropertyOp8
 70
     1
102
RTVSPropertyOp9
 70
     1
102
RTVSPropertyOp10
 70
     1
102
RTVSPropertyOp11
 70
     1
102
RTVSPropertyOp12
 70
     1
102
RTVSPropertyOp13
 70
     1
102
RTVSPropertyOp14
 70
     1
102
RTVSPropertyOp15
 70
     1
102
RTVSPropertyOp16
 70
     1
102
RTVSPropertyOp17
 70
     1
102
RTVSPropertyOp18
 70
     1
102
RTVSPropertyOp19
 70
     1
102
RTVSPropertyOp20
 70
     1
102
RTVSPropertyOp21
 70
     1
102
RTVSPropertyOp22
 70
     1
102
RTVSPropertyOp23
 70
     1
102
RTVSPropertyOp24
 70
     1
102
RTVSPropertyOp25
 70
     1
102
RTVSPropertyOp26
 70
     1
102
RTVSPropertyOp27
 70
     1
102
RTVSPropertyOp28
 70
     1
102
RTVSPropertyOp29
 70
     1
102
RTVSPropertyOp30
 70
     1
102
RTVSPropertyOp31
 70
     1
102
RTVSPropertyOp32
 70
     1
102
RTVSPropertyOp33
 70
     1
102
RTVSPropertyOp34
 70
     1
102
RTVSPropertyOp35
 70
     1
102
RTVSPropertyOp36
 70
     1
102
RTVSPropertyOp37
 70
     1
102
RTVSPropertyOp38
 70
     1
102
RTVSPropertyOp39
 70
     1
102
RTVSPropertyOp40
 70
     1
102
RTVSPropertyOp41
 70
     1
102
RTVSPropertyOp42
 70
     1
102
RTVSPropertyOp43
 70
     1
102
RTVSPropertyOp44
 70
     1
102
RTVSPropertyOp45
 70
     1
102
RTVSPropertyOp46
 70
     1
102
RTVSPropertyOp47
 70
     1
102
RTVSPropertyOp48
 70
     1
102
RTVSPropertyOp49
 70
     1
102
RTVSPropertyOp50
 70
     1
102
RTVSPropertyOp51
 70
     0
102
RTVSPropertyOp52
 70
     0
102
RTVSPropertyOp53
 70
     1
102
RTVSPropertyOp54
 70
     1
102
RTVSPropertyOp55
 70
     1
102
RTVSPropertyOp56
 70
     1
102
RTVSPropertyOp57
 70
     1
102
RTVSPost2010Prop28
280
     0
102
RTVSPost2010PropOp28
 70
     1
102
RTVSPost2010Prop29
280
     1
102
RTVSPost2010PropOp29
 70
     1
102
RTVSPost2010Prop30
280
     1
102
RTVSPost2010PropOp30
 70
     1
102
RTVSPost2010Prop31
280
     0
102
RTVSPost2010PropOp31
 70
     1
102
RTVSPost2010Prop32
280
     0
102
RTVSPost2010PropOp32
 70
     1
102
RTVSPost2010Prop33
280
     0
102
RTVSPost2010PropOp33
 70
     1
102
RTVSPost2010Prop34
280
     0
102
RTVSPost2010PropOp34
 70
     1
102
RTVSPost2010Prop35
280
     0
102
RTVSPost2010PropOp35
 70
     1
102
RTVSPost2010Prop36
280
     0
102
RTVSPost2010PropOp36
 70
     1
102
RTVSPost2010Prop37
 90
       50
102
RTVSPost2010PropOp37
 70
     1
102
RTVSPost2010Prop38
140
0.0
102
RTVSPost2010PropOp38
 70
     1
102
RTVSPost2010Prop39
140
1.0
102
RTVSPost2010PropOp39
 70
     1
102
RTVSPost2010Prop40
 90
        0
102
RTVSPost2010PropOp40
 70
     1
102
RTVSPost2010Prop41ColorIndex
 90
       18
102
RTVSPost2010Prop41ColorRGB
 90
        0
102
RTVSPost2010PropOp41
 70
     1
102
RTVSPost2010Prop42
 90
       50
102
RTVSPost2010PropOp42
 70
     1
102
RTVSPost2010Prop43
 90
        3
102
RTVSPost2010PropOp43
 70
     1
102
RTVSPost2010Prop44ColorIndex
 90
        5
102
RTVSPost2010Prop44ColorRGB
 90
      255
102
RTVSPost2010PropOp44
 70
     1
102
RTVSPost2010Prop45
280
     0
102
RTVSPost2010PropOp45
 70
     1
102
RTVSPost2010Prop46
 90
       50
102
RTVSPost2010PropOp46
 70
     1
102
RTVSPost2010Prop47
 90
       50
102
RTVSPost2010PropOp47
 70
     1
102
RTVSPost2010Prop48
 90
       50
102
RTVSPost2010PropOp48
 70
     1
102
RTVSPost2010Prop49
280
     0
102
RTVSPost2010PropOp49
 70
     1
102
RTVSPost2010Prop50
 90
       50
102
RTVSPost2010PropOp50
 70
     1
102
RTVSPost2010Prop51ColorIndex
 90
      256
102
RTVSPost2010Prop51ColorRGB
 90
-16777216
102
RTVSPost2010PropOp51
 70
     0
102
RTVSPost2010Prop52
140
1.0
102
RTVSPost2010PropOp52
 70
     0
102
RTVSPost2010Prop53
 90
        2
102
RTVSPost2010PropOp53
 70
     1
102
RTVSPost2010Prop54
  1
strokes_ogs.tif
102
RTVSPost2010PropOp54
 70
     1
102
RTVSPost2010Prop55
280
     0
102
RTVSPost2010PropOp55
 70
     1
102
RTVSPost2010Prop56
140
1.0
102
RTVSPost2010PropOp56
 70
     1
102
RTVSPost2010Prop57
140
1.0
102
RTVSPost2010PropOp57
 70
     1
  0
XRECORD
  5
34D
102
{ACAD_REACTORS
330
34C
102
}
330
34C
100
AcDbXrecord
280
     1
102
RTVSPropertyOp0
 70
     1
102
RTVSPropertyOp1
 70
     1
102
RTVSPropertyOp2
 70
     1
102
RTVSPropertyOp3
 70
     1
102
RTVSPropertyOp4
 70
     1
102
RTVSPropertyOp5
 70
     1
102
RTVSPropertyOp6
 70
     1
102
RTVSPropertyOp7
 70
     1
102
RTVSPropertyOp8
 70
     1
102
RTVSPropertyOp9
 70
     1
102
RTVSPropertyOp10
 70
     1
102
RTVSPropertyOp11
 70
     1
102
RTVSPropertyOp12
 70
     1
102
RTVSPropertyOp13
 70
     1
102
RTVSPropertyOp14
 70
     1
102
RTVSPropertyOp15
 70
     1
102
RTVSPropertyOp16
 70
     1
102
RTVSPropertyOp17
 70
     1
102
RTVSPropertyOp18
 70
     1
102
RTVSPropertyOp19
 70
     1
102
RTVSPropertyOp20
 70
     1
102
RTVSPropertyOp21
 70
     1
102
RTVSPropertyOp22
 70
     1
102
RTVSPropertyOp23
 70
     1
102
RTVSPropertyOp24
 70
     1
102
RTVSPropertyOp25
 70
     1
102
RTVSPropertyOp26
 70
     1
102
RTVSPropertyOp27
 70
     1
102
RTVSPropertyOp28
 70
     1
102
RTVSPropertyOp29
 70
     1
102
RTVSPropertyOp30
 70
     1
102
RTVSPropertyOp31
 70
     1
102
RTVSPropertyOp32
 70
     1
102
RTVSPropertyOp33
 70
     1
102
RTVSPropertyOp34
 70
     1
102
RTVSPropertyOp35
 70
     1
102
RTVSPropertyOp36
 70
     1
102
RTVSPropertyOp37
 70
     1
102
RTVSPropertyOp38
 70
     1
102
RTVSPropertyOp39
 70
     1
102
RTVSPropertyOp40
 70
     1
102
RTVSPropertyOp41
 70
     1
102
RTVSPropertyOp42
 70
     1
102
RTVSPropertyOp43
 70
     1
102
RTVSPropertyOp44
 70
     1
102
RTVSPropertyOp45
 70
     1
102
RTVSPropertyOp46
 70
     1
102
RTVSPropertyOp47
 70
     1
102
RTVSPropertyOp48
 70
     1
102
RTVSPropertyOp49
 70
     1
102
RTVSPropertyOp50
 70
     1
102
RTVSPropertyOp51
 70
     0
102
RTVSPropertyOp52
 70
     0
102
RTVSPropertyOp53
 70
     1
102
RTVSPropertyOp54
 70
     1
102
RTVSPropertyOp55
 70
     1
102
RTVSPropertyOp56
 70
     1
102
RTVSPropertyOp57
 70
     1
102
RTVSPost2010Prop28
280
     0
102
RTVSPost2010PropOp28
 70
     1
102
RTVSPost2010Prop29
280
     1
102
RTVSPost2010PropOp29
 70
     1
102
RTVSPost2010Prop30
280
     1
102
RTVSPost2010PropOp30
 70
     1
102
RTVSPost2010Prop31
280
     0
102
RTVSPost2010PropOp31
 70
     1
102
RTVSPost2010Prop32
280
     0
102
RTVSPost2010PropOp32
 70
     1
102
RTVSPost2010Prop33
280
     0
102
RTVSPost2010PropOp33
 70
     1
102
RTVSPost2010Prop34
280
     0
102
RTVSPost2010PropOp34
 70
     1
102
RTVSPost2010Prop35
280
     0
102
RTVSPost2010PropOp35
 70
     1
102
RTVSPost2010Prop36
280
     0
102
RTVSPost2010PropOp36
 70
     1
102
RTVSPost2010Prop37
 90
       50
102
RTVSPost2010PropOp37
 70
     1
102
RTVSPost2010Prop38
140
0.0
102
RTVSPost2010PropOp38
 70
     1
102
RTVSPost2010Prop39
140
1.0
102
RTVSPost2010PropOp39
 70
     1
102
RTVSPost2010Prop40
 90
        0
102
RTVSPost2010PropOp40
 70
     1
102
RTVSPost2010Prop41ColorIndex
 90
       18
102
RTVSPost2010Prop41ColorRGB
 90
        0
102
RTVSPost2010PropOp41
 70
     1
102
RTVSPost2010Prop42
 90
       50
102
RTVSPost2010PropOp42
 70
     1
102
RTVSPost2010Prop43
 90
        3
102
RTVSPost2010PropOp43
 70
     1
102
RTVSPost2010Prop44ColorIndex
 90
        5
102
RTVSPost2010Prop44ColorRGB
 90
      255
102
RTVSPost2010PropOp44
 70
     1
102
RTVSPost2010Prop45
280
     0
102
RTVSPost2010PropOp45
 70
     1
102
RTVSPost2010Prop46
 90
       50
102
RTVSPost2010PropOp46
 70
     1
102
RTVSPost2010Prop47
 90
       50
102
RTVSPost2010PropOp47
 70
     1
102
RTVSPost2010Prop48
 90
       50
102
RTVSPost2010PropOp48
 70
     1
102
RTVSPost2010Prop49
280
     0
102
RTVSPost2010PropOp49
 70
     1
102
RTVSPost2010Prop50
 90
       50
102
RTVSPost2010PropOp50
 70
     1
102
RTVSPost2010Prop51ColorIndex
 90
      256
102
RTVSPost2010Prop51ColorRGB
 90
-16777216
102
RTVSPost2010PropOp51
 70
     0
102
RTVSPost2010Prop52
140
1.0
102
RTVSPost2010PropOp52
 70
     0
102
RTVSPost2010Prop53
 90
        2
102
RTVSPost2010PropOp53
 70
     1
102
RTVSPost2010Prop54
  1
strokes_ogs.tif
102
RTVSPost2010PropOp54
 70
     1
102
RTVSPost2010Prop55
280
     0
102
RTVSPost2010PropOp55
 70
     1
102
RTVSPost2010Prop56
140
1.0
102
RTVSPost2010PropOp56
 70
     1
102
RTVSPost2010Prop57
140
1.0
102
RTVSPost2010PropOp57
 70
     1
  0
XRECORD
  5
361
102
{ACAD_REACTORS
330
360
102
}
330
360
100
AcDbXrecord
280
     1
102
RTVSPropertyOp0
 70
     0
102
RTVSPropertyOp1
 70
     0
102
RTVSPropertyOp2
 70
     0
102
RTVSPropertyOp3
 70
     0
102
RTVSPropertyOp4
 70
     0
102
RTVSPropertyOp5
 70
     0
102
RTVSPropertyOp6
 70
     0
102
RTVSPropertyOp7
 70
     0
102
RTVSPropertyOp8
 70
     0
102
RTVSPropertyOp9
 70
     0
102
RTVSPropertyOp10
 70
     0
102
RTVSPropertyOp11
 70
     0
102
RTVSPropertyOp12
 70
     0
102
RTVSPropertyOp13
 70
     0
102
RTVSPropertyOp14
 70
     2
102
RTVSPropertyOp15
 70
     0
102
RTVSPropertyOp16
 70
     0
102
RTVSPropertyOp17
 70
     0
102
RTVSPropertyOp18
 70
     0
102
RTVSPropertyOp19
 70
     0
102
RTVSPropertyOp20
 70
     0
102
RTVSPropertyOp21
 70
     0
102
RTVSPropertyOp22
 70
     0
102
RTVSPropertyOp23
 70
     0
102
RTVSPropertyOp24
 70
     0
102
RTVSPropertyOp25
 70
     0
102
RTVSPropertyOp26
 70
     0
102
RTVSPropertyOp27
 70
     0
102
RTVSPropertyOp28
 70
     0
102
RTVSPropertyOp29
 70
     0
102
RTVSPropertyOp30
 70
     0
102
RTVSPropertyOp31
 70
     0
102
RTVSPropertyOp32
 70
     0
102
RTVSPropertyOp33
 70
     0
102
RTVSPropertyOp34
 70
     0
102
RTVSPropertyOp35
 70
     0
102
RTVSPropertyOp36
 70
     0
102
RTVSPropertyOp37
 70
     0
102
RTVSPropertyOp38
 70
     0
102
RTVSPropertyOp39
 70
     0
102
RTVSPropertyOp40
 70
     0
102
RTVSPropertyOp41
 70
     0
102
RTVSPropertyOp42
 70
     0
102
RTVSPropertyOp43
 70
     0
102
RTVSPropertyOp44
 70
     0
102
RTVSPropertyOp45
 70
     0
102
RTVSPropertyOp46
 70
     0
102
RTVSPropertyOp47
 70
     0
102
RTVSPropertyOp48
 70
     0
102
RTVSPropertyOp49
 70
     0
102
RTVSPropertyOp50
 70
     0
102
RTVSPropertyOp51
 70
     0
102
RTVSPropertyOp52
 70
     0
102
RTVSPropertyOp53
 70
     0
102
RTVSPropertyOp54
 70
     0
102
RTVSPropertyOp55
 70
     0
102
RTVSPropertyOp56
 70
     0
102
RTVSPropertyOp57
 70
     0
102
RTVSPost2010Prop28
280
     0
102
RTVSPost2010PropOp28
 70
     0
102
RTVSPost2010Prop29
280
     1
102
RTVSPost2010PropOp29
 70
     0
102
RTVSPost2010Prop30
280
     1
102
RTVSPost2010PropOp30
 70
     0
102
RTVSPost2010Prop31
280
     0
102
RTVSPost2010PropOp31
 70
     0
102
RTVSPost2010Prop32
280
     0
102
RTVSPost2010PropOp32
 70
     0
102
RTVSPost2010Prop33
280
     0
102
RTVSPost2010PropOp33
 70
     0
102
RTVSPost2010Prop34
280
     0
102
RTVSPost2010PropOp34
 70
     0
102
RTVSPost2010Prop35
280
     0
102
RTVSPost2010PropOp35
 70
     0
102
RTVSPost2010Prop36
280
     0
102
RTVSPost2010PropOp36
 70
     0
102
RTVSPost2010Prop37
 90
       50
102
RTVSPost2010PropOp37
 70
     0
102
RTVSPost2010Prop38
140
0.0
102
RTVSPost2010PropOp38
 70
     0
102
RTVSPost2010Prop39
140
1.0
102
RTVSPost2010PropOp39
 70
     0
102
RTVSPost2010Prop40
 90
        0
102
RTVSPost2010PropOp40
 70
     0
102
RTVSPost2010Prop41ColorIndex
 90
       18
102
RTVSPost2010Prop41ColorRGB
 90
        0
102
RTVSPost2010PropOp41
 70
     0
102
RTVSPost2010Prop42
 90
       50
102
RTVSPost2010PropOp42
 70
     0
102
RTVSPost2010Prop43
 90
        3
102
RTVSPost2010PropOp43
 70
     0
102
RTVSPost2010Prop44ColorIndex
 90
        5
102
RTVSPost2010Prop44ColorRGB
 90
      255
102
RTVSPost2010PropOp44
 70
     0
102
RTVSPost2010Prop45
280
     0
102
RTVSPost2010PropOp45
 70
     0
102
RTVSPost2010Prop46
 90
       50
102
RTVSPost2010PropOp46
 70
     0
102
RTVSPost2010Prop47
 90
       50
102
RTVSPost2010PropOp47
 70
     0
102
RTVSPost2010Prop48
 90
       50
102
RTVSPost2010PropOp48
 70
     0
102
RTVSPost2010Prop49
280
     0
102
RTVSPost2010PropOp49
 70
     0
102
RTVSPost2010Prop50
 90
       50
102
RTVSPost2010PropOp50
 70
     0
102
RTVSPost2010Prop51ColorIndex
 90
      256
102
RTVSPost2010Prop51ColorRGB
 90
-16777216
102
RTVSPost2010PropOp51
 70
     0
102
RTVSPost2010Prop52
140
1.0
102
RTVSPost2010PropOp52
 70
     0
102
RTVSPost2010Prop53
 90
        2
102
RTVSPost2010PropOp53
 70
     0
102
RTVSPost2010Prop54
  1
strokes_ogs.tif
102
RTVSPost2010PropOp54
 70
     0
102
RTVSPost2010Prop55
280
     0
102
RTVSPost2010PropOp55
 70
     0
102
RTVSPost2010Prop56
140
1.0
102
RTVSPost2010PropOp56
 70
     0
102
RTVSPost2010Prop57
140
1.0
102
RTVSPost2010PropOp57
 70
     0
  0
XRECORD
  5
35B
102
{ACAD_REACTORS
330
35A
102
}
330
35A
100
AcDbXrecord
280
     1
102
RTVSPropertyOp0
 70
     1
102
RTVSPropertyOp1
 70
     1
102
RTVSPropertyOp2
 70
     1
102
RTVSPropertyOp3
 70
     1
102
RTVSPropertyOp4
 70
     1
102
RTVSPropertyOp5
 70
     1
102
RTVSPropertyOp6
 70
     1
102
RTVSPropertyOp7
 70
     1
102
RTVSPropertyOp8
 70
     1
102
RTVSPropertyOp9
 70
     1
102
RTVSPropertyOp10
 70
     1
102
RTVSPropertyOp11
 70
     1
102
RTVSPropertyOp12
 70
     1
102
RTVSPropertyOp13
 70
     1
102
RTVSPropertyOp14
 70
     1
102
RTVSPropertyOp15
 70
     1
102
RTVSPropertyOp16
 70
     1
102
RTVSPropertyOp17
 70
     1
102
RTVSPropertyOp18
 70
     1
102
RTVSPropertyOp19
 70
     1
102
RTVSPropertyOp20
 70
     1
102
RTVSPropertyOp21
 70
     1
102
RTVSPropertyOp22
 70
     1
102
RTVSPropertyOp23
 70
     1
102
RTVSPropertyOp24
 70
     1
102
RTVSPropertyOp25
 70
     1
102
RTVSPropertyOp26
 70
     1
102
RTVSPropertyOp27
 70
     1
102
RTVSPropertyOp28
 70
     1
102
RTVSPropertyOp29
 70
     1
102
RTVSPropertyOp30
 70
     1
102
RTVSPropertyOp31
 70
     1
102
RTVSPropertyOp32
 70
     1
102
RTVSPropertyOp33
 70
     1
102
RTVSPropertyOp34
 70
     1
102
RTVSPropertyOp35
 70
     1
102
RTVSPropertyOp36
 70
     1
102
RTVSPropertyOp37
 70
     1
102
RTVSPropertyOp38
 70
     1
102
RTVSPropertyOp39
 70
     1
102
RTVSPropertyOp40
 70
     1
102
RTVSPropertyOp41
 70
     1
102
RTVSPropertyOp42
 70
     1
102
RTVSPropertyOp43
 70
     1
102
RTVSPropertyOp44
 70
     1
102
RTVSPropertyOp45
 70
     1
102
RTVSPropertyOp46
 70
     1
102
RTVSPropertyOp47
 70
     1
102
RTVSPropertyOp48
 70
     1
102
RTVSPropertyOp49
 70
     1
102
RTVSPropertyOp50
 70
     1
102
RTVSPropertyOp51
 70
     0
102
RTVSPropertyOp52
 70
     0
102
RTVSPropertyOp53
 70
     1
102
RTVSPropertyOp54
 70
     1
102
RTVSPropertyOp55
 70
     1
102
RTVSPropertyOp56
 70
     1
102
RTVSPropertyOp57
 70
     1
102
RTVSPost2010Prop28
280
     0
102
RTVSPost2010PropOp28
 70
     1
102
RTVSPost2010Prop29
280
     1
102
RTVSPost2010PropOp29
 70
     1
102
RTVSPost2010Prop30
280
     1
102
RTVSPost2010PropOp30
 70
     1
102
RTVSPost2010Prop31
280
     0
102
RTVSPost2010PropOp31
 70
     1
102
RTVSPost2010Prop32
280
     0
102
RTVSPost2010PropOp32
 70
     1
102
RTVSPost2010Prop33
280
     0
102
RTVSPost2010PropOp33
 70
     1
102
RTVSPost2010Prop34
280
     0
102
RTVSPost2010PropOp34
 70
     1
102
RTVSPost2010Prop35
280
     0
102
RTVSPost2010PropOp35
 70
     1
102
RTVSPost2010Prop36
280
     0
102
RTVSPost2010PropOp36
 70
     1
102
RTVSPost2010Prop37
 90
       50
102
RTVSPost2010PropOp37
 70
     1
102
RTVSPost2010Prop38
140
0.0
102
RTVSPost2010PropOp38
 70
     1
102
RTVSPost2010Prop39
140
1.0
102
RTVSPost2010PropOp39
 70
     1
102
RTVSPost2010Prop40
 90
        0
102
RTVSPost2010PropOp40
 70
     1
102
RTVSPost2010Prop41ColorIndex
 90
       18
102
RTVSPost2010Prop41ColorRGB
 90
        0
102
RTVSPost2010PropOp41
 70
     1
102
RTVSPost2010Prop42
 90
       50
102
RTVSPost2010PropOp42
 70
     1
102
RTVSPost2010Prop43
 90
        3
102
RTVSPost2010PropOp43
 70
     1
102
RTVSPost2010Prop44ColorIndex
 90
        5
102
RTVSPost2010Prop44ColorRGB
 90
      255
102
RTVSPost2010PropOp44
 70
     1
102
RTVSPost2010Prop45
280
     0
102
RTVSPost2010PropOp45
 70
     1
102
RTVSPost2010Prop46
 90
       50
102
RTVSPost2010PropOp46
 70
     1
102
RTVSPost2010Prop47
 90
       50
102
RTVSPost2010PropOp47
 70
     1
102
RTVSPost2010Prop48
 90
       50
102
RTVSPost2010PropOp48
 70
     1
102
RTVSPost2010Prop49
280
     0
102
RTVSPost2010PropOp49
 70
     1
102
RTVSPost2010Prop50
 90
       50
102
RTVSPost2010PropOp50
 70
     1
102
RTVSPost2010Prop51ColorIndex
 90
      256
102
RTVSPost2010Prop51ColorRGB
 90
-16777216
102
RTVSPost2010PropOp51
 70
     0
102
RTVSPost2010Prop52
140
1.0
102
RTVSPost2010PropOp52
 70
     0
102
RTVSPost2010Prop53
 90
        2
102
RTVSPost2010PropOp53
 70
     1
102
RTVSPost2010Prop54
  1
strokes_ogs.tif
102
RTVSPost2010PropOp54
 70
     1
102
RTVSPost2010Prop55
280
     0
102
RTVSPost2010PropOp55
 70
     1
102
RTVSPost2010Prop56
140
1.0
102
RTVSPost2010PropOp56
 70
     1
102
RTVSPost2010Prop57
140
1.0
102
RTVSPost2010PropOp57
 70
     1
  0
XRECORD
  5
363
102
{ACAD_REACTORS
330
362
102
}
330
362
100
AcDbXrecord
280
     1
102
RTVSPropertyOp0
 70
     0
102
RTVSPropertyOp1
 70
     0
102
RTVSPropertyOp2
 70
     0
102
RTVSPropertyOp3
 70
     0
102
RTVSPropertyOp4
 70
     0
102
RTVSPropertyOp5
 70
     0
102
RTVSPropertyOp6
 70
     0
102
RTVSPropertyOp7
 70
     0
102
RTVSPropertyOp8
 70
     0
102
RTVSPropertyOp9
 70
     0
102
RTVSPropertyOp10
 70
     0
102
RTVSPropertyOp11
 70
     0
102
RTVSPropertyOp12
 70
     0
102
RTVSPropertyOp13
 70
     0
102
RTVSPropertyOp14
 70
     2
102
RTVSPropertyOp15
 70
     0
102
RTVSPropertyOp16
 70
     0
102
RTVSPropertyOp17
 70
     0
102
RTVSPropertyOp18
 70
     0
102
RTVSPropertyOp19
 70
     0
102
RTVSPropertyOp20
 70
     0
102
RTVSPropertyOp21
 70
     0
102
RTVSPropertyOp22
 70
     0
102
RTVSPropertyOp23
 70
     0
102
RTVSPropertyOp24
 70
     0
102
RTVSPropertyOp25
 70
     0
102
RTVSPropertyOp26
 70
     0
102
RTVSPropertyOp27
 70
     0
102
RTVSPropertyOp28
 70
     0
102
RTVSPropertyOp29
 70
     0
102
RTVSPropertyOp30
 70
     0
102
RTVSPropertyOp31
 70
     0
102
RTVSPropertyOp32
 70
     0
102
RTVSPropertyOp33
 70
     0
102
RTVSPropertyOp34
 70
     0
102
RTVSPropertyOp35
 70
     0
102
RTVSPropertyOp36
 70
     0
102
RTVSPropertyOp37
 70
     0
102
RTVSPropertyOp38
 70
     0
102
RTVSPropertyOp39
 70
     0
102
RTVSPropertyOp40
 70
     0
102
RTVSPropertyOp41
 70
     0
102
RTVSPropertyOp42
 70
     0
102
RTVSPropertyOp43
 70
     0
102
RTVSPropertyOp44
 70
     0
102
RTVSPropertyOp45
 70
     0
102
RTVSPropertyOp46
 70
     0
102
RTVSPropertyOp47
 70
     0
102
RTVSPropertyOp48
 70
     0
102
RTVSPropertyOp49
 70
     0
102
RTVSPropertyOp50
 70
     0
102
RTVSPropertyOp51
 70
     0
102
RTVSPropertyOp52
 70
     0
102
RTVSPropertyOp53
 70
     0
102
RTVSPropertyOp54
 70
     0
102
RTVSPropertyOp55
 70
     0
102
RTVSPropertyOp56
 70
     0
102
RTVSPropertyOp57
 70
     0
102
RTVSPost2010Prop28
280
     0
102
RTVSPost2010PropOp28
 70
     0
102
RTVSPost2010Prop29
280
     1
102
RTVSPost2010PropOp29
 70
     0
102
RTVSPost2010Prop30
280
     1
102
RTVSPost2010PropOp30
 70
     0
102
RTVSPost2010Prop31
280
     0
102
RTVSPost2010PropOp31
 70
     0
102
RTVSPost2010Prop32
280
     0
102
RTVSPost2010PropOp32
 70
     0
102
RTVSPost2010Prop33
280
     0
102
RTVSPost2010PropOp33
 70
     0
102
RTVSPost2010Prop34
280
     0
102
RTVSPost2010PropOp34
 70
     0
102
RTVSPost2010Prop35
280
     0
102
RTVSPost2010PropOp35
 70
     0
102
RTVSPost2010Prop36
280
     0
102
RTVSPost2010PropOp36
 70
     0
102
RTVSPost2010Prop37
 90
       50
102
RTVSPost2010PropOp37
 70
     0
102
RTVSPost2010Prop38
140
0.0
102
RTVSPost2010PropOp38
 70
     0
102
RTVSPost2010Prop39
140
1.0
102
RTVSPost2010PropOp39
 70
     0
102
RTVSPost2010Prop40
 90
        0
102
RTVSPost2010PropOp40
 70
     0
102
RTVSPost2010Prop41ColorIndex
 90
       18
102
RTVSPost2010Prop41ColorRGB
 90
        0
102
RTVSPost2010PropOp41
 70
     0
102
RTVSPost2010Prop42
 90
       50
102
RTVSPost2010PropOp42
 70
     0
102
RTVSPost2010Prop43
 90
        3
102
RTVSPost2010PropOp43
 70
     0
102
RTVSPost2010Prop44ColorIndex
 90
        5
102
RTVSPost2010Prop44ColorRGB
 90
      255
102
RTVSPost2010PropOp44
 70
     0
102
RTVSPost2010Prop45
280
     0
102
RTVSPost2010PropOp45
 70
     0
102
RTVSPost2010Prop46
 90
       50
102
RTVSPost2010PropOp46
 70
     0
102
RTVSPost2010Prop47
 90
       50
102
RTVSPost2010PropOp47
 70
     0
102
RTVSPost2010Prop48
 90
       50
102
RTVSPost2010PropOp48
 70
     0
102
RTVSPost2010Prop49
280
     0
102
RTVSPost2010PropOp49
 70
     0
102
RTVSPost2010Prop50
 90
       50
102
RTVSPost2010PropOp50
 70
     0
102
RTVSPost2010Prop51ColorIndex
 90
      256
102
RTVSPost2010Prop51ColorRGB
 90
-16777216
102
RTVSPost2010PropOp51
 70
     0
102
RTVSPost2010Prop52
140
1.0
102
RTVSPost2010PropOp52
 70
     0
102
RTVSPost2010Prop53
 90
        2
102
RTVSPost2010PropOp53
 70
     0
102
RTVSPost2010Prop54
  1
strokes_ogs.tif
102
RTVSPost2010PropOp54
 70
     0
102
RTVSPost2010Prop55
280
     0
102
RTVSPost2010PropOp55
 70
     0
102
RTVSPost2010Prop56
140
1.0
102
RTVSPost2010PropOp56
 70
     0
102
RTVSPost2010Prop57
140
1.0
102
RTVSPost2010PropOp57
 70
     0
  0
XRECORD
  5
351
102
{ACAD_REACTORS
330
350
102
}
330
350
100
AcDbXrecord
280
     1
102
RTVSPropertyOp0
 70
     1
102
RTVSPropertyOp1
 70
     1
102
RTVSPropertyOp2
 70
     1
102
RTVSPropertyOp3
 70
     1
102
RTVSPropertyOp4
 70
     1
102
RTVSPropertyOp5
 70
     1
102
RTVSPropertyOp6
 70
     1
102
RTVSPropertyOp7
 70
     1
102
RTVSPropertyOp8
 70
     1
102
RTVSPropertyOp9
 70
     1
102
RTVSPropertyOp10
 70
     1
102
RTVSPropertyOp11
 70
     1
102
RTVSPropertyOp12
 70
     1
102
RTVSPropertyOp13
 70
     1
102
RTVSPropertyOp14
 70
     1
102
RTVSPropertyOp15
 70
     1
102
RTVSPropertyOp16
 70
     1
102
RTVSPropertyOp17
 70
     1
102
RTVSPropertyOp18
 70
     1
102
RTVSPropertyOp19
 70
     1
102
RTVSPropertyOp20
 70
     1
102
RTVSPropertyOp21
 70
     1
102
RTVSPropertyOp22
 70
     1
102
RTVSPropertyOp23
 70
     1
102
RTVSPropertyOp24
 70
     1
102
RTVSPropertyOp25
 70
     1
102
RTVSPropertyOp26
 70
     1
102
RTVSPropertyOp27
 70
     1
102
RTVSPropertyOp28
 70
     1
102
RTVSPropertyOp29
 70
     1
102
RTVSPropertyOp30
 70
     1
102
RTVSPropertyOp31
 70
     1
102
RTVSPropertyOp32
 70
     1
102
RTVSPropertyOp33
 70
     1
102
RTVSPropertyOp34
 70
     1
102
RTVSPropertyOp35
 70
     1
102
RTVSPropertyOp36
 70
     1
102
RTVSPropertyOp37
 70
     1
102
RTVSPropertyOp38
 70
     1
102
RTVSPropertyOp39
 70
     1
102
RTVSPropertyOp40
 70
     1
102
RTVSPropertyOp41
 70
     1
102
RTVSPropertyOp42
 70
     1
102
RTVSPropertyOp43
 70
     1
102
RTVSPropertyOp44
 70
     1
102
RTVSPropertyOp45
 70
     1
102
RTVSPropertyOp46
 70
     1
102
RTVSPropertyOp47
 70
     1
102
RTVSPropertyOp48
 70
     1
102
RTVSPropertyOp49
 70
     1
102
RTVSPropertyOp50
 70
     1
102
RTVSPropertyOp51
 70
     0
102
RTVSPropertyOp52
 70
     0
102
RTVSPropertyOp53
 70
     1
102
RTVSPropertyOp54
 70
     1
102
RTVSPropertyOp55
 70
     1
102
RTVSPropertyOp56
 70
     1
102
RTVSPropertyOp57
 70
     1
102
RTVSPost2010Prop28
280
     0
102
RTVSPost2010PropOp28
 70
     1
102
RTVSPost2010Prop29
280
     1
102
RTVSPost2010PropOp29
 70
     1
102
RTVSPost2010Prop30
280
     1
102
RTVSPost2010PropOp30
 70
     1
102
RTVSPost2010Prop31
280
     0
102
RTVSPost2010PropOp31
 70
     1
102
RTVSPost2010Prop32
280
     0
102
RTVSPost2010PropOp32
 70
     1
102
RTVSPost2010Prop33
280
     0
102
RTVSPost2010PropOp33
 70
     1
102
RTVSPost2010Prop34
280
     0
102
RTVSPost2010PropOp34
 70
     1
102
RTVSPost2010Prop35
280
     0
102
RTVSPost2010PropOp35
 70
     1
102
RTVSPost2010Prop36
280
     0
102
RTVSPost2010PropOp36
 70
     1
102
RTVSPost2010Prop37
 90
       50
102
RTVSPost2010PropOp37
 70
     1
102
RTVSPost2010Prop38
140
0.0
102
RTVSPost2010PropOp38
 70
     1
102
RTVSPost2010Prop39
140
1.0
102
RTVSPost2010PropOp39
 70
     1
102
RTVSPost2010Prop40
 90
        0
102
RTVSPost2010PropOp40
 70
     1
102
RTVSPost2010Prop41ColorIndex
 90
       18
102
RTVSPost2010Prop41ColorRGB
 90
        0
102
RTVSPost2010PropOp41
 70
     1
102
RTVSPost2010Prop42
 90
       50
102
RTVSPost2010PropOp42
 70
     1
102
RTVSPost2010Prop43
 90
        3
102
RTVSPost2010PropOp43
 70
     1
102
RTVSPost2010Prop44ColorIndex
 90
        5
102
RTVSPost2010Prop44ColorRGB
 90
      255
102
RTVSPost2010PropOp44
 70
     1
102
RTVSPost2010Prop45
280
     0
102
RTVSPost2010PropOp45
 70
     1
102
RTVSPost2010Prop46
 90
       50
102
RTVSPost2010PropOp46
 70
     1
102
RTVSPost2010Prop47
 90
       50
102
RTVSPost2010PropOp47
 70
     1
102
RTVSPost2010Prop48
 90
       50
102
RTVSPost2010PropOp48
 70
     1
102
RTVSPost2010Prop49
280
     0
102
RTVSPost2010PropOp49
 70
     1
102
RTVSPost2010Prop50
 90
       50
102
RTVSPost2010PropOp50
 70
     1
102
RTVSPost2010Prop51ColorIndex
 90
      256
102
RTVSPost2010Prop51ColorRGB
 90
-16777216
102
RTVSPost2010PropOp51
 70
     0
102
RTVSPost2010Prop52
140
1.0
102
RTVSPost2010PropOp52
 70
     0
102
RTVSPost2010Prop53
 90
        2
102
RTVSPost2010PropOp53
 70
     1
102
RTVSPost2010Prop54
  1
strokes_ogs.tif
102
RTVSPost2010PropOp54
 70
     1
102
RTVSPost2010Prop55
280
     0
102
RTVSPost2010PropOp55
 70
     1
102
RTVSPost2010Prop56
140
1.0
102
RTVSPost2010PropOp56
 70
     1
102
RTVSPost2010Prop57
140
1.0
102
RTVSPost2010PropOp57
 70
     1
  0
XRECORD
  5
36F
102
{ACAD_REACTORS
330
36E
102
}
330
36E
100
AcDbXrecord
280
     1
102
RTVSPropertyOp0
 70
     1
102
RTVSPropertyOp1
 70
     1
102
RTVSPropertyOp2
 70
     1
102
RTVSPropertyOp3
 70
     1
102
RTVSPropertyOp4
 70
     1
102
RTVSPropertyOp5
 70
     1
102
RTVSPropertyOp6
 70
     1
102
RTVSPropertyOp7
 70
     1
102
RTVSPropertyOp8
 70
     1
102
RTVSPropertyOp9
 70
     1
102
RTVSPropertyOp10
 70
     1
102
RTVSPropertyOp11
 70
     1
102
RTVSPropertyOp12
 70
     1
102
RTVSPropertyOp13
 70
     1
102
RTVSPropertyOp14
 70
     1
102
RTVSPropertyOp15
 70
     1
102
RTVSPropertyOp16
 70
     1
102
RTVSPropertyOp17
 70
     1
102
RTVSPropertyOp18
 70
     1
102
RTVSPropertyOp19
 70
     1
102
RTVSPropertyOp20
 70
     1
102
RTVSPropertyOp21
 70
     1
102
RTVSPropertyOp22
 70
     1
102
RTVSPropertyOp23
 70
     1
102
RTVSPropertyOp24
 70
     1
102
RTVSPropertyOp25
 70
     1
102
RTVSPropertyOp26
 70
     1
102
RTVSPropertyOp27
 70
     1
102
RTVSPropertyOp28
 70
     1
102
RTVSPropertyOp29
 70
     1
102
RTVSPropertyOp30
 70
     1
102
RTVSPropertyOp31
 70
     1
102
RTVSPropertyOp32
 70
     1
102
RTVSPropertyOp33
 70
     1
102
RTVSPropertyOp34
 70
     1
102
RTVSPropertyOp35
 70
     1
102
RTVSPropertyOp36
 70
     1
102
RTVSPropertyOp37
 70
     1
102
RTVSPropertyOp38
 70
     1
102
RTVSPropertyOp39
 70
     1
102
RTVSPropertyOp40
 70
     1
102
RTVSPropertyOp41
 70
     1
102
RTVSPropertyOp42
 70
     1
102
RTVSPropertyOp43
 70
     1
102
RTVSPropertyOp44
 70
     1
102
RTVSPropertyOp45
 70
     1
102
RTVSPropertyOp46
 70
     1
102
RTVSPropertyOp47
 70
     1
102
RTVSPropertyOp48
 70
     1
102
RTVSPropertyOp49
 70
     1
102
RTVSPropertyOp50
 70
     1
102
RTVSPropertyOp51
 70
     0
102
RTVSPropertyOp52
 70
     0
102
RTVSPropertyOp53
 70
     1
102
RTVSPropertyOp54
 70
     1
102
RTVSPropertyOp55
 70
     1
102
RTVSPropertyOp56
 70
     1
102
RTVSPropertyOp57
 70
     1
102
RTVSPost2010Prop28
280
     0
102
RTVSPost2010PropOp28
 70
     1
102
RTVSPost2010Prop29
280
     1
102
RTVSPost2010PropOp29
 70
     1
102
RTVSPost2010Prop30
280
     1
102
RTVSPost2010PropOp30
 70
     1
102
RTVSPost2010Prop31
280
     0
102
RTVSPost2010PropOp31
 70
     1
102
RTVSPost2010Prop32
280
     0
102
RTVSPost2010PropOp32
 70
     1
102
RTVSPost2010Prop33
280
     0
102
RTVSPost2010PropOp33
 70
     1
102
RTVSPost2010Prop34
280
     0
102
RTVSPost2010PropOp34
 70
     1
102
RTVSPost2010Prop35
280
     0
102
RTVSPost2010PropOp35
 70
     1
102
RTVSPost2010Prop36
280
     0
102
RTVSPost2010PropOp36
 70
     1
102
RTVSPost2010Prop37
 90
       50
102
RTVSPost2010PropOp37
 70
     1
102
RTVSPost2010Prop38
140
0.0
102
RTVSPost2010PropOp38
 70
     1
102
RTVSPost2010Prop39
140
1.0
102
RTVSPost2010PropOp39
 70
     1
102
RTVSPost2010Prop40
 90
        0
102
RTVSPost2010PropOp40
 70
     1
102
RTVSPost2010Prop41ColorIndex
 90
       18
102
RTVSPost2010Prop41ColorRGB
 90
        0
102
RTVSPost2010PropOp41
 70
     1
102
RTVSPost2010Prop42
 90
       50
102
RTVSPost2010PropOp42
 70
     1
102
RTVSPost2010Prop43
 90
        3
102
RTVSPost2010PropOp43
 70
     1
102
RTVSPost2010Prop44ColorIndex
 90
        5
102
RTVSPost2010Prop44ColorRGB
 90
      255
102
RTVSPost2010PropOp44
 70
     1
102
RTVSPost2010Prop45
280
     0
102
RTVSPost2010PropOp45
 70
     1
102
RTVSPost2010Prop46
 90
       50
102
RTVSPost2010PropOp46
 70
     1
102
RTVSPost2010Prop47
 90
       50
102
RTVSPost2010PropOp47
 70
     1
102
RTVSPost2010Prop48
 90
       50
102
RTVSPost2010PropOp48
 70
     1
102
RTVSPost2010Prop49
280
     0
102
RTVSPost2010PropOp49
 70
     1
102
RTVSPost2010Prop50
 90
       50
102
RTVSPost2010PropOp50
 70
     1
102
RTVSPost2010Prop51ColorIndex
 90
      256
102
RTVSPost2010Prop51ColorRGB
 90
-16777216
102
RTVSPost2010PropOp51
 70
     0
102
RTVSPost2010Prop52
140
1.0
102
RTVSPost2010PropOp52
 70
     0
102
RTVSPost2010Prop53
 90
        2
102
RTVSPost2010PropOp53
 70
     1
102
RTVSPost2010Prop54
  1
strokes_ogs.tif
102
RTVSPost2010PropOp54
 70
     1
102
RTVSPost2010Prop55
280
     0
102
RTVSPost2010PropOp55
 70
     1
102
RTVSPost2010Prop56
140
1.0
102
RTVSPost2010PropOp56
 70
     1
102
RTVSPost2010Prop57
140
1.0
102
RTVSPost2010PropOp57
 70
     1
  0
XRECORD
  5
36D
102
{ACAD_REACTORS
330
36C
102
}
330
36C
100
AcDbXrecord
280
     1
102
RTVSPropertyOp0
 70
     1
102
RTVSPropertyOp1
 70
     1
102
RTVSPropertyOp2
 70
     1
102
RTVSPropertyOp3
 70
     1
102
RTVSPropertyOp4
 70
     1
102
RTVSPropertyOp5
 70
     1
102
RTVSPropertyOp6
 70
     1
102
RTVSPropertyOp7
 70
     1
102
RTVSPropertyOp8
 70
     1
102
RTVSPropertyOp9
 70
     1
102
RTVSPropertyOp10
 70
     1
102
RTVSPropertyOp11
 70
     1
102
RTVSPropertyOp12
 70
     1
102
RTVSPropertyOp13
 70
     1
102
RTVSPropertyOp14
 70
     1
102
RTVSPropertyOp15
 70
     1
102
RTVSPropertyOp16
 70
     1
102
RTVSPropertyOp17
 70
     1
102
RTVSPropertyOp18
 70
     1
102
RTVSPropertyOp19
 70
     1
102
RTVSPropertyOp20
 70
     1
102
RTVSPropertyOp21
 70
     1
102
RTVSPropertyOp22
 70
     1
102
RTVSPropertyOp23
 70
     1
102
RTVSPropertyOp24
 70
     1
102
RTVSPropertyOp25
 70
     1
102
RTVSPropertyOp26
 70
     1
102
RTVSPropertyOp27
 70
     1
102
RTVSPropertyOp28
 70
     1
102
RTVSPropertyOp29
 70
     1
102
RTVSPropertyOp30
 70
     1
102
RTVSPropertyOp31
 70
     1
102
RTVSPropertyOp32
 70
     1
102
RTVSPropertyOp33
 70
     1
102
RTVSPropertyOp34
 70
     1
102
RTVSPropertyOp35
 70
     1
102
RTVSPropertyOp36
 70
     1
102
RTVSPropertyOp37
 70
     1
102
RTVSPropertyOp38
 70
     1
102
RTVSPropertyOp39
 70
     1
102
RTVSPropertyOp40
 70
     1
102
RTVSPropertyOp41
 70
     1
102
RTVSPropertyOp42
 70
     1
102
RTVSPropertyOp43
 70
     1
102
RTVSPropertyOp44
 70
     1
102
RTVSPropertyOp45
 70
     1
102
RTVSPropertyOp46
 70
     1
102
RTVSPropertyOp47
 70
     1
102
RTVSPropertyOp48
 70
     1
102
RTVSPropertyOp49
 70
     1
102
RTVSPropertyOp50
 70
     1
102
RTVSPropertyOp51
 70
     0
102
RTVSPropertyOp52
 70
     0
102
RTVSPropertyOp53
 70
     1
102
RTVSPropertyOp54
 70
     1
102
RTVSPropertyOp55
 70
     1
102
RTVSPropertyOp56
 70
     1
102
RTVSPropertyOp57
 70
     1
102
RTVSPost2010Prop28
280
     0
102
RTVSPost2010PropOp28
 70
     1
102
RTVSPost2010Prop29
280
     1
102
RTVSPost2010PropOp29
 70
     1
102
RTVSPost2010Prop30
280
     1
102
RTVSPost2010PropOp30
 70
     1
102
RTVSPost2010Prop31
280
     0
102
RTVSPost2010PropOp31
 70
     1
102
RTVSPost2010Prop32
280
     0
102
RTVSPost2010PropOp32
 70
     1
102
RTVSPost2010Prop33
280
     0
102
RTVSPost2010PropOp33
 70
     1
102
RTVSPost2010Prop34
280
     0
102
RTVSPost2010PropOp34
 70
     1
102
RTVSPost2010Prop35
280
     0
102
RTVSPost2010PropOp35
 70
     1
102
RTVSPost2010Prop36
280
     0
102
RTVSPost2010PropOp36
 70
     1
102
RTVSPost2010Prop37
 90
       50
102
RTVSPost2010PropOp37
 70
     1
102
RTVSPost2010Prop38
140
0.0
102
RTVSPost2010PropOp38
 70
     1
102
RTVSPost2010Prop39
140
1.0
102
RTVSPost2010PropOp39
 70
     1
102
RTVSPost2010Prop40
 90
        0
102
RTVSPost2010PropOp40
 70
     1
102
RTVSPost2010Prop41ColorIndex
 90
       18
102
RTVSPost2010Prop41ColorRGB
 90
        0
102
RTVSPost2010PropOp41
 70
     1
102
RTVSPost2010Prop42
 90
       50
102
RTVSPost2010PropOp42
 70
     1
102
RTVSPost2010Prop43
 90
        3
102
RTVSPost2010PropOp43
 70
     1
102
RTVSPost2010Prop44ColorIndex
 90
        5
102
RTVSPost2010Prop44ColorRGB
 90
      255
102
RTVSPost2010PropOp44
 70
     1
102
RTVSPost2010Prop45
280
     0
102
RTVSPost2010PropOp45
 70
     1
102
RTVSPost2010Prop46
 90
       50
102
RTVSPost2010PropOp46
 70
     1
102
RTVSPost2010Prop47
 90
       50
102
RTVSPost2010PropOp47
 70
     1
102
RTVSPost2010Prop48
 90
       50
102
RTVSPost2010PropOp48
 70
     1
102
RTVSPost2010Prop49
280
     0
102
RTVSPost2010PropOp49
 70
     1
102
RTVSPost2010Prop50
 90
       50
102
RTVSPost2010PropOp50
 70
     1
102
RTVSPost2010Prop51ColorIndex
 90
      256
102
RTVSPost2010Prop51ColorRGB
 90
-16777216
102
RTVSPost2010PropOp51
 70
     0
102
RTVSPost2010Prop52
140
1.0
102
RTVSPost2010PropOp52
 70
     0
102
RTVSPost2010Prop53
 90
        2
102
RTVSPost2010PropOp53
 70
     1
102
RTVSPost2010Prop54
  1
strokes_ogs.tif
102
RTVSPost2010PropOp54
 70
     1
102
RTVSPost2010Prop55
280
     0
102
RTVSPost2010PropOp55
 70
     1
102
RTVSPost2010Prop56
140
1.0
102
RTVSPost2010PropOp56
 70
     1
102
RTVSPost2010Prop57
140
1.0
102
RTVSPost2010PropOp57
 70
     1
  0
XRECORD
  5
367
102
{ACAD_REACTORS
330
366
102
}
330
366
100
AcDbXrecord
280
     1
102
RTVSPropertyOp0
 70
     1
102
RTVSPropertyOp1
 70
     1
102
RTVSPropertyOp2
 70
     1
102
RTVSPropertyOp3
 70
     1
102
RTVSPropertyOp4
 70
     1
102
RTVSPropertyOp5
 70
     1
102
RTVSPropertyOp6
 70
     1
102
RTVSPropertyOp7
 70
     1
102
RTVSPropertyOp8
 70
     1
102
RTVSPropertyOp9
 70
     1
102
RTVSPropertyOp10
 70
     1
102
RTVSPropertyOp11
 70
     1
102
RTVSPropertyOp12
 70
     1
102
RTVSPropertyOp13
 70
     1
102
RTVSPropertyOp14
 70
     1
102
RTVSPropertyOp15
 70
     1
102
RTVSPropertyOp16
 70
     1
102
RTVSPropertyOp17
 70
     1
102
RTVSPropertyOp18
 70
     1
102
RTVSPropertyOp19
 70
     1
102
RTVSPropertyOp20
 70
     1
102
RTVSPropertyOp21
 70
     1
102
RTVSPropertyOp22
 70
     1
102
RTVSPropertyOp23
 70
     1
102
RTVSPropertyOp24
 70
     1
102
RTVSPropertyOp25
 70
     1
102
RTVSPropertyOp26
 70
     1
102
RTVSPropertyOp27
 70
     1
102
RTVSPropertyOp28
 70
     1
102
RTVSPropertyOp29
 70
     1
102
RTVSPropertyOp30
 70
     1
102
RTVSPropertyOp31
 70
     1
102
RTVSPropertyOp32
 70
     1
102
RTVSPropertyOp33
 70
     1
102
RTVSPropertyOp34
 70
     1
102
RTVSPropertyOp35
 70
     1
102
RTVSPropertyOp36
 70
     1
102
RTVSPropertyOp37
 70
     1
102
RTVSPropertyOp38
 70
     1
102
RTVSPropertyOp39
 70
     1
102
RTVSPropertyOp40
 70
     1
102
RTVSPropertyOp41
 70
     1
102
RTVSPropertyOp42
 70
     1
102
RTVSPropertyOp43
 70
     1
102
RTVSPropertyOp44
 70
     1
102
RTVSPropertyOp45
 70
     1
102
RTVSPropertyOp46
 70
     1
102
RTVSPropertyOp47
 70
     1
102
RTVSPropertyOp48
 70
     1
102
RTVSPropertyOp49
 70
     1
102
RTVSPropertyOp50
 70
     1
102
RTVSPropertyOp51
 70
     0
102
RTVSPropertyOp52
 70
     0
102
RTVSPropertyOp53
 70
     1
102
RTVSPropertyOp54
 70
     1
102
RTVSPropertyOp55
 70
     1
102
RTVSPropertyOp56
 70
     1
102
RTVSPropertyOp57
 70
     1
102
RTVSPost2010Prop28
280
     0
102
RTVSPost2010PropOp28
 70
     1
102
RTVSPost2010Prop29
280
     1
102
RTVSPost2010PropOp29
 70
     1
102
RTVSPost2010Prop30
280
     1
102
RTVSPost2010PropOp30
 70
     1
102
RTVSPost2010Prop31
280
     0
102
RTVSPost2010PropOp31
 70
     1
102
RTVSPost2010Prop32
280
     0
102
RTVSPost2010PropOp32
 70
     1
102
RTVSPost2010Prop33
280
     0
102
RTVSPost2010PropOp33
 70
     1
102
RTVSPost2010Prop34
280
     0
102
RTVSPost2010PropOp34
 70
     1
102
RTVSPost2010Prop35
280
     0
102
RTVSPost2010PropOp35
 70
     1
102
RTVSPost2010Prop36
280
     0
102
RTVSPost2010PropOp36
 70
     1
102
RTVSPost2010Prop37
 90
       50
102
RTVSPost2010PropOp37
 70
     1
102
RTVSPost2010Prop38
140
0.0
102
RTVSPost2010PropOp38
 70
     1
102
RTVSPost2010Prop39
140
1.0
102
RTVSPost2010PropOp39
 70
     1
102
RTVSPost2010Prop40
 90
        0
102
RTVSPost2010PropOp40
 70
     1
102
RTVSPost2010Prop41ColorIndex
 90
       18
102
RTVSPost2010Prop41ColorRGB
 90
        0
102
RTVSPost2010PropOp41
 70
     1
102
RTVSPost2010Prop42
 90
       50
102
RTVSPost2010PropOp42
 70
     1
102
RTVSPost2010Prop43
 90
        3
102
RTVSPost2010PropOp43
 70
     1
102
RTVSPost2010Prop44ColorIndex
 90
        5
102
RTVSPost2010Prop44ColorRGB
 90
      255
102
RTVSPost2010PropOp44
 70
     1
102
RTVSPost2010Prop45
280
     0
102
RTVSPost2010PropOp45
 70
     1
102
RTVSPost2010Prop46
 90
       50
102
RTVSPost2010PropOp46
 70
     1
102
RTVSPost2010Prop47
 90
       50
102
RTVSPost2010PropOp47
 70
     1
102
RTVSPost2010Prop48
 90
       50
102
RTVSPost2010PropOp48
 70
     1
102
RTVSPost2010Prop49
280
     0
102
RTVSPost2010PropOp49
 70
     1
102
RTVSPost2010Prop50
 90
       50
102
RTVSPost2010PropOp50
 70
     1
102
RTVSPost2010Prop51ColorIndex
 90
      256
102
RTVSPost2010Prop51ColorRGB
 90
-16777216
102
RTVSPost2010PropOp51
 70
     0
102
RTVSPost2010Prop52
140
1.0
102
RTVSPost2010PropOp52
 70
     0
102
RTVSPost2010Prop53
 90
        2
102
RTVSPost2010PropOp53
 70
     1
102
RTVSPost2010Prop54
  1
strokes_ogs.tif
102
RTVSPost2010PropOp54
 70
     1
102
RTVSPost2010Prop55
280
     0
102
RTVSPost2010PropOp55
 70
     1
102
RTVSPost2010Prop56
140
1.0
102
RTVSPost2010PropOp56
 70
     1
102
RTVSPost2010Prop57
140
1.0
102
RTVSPost2010PropOp57
 70
     1
  0
XRECORD
  5
369
102
{ACAD_REACTORS
330
368
102
}
330
368
100
AcDbXrecord
280
     1
102
RTVSPropertyOp0
 70
     1
102
RTVSPropertyOp1
 70
     1
102
RTVSPropertyOp2
 70
     1
102
RTVSPropertyOp3
 70
     1
102
RTVSPropertyOp4
 70
     1
102
RTVSPropertyOp5
 70
     1
102
RTVSPropertyOp6
 70
     1
102
RTVSPropertyOp7
 70
     1
102
RTVSPropertyOp8
 70
     1
102
RTVSPropertyOp9
 70
     1
102
RTVSPropertyOp10
 70
     1
102
RTVSPropertyOp11
 70
     1
102
RTVSPropertyOp12
 70
     1
102
RTVSPropertyOp13
 70
     1
102
RTVSPropertyOp14
 70
     1
102
RTVSPropertyOp15
 70
     1
102
RTVSPropertyOp16
 70
     1
102
RTVSPropertyOp17
 70
     1
102
RTVSPropertyOp18
 70
     1
102
RTVSPropertyOp19
 70
     1
102
RTVSPropertyOp20
 70
     1
102
RTVSPropertyOp21
 70
     1
102
RTVSPropertyOp22
 70
     1
102
RTVSPropertyOp23
 70
     1
102
RTVSPropertyOp24
 70
     1
102
RTVSPropertyOp25
 70
     1
102
RTVSPropertyOp26
 70
     1
102
RTVSPropertyOp27
 70
     1
102
RTVSPropertyOp28
 70
     1
102
RTVSPropertyOp29
 70
     1
102
RTVSPropertyOp30
 70
     1
102
RTVSPropertyOp31
 70
     1
102
RTVSPropertyOp32
 70
     1
102
RTVSPropertyOp33
 70
     1
102
RTVSPropertyOp34
 70
     1
102
RTVSPropertyOp35
 70
     1
102
RTVSPropertyOp36
 70
     1
102
RTVSPropertyOp37
 70
     1
102
RTVSPropertyOp38
 70
     1
102
RTVSPropertyOp39
 70
     1
102
RTVSPropertyOp40
 70
     1
102
RTVSPropertyOp41
 70
     1
102
RTVSPropertyOp42
 70
     1
102
RTVSPropertyOp43
 70
     1
102
RTVSPropertyOp44
 70
     1
102
RTVSPropertyOp45
 70
     1
102
RTVSPropertyOp46
 70
     1
102
RTVSPropertyOp47
 70
     1
102
RTVSPropertyOp48
 70
     1
102
RTVSPropertyOp49
 70
     1
102
RTVSPropertyOp50
 70
     1
102
RTVSPropertyOp51
 70
     0
102
RTVSPropertyOp52
 70
     0
102
RTVSPropertyOp53
 70
     1
102
RTVSPropertyOp54
 70
     1
102
RTVSPropertyOp55
 70
     1
102
RTVSPropertyOp56
 70
     1
102
RTVSPropertyOp57
 70
     1
102
RTVSPost2010Prop28
280
     0
102
RTVSPost2010PropOp28
 70
     1
102
RTVSPost2010Prop29
280
     1
102
RTVSPost2010PropOp29
 70
     1
102
RTVSPost2010Prop30
280
     1
102
RTVSPost2010PropOp30
 70
     1
102
RTVSPost2010Prop31
280
     0
102
RTVSPost2010PropOp31
 70
     1
102
RTVSPost2010Prop32
280
     0
102
RTVSPost2010PropOp32
 70
     1
102
RTVSPost2010Prop33
280
     0
102
RTVSPost2010PropOp33
 70
     1
102
RTVSPost2010Prop34
280
     0
102
RTVSPost2010PropOp34
 70
     1
102
RTVSPost2010Prop35
280
     0
102
RTVSPost2010PropOp35
 70
     1
102
RTVSPost2010Prop36
280
     0
102
RTVSPost2010PropOp36
 70
     1
102
RTVSPost2010Prop37
 90
       50
102
RTVSPost2010PropOp37
 70
     1
102
RTVSPost2010Prop38
140
0.0
102
RTVSPost2010PropOp38
 70
     1
102
RTVSPost2010Prop39
140
1.0
102
RTVSPost2010PropOp39
 70
     1
102
RTVSPost2010Prop40
 90
        0
102
RTVSPost2010PropOp40
 70
     1
102
RTVSPost2010Prop41ColorIndex
 90
       18
102
RTVSPost2010Prop41ColorRGB
 90
        0
102
RTVSPost2010PropOp41
 70
     1
102
RTVSPost2010Prop42
 90
       50
102
RTVSPost2010PropOp42
 70
     1
102
RTVSPost2010Prop43
 90
        3
102
RTVSPost2010PropOp43
 70
     1
102
RTVSPost2010Prop44ColorIndex
 90
        5
102
RTVSPost2010Prop44ColorRGB
 90
      255
102
RTVSPost2010PropOp44
 70
     1
102
RTVSPost2010Prop45
280
     0
102
RTVSPost2010PropOp45
 70
     1
102
RTVSPost2010Prop46
 90
       50
102
RTVSPost2010PropOp46
 70
     1
102
RTVSPost2010Prop47
 90
       50
102
RTVSPost2010PropOp47
 70
     1
102
RTVSPost2010Prop48
 90
       50
102
RTVSPost2010PropOp48
 70
     1
102
RTVSPost2010Prop49
280
     0
102
RTVSPost2010PropOp49
 70
     1
102
RTVSPost2010Prop50
 90
       50
102
RTVSPost2010PropOp50
 70
     1
102
RTVSPost2010Prop51ColorIndex
 90
      256
102
RTVSPost2010Prop51ColorRGB
 90
-16777216
102
RTVSPost2010PropOp51
 70
     0
102
RTVSPost2010Prop52
140
1.0
102
RTVSPost2010PropOp52
 70
     0
102
RTVSPost2010Prop53
 90
        2
102
RTVSPost2010PropOp53
 70
     1
102
RTVSPost2010Prop54
  1
strokes_ogs.tif
102
RTVSPost2010PropOp54
 70
     1
102
RTVSPost2010Prop55
280
     0
102
RTVSPost2010PropOp55
 70
     1
102
RTVSPost2010Prop56
140
1.0
102
RTVSPost2010PropOp56
 70
     1
102
RTVSPost2010Prop57
140
1.0
102
RTVSPost2010PropOp57
 70
     1
  0
XRECORD
  5
359
102
{ACAD_REACTORS
330
358
102
}
330
358
100
AcDbXrecord
280
     1
102
RTVSPropertyOp0
 70
     1
102
RTVSPropertyOp1
 70
     1
102
RTVSPropertyOp2
 70
     1
102
RTVSPropertyOp3
 70
     1
102
RTVSPropertyOp4
 70
     1
102
RTVSPropertyOp5
 70
     1
102
RTVSPropertyOp6
 70
     1
102
RTVSPropertyOp7
 70
     1
102
RTVSPropertyOp8
 70
     1
102
RTVSPropertyOp9
 70
     1
102
RTVSPropertyOp10
 70
     1
102
RTVSPropertyOp11
 70
     1
102
RTVSPropertyOp12
 70
     1
102
RTVSPropertyOp13
 70
     1
102
RTVSPropertyOp14
 70
     1
102
RTVSPropertyOp15
 70
     1
102
RTVSPropertyOp16
 70
     1
102
RTVSPropertyOp17
 70
     1
102
RTVSPropertyOp18
 70
     1
102
RTVSPropertyOp19
 70
     1
102
RTVSPropertyOp20
 70
     1
102
RTVSPropertyOp21
 70
     1
102
RTVSPropertyOp22
 70
     1
102
RTVSPropertyOp23
 70
     1
102
RTVSPropertyOp24
 70
     1
102
RTVSPropertyOp25
 70
     1
102
RTVSPropertyOp26
 70
     1
102
RTVSPropertyOp27
 70
     1
102
RTVSPropertyOp28
 70
     1
102
RTVSPropertyOp29
 70
     1
102
RTVSPropertyOp30
 70
     1
102
RTVSPropertyOp31
 70
     1
102
RTVSPropertyOp32
 70
     1
102
RTVSPropertyOp33
 70
     1
102
RTVSPropertyOp34
 70
     1
102
RTVSPropertyOp35
 70
     1
102
RTVSPropertyOp36
 70
     1
102
RTVSPropertyOp37
 70
     1
102
RTVSPropertyOp38
 70
     1
102
RTVSPropertyOp39
 70
     1
102
RTVSPropertyOp40
 70
     1
102
RTVSPropertyOp41
 70
     1
102
RTVSPropertyOp42
 70
     1
102
RTVSPropertyOp43
 70
     1
102
RTVSPropertyOp44
 70
     1
102
RTVSPropertyOp45
 70
     1
102
RTVSPropertyOp46
 70
     1
102
RTVSPropertyOp47
 70
     1
102
RTVSPropertyOp48
 70
     1
102
RTVSPropertyOp49
 70
     1
102
RTVSPropertyOp50
 70
     1
102
RTVSPropertyOp51
 70
     0
102
RTVSPropertyOp52
 70
     0
102
RTVSPropertyOp53
 70
     1
102
RTVSPropertyOp54
 70
     1
102
RTVSPropertyOp55
 70
     1
102
RTVSPropertyOp56
 70
     1
102
RTVSPropertyOp57
 70
     1
102
RTVSPost2010Prop28
280
     0
102
RTVSPost2010PropOp28
 70
     1
102
RTVSPost2010Prop29
280
     1
102
RTVSPost2010PropOp29
 70
     1
102
RTVSPost2010Prop30
280
     1
102
RTVSPost2010PropOp30
 70
     1
102
RTVSPost2010Prop31
280
     0
102
RTVSPost2010PropOp31
 70
     1
102
RTVSPost2010Prop32
280
     0
102
RTVSPost2010PropOp32
 70
     1
102
RTVSPost2010Prop33
280
     0
102
RTVSPost2010PropOp33
 70
     1
102
RTVSPost2010Prop34
280
     0
102
RTVSPost2010PropOp34
 70
     1
102
RTVSPost2010Prop35
280
     0
102
RTVSPost2010PropOp35
 70
     1
102
RTVSPost2010Prop36
280
     0
102
RTVSPost2010PropOp36
 70
     1
102
RTVSPost2010Prop37
 90
       50
102
RTVSPost2010PropOp37
 70
     1
102
RTVSPost2010Prop38
140
0.0
102
RTVSPost2010PropOp38
 70
     1
102
RTVSPost2010Prop39
140
1.0
102
RTVSPost2010PropOp39
 70
     1
102
RTVSPost2010Prop40
 90
        0
102
RTVSPost2010PropOp40
 70
     1
102
RTVSPost2010Prop41ColorIndex
 90
       18
102
RTVSPost2010Prop41ColorRGB
 90
        0
102
RTVSPost2010PropOp41
 70
     1
102
RTVSPost2010Prop42
 90
       50
102
RTVSPost2010PropOp42
 70
     1
102
RTVSPost2010Prop43
 90
        3
102
RTVSPost2010PropOp43
 70
     1
102
RTVSPost2010Prop44ColorIndex
 90
        5
102
RTVSPost2010Prop44ColorRGB
 90
      255
102
RTVSPost2010PropOp44
 70
     1
102
RTVSPost2010Prop45
280
     0
102
RTVSPost2010PropOp45
 70
     1
102
RTVSPost2010Prop46
 90
       50
102
RTVSPost2010PropOp46
 70
     1
102
RTVSPost2010Prop47
 90
       50
102
RTVSPost2010PropOp47
 70
     1
102
RTVSPost2010Prop48
 90
       50
102
RTVSPost2010PropOp48
 70
     1
102
RTVSPost2010Prop49
280
     0
102
RTVSPost2010PropOp49
 70
     1
102
RTVSPost2010Prop50
 90
       50
102
RTVSPost2010PropOp50
 70
     1
102
RTVSPost2010Prop51ColorIndex
 90
      256
102
RTVSPost2010Prop51ColorRGB
 90
-16777216
102
RTVSPost2010PropOp51
 70
     0
102
RTVSPost2010Prop52
140
1.0
102
RTVSPost2010PropOp52
 70
     0
102
RTVSPost2010Prop53
 90
        2
102
RTVSPost2010PropOp53
 70
     1
102
RTVSPost2010Prop54
  1
strokes_ogs.tif
102
RTVSPost2010PropOp54
 70
     1
102
RTVSPost2010Prop55
280
     0
102
RTVSPost2010PropOp55
 70
     1
102
RTVSPost2010Prop56
140
1.0
102
RTVSPost2010PropOp56
 70
     1
102
RTVSPost2010Prop57
140
1.0
102
RTVSPost2010PropOp57
 70
     1
  0
XRECORD
  5
34B
102
{ACAD_REACTORS
330
34A
102
}
330
34A
100
AcDbXrecord
280
     1
102
RTVSPropertyOp0
 70
     1
102
RTVSPropertyOp1
 70
     1
102
RTVSPropertyOp2
 70
     1
102
RTVSPropertyOp3
 70
     1
102
RTVSPropertyOp4
 70
     1
102
RTVSPropertyOp5
 70
     1
102
RTVSPropertyOp6
 70
     1
102
RTVSPropertyOp7
 70
     1
102
RTVSPropertyOp8
 70
     1
102
RTVSPropertyOp9
 70
     1
102
RTVSPropertyOp10
 70
     1
102
RTVSPropertyOp11
 70
     1
102
RTVSPropertyOp12
 70
     1
102
RTVSPropertyOp13
 70
     1
102
RTVSPropertyOp14
 70
     1
102
RTVSPropertyOp15
 70
     1
102
RTVSPropertyOp16
 70
     1
102
RTVSPropertyOp17
 70
     1
102
RTVSPropertyOp18
 70
     1
102
RTVSPropertyOp19
 70
     1
102
RTVSPropertyOp20
 70
     1
102
RTVSPropertyOp21
 70
     1
102
RTVSPropertyOp22
 70
     1
102
RTVSPropertyOp23
 70
     1
102
RTVSPropertyOp24
 70
     1
102
RTVSPropertyOp25
 70
     1
102
RTVSPropertyOp26
 70
     1
102
RTVSPropertyOp27
 70
     1
102
RTVSPropertyOp28
 70
     1
102
RTVSPropertyOp29
 70
     1
102
RTVSPropertyOp30
 70
     1
102
RTVSPropertyOp31
 70
     1
102
RTVSPropertyOp32
 70
     1
102
RTVSPropertyOp33
 70
     1
102
RTVSPropertyOp34
 70
     1
102
RTVSPropertyOp35
 70
     1
102
RTVSPropertyOp36
 70
     1
102
RTVSPropertyOp37
 70
     1
102
RTVSPropertyOp38
 70
     1
102
RTVSPropertyOp39
 70
     1
102
RTVSPropertyOp40
 70
     1
102
RTVSPropertyOp41
 70
     1
102
RTVSPropertyOp42
 70
     1
102
RTVSPropertyOp43
 70
     1
102
RTVSPropertyOp44
 70
     1
102
RTVSPropertyOp45
 70
     1
102
RTVSPropertyOp46
 70
     1
102
RTVSPropertyOp47
 70
     1
102
RTVSPropertyOp48
 70
     1
102
RTVSPropertyOp49
 70
     1
102
RTVSPropertyOp50
 70
     1
102
RTVSPropertyOp51
 70
     0
102
RTVSPropertyOp52
 70
     0
102
RTVSPropertyOp53
 70
     1
102
RTVSPropertyOp54
 70
     1
102
RTVSPropertyOp55
 70
     1
102
RTVSPropertyOp56
 70
     1
102
RTVSPropertyOp57
 70
     1
102
RTVSPost2010Prop28
280
     0
102
RTVSPost2010PropOp28
 70
     1
102
RTVSPost2010Prop29
280
     1
102
RTVSPost2010PropOp29
 70
     1
102
RTVSPost2010Prop30
280
     1
102
RTVSPost2010PropOp30
 70
     1
102
RTVSPost2010Prop31
280
     0
102
RTVSPost2010PropOp31
 70
     1
102
RTVSPost2010Prop32
280
     0
102
RTVSPost2010PropOp32
 70
     1
102
RTVSPost2010Prop33
280
     0
102
RTVSPost2010PropOp33
 70
     1
102
RTVSPost2010Prop34
280
     0
102
RTVSPost2010PropOp34
 70
     1
102
RTVSPost2010Prop35
280
     0
102
RTVSPost2010PropOp35
 70
     1
102
RTVSPost2010Prop36
280
     0
102
RTVSPost2010PropOp36
 70
     1
102
RTVSPost2010Prop37
 90
       50
102
RTVSPost2010PropOp37
 70
     1
102
RTVSPost2010Prop38
140
0.0
102
RTVSPost2010PropOp38
 70
     1
102
RTVSPost2010Prop39
140
1.0
102
RTVSPost2010PropOp39
 70
     1
102
RTVSPost2010Prop40
 90
        0
102
RTVSPost2010PropOp40
 70
     1
102
RTVSPost2010Prop41ColorIndex
 90
       18
102
RTVSPost2010Prop41ColorRGB
 90
        0
102
RTVSPost2010PropOp41
 70
     1
102
RTVSPost2010Prop42
 90
       50
102
RTVSPost2010PropOp42
 70
     1
102
RTVSPost2010Prop43
 90
        3
102
RTVSPost2010PropOp43
 70
     1
102
RTVSPost2010Prop44ColorIndex
 90
        5
102
RTVSPost2010Prop44ColorRGB
 90
      255
102
RTVSPost2010PropOp44
 70
     1
102
RTVSPost2010Prop45
280
     0
102
RTVSPost2010PropOp45
 70
     1
102
RTVSPost2010Prop46
 90
       50
102
RTVSPost2010PropOp46
 70
     1
102
RTVSPost2010Prop47
 90
       50
102
RTVSPost2010PropOp47
 70
     1
102
RTVSPost2010Prop48
 90
       50
102
RTVSPost2010PropOp48
 70
     1
102
RTVSPost2010Prop49
280
     0
102
RTVSPost2010PropOp49
 70
     1
102
RTVSPost2010Prop50
 90
       50
102
RTVSPost2010PropOp50
 70
     1
102
RTVSPost2010Prop51ColorIndex
 90
      256
102
RTVSPost2010Prop51ColorRGB
 90
-16777216
102
RTVSPost2010PropOp51
 70
     0
102
RTVSPost2010Prop52
140
1.0
102
RTVSPost2010PropOp52
 70
     0
102
RTVSPost2010Prop53
 90
        2
102
RTVSPost2010PropOp53
 70
     1
102
RTVSPost2010Prop54
  1
strokes_ogs.tif
102
RTVSPost2010PropOp54
 70
     1
102
RTVSPost2010Prop55
280
     0
102
RTVSPost2010PropOp55
 70
     1
102
RTVSPost2010Prop56
140
1.0
102
RTVSPost2010PropOp56
 70
     1
102
RTVSPost2010Prop57
140
1.0
102
RTVSPost2010PropOp57
 70
     1
  0
XRECORD
  5
36B
102
{ACAD_REACTORS
330
36A
102
}
330
36A
100
AcDbXrecord
280
     1
102
RTVSPropertyOp0
 70
     1
102
RTVSPropertyOp1
 70
     1
102
RTVSPropertyOp2
 70
     1
102
RTVSPropertyOp3
 70
     1
102
RTVSPropertyOp4
 70
     1
102
RTVSPropertyOp5
 70
     1
102
RTVSPropertyOp6
 70
     1
102
RTVSPropertyOp7
 70
     1
102
RTVSPropertyOp8
 70
     1
102
RTVSPropertyOp9
 70
     1
102
RTVSPropertyOp10
 70
     1
102
RTVSPropertyOp11
 70
     1
102
RTVSPropertyOp12
 70
     1
102
RTVSPropertyOp13
 70
     1
102
RTVSPropertyOp14
 70
     1
102
RTVSPropertyOp15
 70
     1
102
RTVSPropertyOp16
 70
     1
102
RTVSPropertyOp17
 70
     1
102
RTVSPropertyOp18
 70
     1
102
RTVSPropertyOp19
 70
     1
102
RTVSPropertyOp20
 70
     1
102
RTVSPropertyOp21
 70
     1
102
RTVSPropertyOp22
 70
     1
102
RTVSPropertyOp23
 70
     1
102
RTVSPropertyOp24
 70
     1
102
RTVSPropertyOp25
 70
     1
102
RTVSPropertyOp26
 70
     1
102
RTVSPropertyOp27
 70
     1
102
RTVSPropertyOp28
 70
     1
102
RTVSPropertyOp29
 70
     1
102
RTVSPropertyOp30
 70
     1
102
RTVSPropertyOp31
 70
     1
102
RTVSPropertyOp32
 70
     1
102
RTVSPropertyOp33
 70
     1
102
RTVSPropertyOp34
 70
     1
102
RTVSPropertyOp35
 70
     1
102
RTVSPropertyOp36
 70
     1
102
RTVSPropertyOp37
 70
     1
102
RTVSPropertyOp38
 70
     1
102
RTVSPropertyOp39
 70
     1
102
RTVSPropertyOp40
 70
     1
102
RTVSPropertyOp41
 70
     1
102
RTVSPropertyOp42
 70
     1
102
RTVSPropertyOp43
 70
     1
102
RTVSPropertyOp44
 70
     1
102
RTVSPropertyOp45
 70
     1
102
RTVSPropertyOp46
 70
     1
102
RTVSPropertyOp47
 70
     1
102
RTVSPropertyOp48
 70
     1
102
RTVSPropertyOp49
 70
     1
102
RTVSPropertyOp50
 70
     1
102
RTVSPropertyOp51
 70
     0
102
RTVSPropertyOp52
 70
     0
102
RTVSPropertyOp53
 70
     1
102
RTVSPropertyOp54
 70
     1
102
RTVSPropertyOp55
 70
     1
102
RTVSPropertyOp56
 70
     1
102
RTVSPropertyOp57
 70
     1
102
RTVSPost2010Prop28
280
     0
102
RTVSPost2010PropOp28
 70
     1
102
RTVSPost2010Prop29
280
     1
102
RTVSPost2010PropOp29
 70
     1
102
RTVSPost2010Prop30
280
     1
102
RTVSPost2010PropOp30
 70
     1
102
RTVSPost2010Prop31
280
     0
102
RTVSPost2010PropOp31
 70
     1
102
RTVSPost2010Prop32
280
     0
102
RTVSPost2010PropOp32
 70
     1
102
RTVSPost2010Prop33
280
     0
102
RTVSPost2010PropOp33
 70
     1
102
RTVSPost2010Prop34
280
     0
102
RTVSPost2010PropOp34
 70
     1
102
RTVSPost2010Prop35
280
     0
102
RTVSPost2010PropOp35
 70
     1
102
RTVSPost2010Prop36
280
     0
102
RTVSPost2010PropOp36
 70
     1
102
RTVSPost2010Prop37
 90
       50
102
RTVSPost2010PropOp37
 70
     1
102
RTVSPost2010Prop38
140
0.0
102
RTVSPost2010PropOp38
 70
     1
102
RTVSPost2010Prop39
140
1.0
102
RTVSPost2010PropOp39
 70
     1
102
RTVSPost2010Prop40
 90
        0
102
RTVSPost2010PropOp40
 70
     1
102
RTVSPost2010Prop41ColorIndex
 90
       18
102
RTVSPost2010Prop41ColorRGB
 90
        0
102
RTVSPost2010PropOp41
 70
     1
102
RTVSPost2010Prop42
 90
       50
102
RTVSPost2010PropOp42
 70
     1
102
RTVSPost2010Prop43
 90
        3
102
RTVSPost2010PropOp43
 70
     1
102
RTVSPost2010Prop44ColorIndex
 90
        5
102
RTVSPost2010Prop44ColorRGB
 90
      255
102
RTVSPost2010PropOp44
 70
     1
102
RTVSPost2010Prop45
280
     0
102
RTVSPost2010PropOp45
 70
     1
102
RTVSPost2010Prop46
 90
       50
102
RTVSPost2010PropOp46
 70
     1
102
RTVSPost2010Prop47
 90
       50
102
RTVSPost2010PropOp47
 70
     1
102
RTVSPost2010Prop48
 90
       50
102
RTVSPost2010PropOp48
 70
     1
102
RTVSPost2010Prop49
280
     0
102
RTVSPost2010PropOp49
 70
     1
102
RTVSPost2010Prop50
 90
       50
102
RTVSPost2010PropOp50
 70
     1
102
RTVSPost2010Prop51ColorIndex
 90
      256
102
RTVSPost2010Prop51ColorRGB
 90
-16777216
102
RTVSPost2010PropOp51
 70
     0
102
RTVSPost2010Prop52
140
1.0
102
RTVSPost2010PropOp52
 70
     0
102
RTVSPost2010Prop53
 90
        2
102
RTVSPost2010PropOp53
 70
     1
102
RTVSPost2010Prop54
  1
strokes_ogs.tif
102
RTVSPost2010PropOp54
 70
     1
102
RTVSPost2010Prop55
280
     0
102
RTVSPost2010PropOp55
 70
     1
102
RTVSPost2010Prop56
140
1.0
102
RTVSPost2010PropOp56
 70
     1
102
RTVSPost2010Prop57
140
1.0
102
RTVSPost2010PropOp57
 70
     1
  0
ENDSEC
  0
EOF
